v 0.0619 1.5474000000 -0.0132
v 0.0660 1.5465000000 -0.0121
v 0.0666 1.5480000000 -0.0120
v 0.0623 1.5488000000 -0.0130
v 0.0740 1.5486000000 -0.0230
v 0.0740 1.5521000000 -0.0191
v 0.0735 1.5550000000 -0.0189
v 0.0733 1.5548000000 -0.0219
v 0.0284 1.5086000000 -0.0799
v 0.0132 1.5080000000 -0.0847
v 0.0136 1.4990000000 -0.0825
v 0.0282 1.4969000000 -0.0775
v 0.0484 1.4756000000 -0.0564
v 0.0431 1.4823000000 -0.0626
v 0.0415 1.4730000000 -0.0661
v 0.0512 1.4688000000 -0.0541
v 0.0388 1.6105000000 0.0736
v 0.0464 1.6087000000 0.0683
v 0.0449 1.6028000000 0.0719
v -0.0618 1.5473000000 -0.0136
v -0.0659 1.5463000000 -0.0126
v -0.0665 1.5478000000 -0.0123
v -0.0622 1.5487000000 -0.0133
v -0.0739 1.5485000000 -0.0235
v -0.0739 1.5520000000 -0.0197
v -0.0736 1.5549000000 -0.0194
v -0.0733 1.5547000000 -0.0224
v 0.0377 1.6039000000 0.0760
v 0.0932 1.5708000000 -0.0346
v 0.0931 1.5680000000 -0.0358
v 0.0933 1.5664000000 -0.0339
v 0.0933 1.5689000000 -0.0329
v 0.0890 1.5519000000 -0.0329
v 0.0890 1.5595000000 -0.0345
v 0.0903 1.5622000000 -0.0353
v 0.0905 1.5600000000 -0.0344
v 0.0889 1.5412000000 -0.0295
v 0.0879 1.5419000000 -0.0291
v 0.0895 1.5465000000 -0.0310
v 0.0905 1.5462000000 -0.0318
v 0.0761 1.5211000000 -0.0050
v 0.0785 1.5235000000 -0.0072
v 0.0791 1.5209000000 -0.0084
v 0.0746 1.5196000000 -0.0069
v 0.0716 1.5211000000 -0.0078
v 0.0757 1.5203000000 -0.0122
v 0.0750 1.5235000000 -0.0133
v 0.0717 1.5236000000 -0.0097
v 0.0882 1.5812000000 -0.0197
v 0.0885 1.5778000000 -0.0191
v 0.0867 1.5770000000 -0.0167
v 0.0864 1.5804000000 -0.0168
v 0.0740 1.5470000000 -0.0293
v 0.0728 1.5404000000 -0.0271
v 0.0788 1.5452000000 -0.0303
v 0.0791 1.5481000000 -0.0307
v 0.0864 1.5703000000 -0.0272
v 0.0873 1.5711000000 -0.0307
v 0.0877 1.5689000000 -0.0319
v 0.0866 1.5673000000 -0.0292
v 0.0895 1.5726000000 -0.0357
v 0.0895 1.5694000000 -0.0371
v 0.0739 1.5308000000 -0.0033
v 0.0727 1.5346000000 -0.0026
v 0.0730 1.5363000000 -0.0041
v 0.0734 1.5351000000 -0.0055
v 0.0729 1.5484000000 -0.0194
v 0.0745 1.5528000000 -0.0175
v 0.0854 1.5306000000 -0.0240
v 0.0852 1.5326000000 -0.0231
v 0.0871 1.5367000000 -0.0267
v 0.0873 1.5353000000 -0.0279
v 0.0820 1.5354000000 -0.0213
v 0.0841 1.5379000000 -0.0250
v 0.0851 1.5385000000 -0.0268
v 0.0842 1.5364000000 -0.0246
v 0.0893 1.5736000000 -0.0267
v 0.0874 1.5759000000 -0.0219
v 0.0883 1.5755000000 -0.0217
v 0.0903 1.5731000000 -0.0266
v 0.0810 1.5603000000 -0.0304
v 0.0798 1.5654000000 -0.0284
v 0.0788 1.5647000000 -0.0283
v 0.0800 1.5603000000 -0.0301
v 0.0896 1.5701000000 -0.0336
v 0.0899 1.5674000000 -0.0347
v 0.0881 1.5662000000 -0.0332
v 0.0762 1.5680000000 -0.0154
v 0.0770 1.5689000000 -0.0168
v 0.0773 1.5672000000 -0.0173
v 0.0769 1.5659000000 -0.0163
v 0.0784 1.5199000000 -0.0121
v 0.0710 1.5315000000 -0.0207
v 0.0728 1.5320000000 -0.0224
v 0.0755 1.5361000000 -0.0255
v 0.0741 1.5373000000 -0.0257
v 0.0720 1.5230000000 -0.0029
v 0.0749 1.5232000000 -0.0027
v 0.0756 1.5218000000 -0.0039
v 0.0726 1.5212000000 -0.0045
v 0.0794 1.5724000000 -0.0170
v 0.0817 1.5718000000 -0.0193
v 0.0797 1.5708000000 -0.0185
v 0.0782 1.5711000000 -0.0167
v 0.0877 1.5576000000 -0.0328
v 0.0868 1.5644000000 -0.0309
v 0.0872 1.5483000000 -0.0272
v 0.0871 1.5484000000 -0.0302
v 0.0864 1.5443000000 -0.0287
v -0.0282 1.5088000000 -0.0791
v -0.0131 1.5081000000 -0.0844
v -0.0134 1.4992000000 -0.0821
v -0.0283 1.4971000000 -0.0770
v 0.0866 1.5443000000 -0.0259
v 0.0870 1.5565000000 -0.0272
v 0.0872 1.5565000000 -0.0307
v 0.0909 1.5657000000 -0.0326
v 0.0909 1.5594000000 -0.0330
v 0.0905 1.5663000000 -0.0335
v 0.0776 1.5688000000 -0.0260
v 0.0777 1.5718000000 -0.0298
v 0.0769 1.5648000000 -0.0315
v 0.0778 1.5661000000 -0.0274
v 0.0734 1.5404000000 -0.0046
v 0.0747 1.5426000000 -0.0060
v 0.0735 1.5402000000 -0.0075
v 0.0729 1.5380000000 -0.0070
v 0.0762 1.5341000000 -0.0241
v 0.0737 1.5309000000 -0.0214
v 0.0743 1.5305000000 -0.0206
v 0.0768 1.5324000000 -0.0225
v 0.0842 1.5730000000 -0.0215
v 0.0842 1.5677000000 -0.0224
v 0.0826 1.5677000000 -0.0209
v 0.0788 1.5369000000 -0.0127
v 0.0793 1.5383000000 -0.0147
v 0.0805 1.5351000000 -0.0165
v 0.0800 1.5329000000 -0.0147
v 0.0820 1.5240000000 -0.0179
v 0.0797 1.5235000000 -0.0186
v 0.0778 1.5215000000 -0.0151
v 0.0802 1.5214000000 -0.0149
v 0.0731 1.5368000000 -0.0061
v 0.0731 1.5378000000 -0.0044
v 0.0828 1.5607000000 -0.0324
v 0.0820 1.5668000000 -0.0301
v 0.0859 1.5657000000 -0.0269
v 0.0862 1.5632000000 -0.0283
v 0.0756 1.5532000000 -0.0105
v 0.0731 1.5537000000 -0.0117
v 0.0730 1.5529000000 -0.0117
v 0.0762 1.5515000000 -0.0103
v 0.0762 1.5531000000 -0.0091
v 0.0767 1.5514000000 -0.0090
v 0.0764 1.5513000000 -0.0078
v 0.0760 1.5522000000 -0.0076
v 0.0721 1.5540000000 -0.0123
v 0.0725 1.5537000000 -0.0119
v 0.0728 1.5542000000 -0.0123
v 0.0764 1.5569000000 -0.0249
v 0.0775 1.5489000000 -0.0267
v 0.0755 1.5486000000 -0.0256
v 0.0744 1.5557000000 -0.0238
v 0.0878 1.5495000000 -0.0319
v 0.0832 1.5767000000 -0.0125
v 0.0816 1.5789000000 -0.0125
v 0.0843 1.5823000000 -0.0169
v 0.0734 1.5394000000 -0.0169
v 0.0765 1.5405000000 -0.0140
v 0.0751 1.5402000000 -0.0123
v 0.0732 1.5392000000 -0.0151
v 0.0729 1.5444000000 -0.0103
v 0.0709 1.5410000000 -0.0095
v 0.0751 1.5428000000 -0.0088
v 0.0759 1.5592000000 -0.0090
v 0.0743 1.5553000000 -0.0117
v 0.0753 1.5542000000 -0.0102
v 0.0758 1.5546000000 -0.0089
v 0.0889 1.5405000000 -0.0309
v 0.0903 1.5458000000 -0.0333
v 0.0887 1.5456000000 -0.0349
v 0.0874 1.5399000000 -0.0324
v 0.0725 1.5269000000 -0.0014
v 0.0699 1.5241000000 -0.0043
v 0.0717 1.5304000000 -0.0007
v 0.0924 1.5778000000 -0.0290
v 0.0889 1.5800000000 -0.0294
v 0.0893 1.5778000000 -0.0319
v 0.0929 1.5757000000 -0.0313
v 0.0726 1.5605000000 -0.0180
v 0.0727 1.5584000000 -0.0175
v 0.0730 1.5599000000 -0.0161
v 0.0728 1.5619000000 -0.0163
v 0.0537 1.5226000000 -0.0619
v 0.0632 1.5235000000 -0.0425
v 0.0662 1.5366000000 -0.0508
v 0.0590 1.5349000000 -0.0670
v 0.0827 1.5270000000 -0.0173
v 0.0821 1.5247000000 -0.0145
v 0.0771 1.5671000000 -0.0079
v 0.0766 1.5691000000 -0.0065
v 0.0775 1.5746000000 -0.0082
v 0.0782 1.5713000000 -0.0083
v 0.0901 1.5612000000 -0.0383
v 0.0929 1.5605000000 -0.0366
v 0.0788 1.5730000000 -0.0153
v 0.0824 1.5764000000 -0.0185
v 0.0803 1.5739000000 -0.0175
v 0.0785 1.5725000000 -0.0156
v 0.0783 1.5645000000 -0.0132
v 0.0790 1.5658000000 -0.0129
v 0.0771 1.5667000000 -0.0131
v 0.0761 1.5653000000 -0.0133
v 0.0763 1.5741000000 -0.0054
v 0.0775 1.5789000000 -0.0089
v 0.0692 1.5312000000 -0.0200
v 0.0786 1.5659000000 -0.0105
v 0.0795 1.5686000000 -0.0101
v 0.0799 1.5675000000 -0.0126
v -0.0491 1.4754000000 -0.0558
v -0.0437 1.4822000000 -0.0621
v -0.0423 1.4728000000 -0.0655
v -0.0515 1.4686000000 -0.0534
v 0.0721 1.5357000000 -0.0004
v 0.0726 1.5374000000 -0.0027
v 0.0778 1.5715000000 -0.0155
v 0.0771 1.5703000000 -0.0154
v 0.0756 1.5664000000 -0.0146
v 0.0761 1.5644000000 -0.0161
v 0.0826 1.5577000000 -0.0237
v 0.0844 1.5491000000 -0.0252
v 0.0692 1.5381000000 -0.0359
v 0.0660 1.5243000000 -0.0206
v 0.0759 1.5671000000 -0.0134
v 0.0759 1.5674000000 -0.0136
v 0.0752 1.5665000000 -0.0139
v 0.0751 1.5659000000 -0.0136
v 0.0813 1.5228000000 -0.0119
v 0.0812 1.5642000000 -0.0211
v 0.0781 1.5623000000 -0.0190
v 0.0788 1.5645000000 -0.0183
v 0.0907 1.5511000000 -0.0320
v 0.0919 1.5593000000 -0.0329
v 0.0933 1.5597000000 -0.0344
v 0.0919 1.5510000000 -0.0333
v 0.0702 1.5225000000 -0.0060
v 0.0727 1.5576000000 -0.0184
v 0.0740 1.5559000000 -0.0176
v 0.0736 1.5630000000 -0.0167
v 0.0740 1.5648000000 -0.0146
v 0.0729 1.5406000000 -0.0024
v 0.0887 1.5742000000 -0.0307
v 0.0892 1.5723000000 -0.0322
v 0.0872 1.5728000000 -0.0293
v 0.0868 1.5741000000 -0.0276
v 0.0861 1.5759000000 -0.0245
v 0.0862 1.5773000000 -0.0240
v 0.0879 1.5759000000 -0.0286
v 0.0769 1.5633000000 -0.0175
v 0.0779 1.5650000000 -0.0171
v 0.0784 1.5355000000 -0.0112
v 0.0793 1.5293000000 -0.0119
v 0.0853 1.5409000000 -0.0263
v 0.0852 1.5416000000 -0.0235
v 0.0858 1.5515000000 -0.0359
v 0.0857 1.5608000000 -0.0366
v 0.0842 1.5606000000 -0.0343
v 0.0847 1.5517000000 -0.0344
v 0.0790 1.5540000000 -0.0309
v 0.0756 1.5548000000 -0.0305
v 0.0756 1.5533000000 -0.0071
v 0.0750 1.5573000000 -0.0052
v 0.0732 1.5625000000 -0.0166
v 0.0736 1.5641000000 -0.0147
v 0.0803 1.5367000000 -0.0267
v 0.0765 1.5295000000 -0.0189
v 0.0804 1.5346000000 -0.0248
v 0.0726 1.5288000000 -0.0166
v 0.0724 1.5278000000 -0.0142
v 0.0749 1.5278000000 -0.0160
v 0.0822 1.5374000000 -0.0204
v 0.0839 1.5386000000 -0.0233
v 0.0717 1.5537000000 -0.0129
v 0.0702 1.5521000000 -0.0142
v 0.0707 1.5534000000 -0.0123
v 0.0857 1.5569000000 -0.0251
v 0.0865 1.5488000000 -0.0256
v 0.0787 1.5680000000 -0.0132
v 0.0768 1.5579000000 -0.0136
v 0.0778 1.5614000000 -0.0117
v 0.0820 1.5715000000 -0.0127
v 0.0803 1.5698000000 -0.0135
v 0.0797 1.5689000000 -0.0133
v 0.0808 1.5694000000 -0.0124
v 0.0649 1.5439000000 -0.0128
v 0.0682 1.5422000000 -0.0112
v 0.0698 1.5454000000 -0.0110
v 0.0852 1.5770000000 -0.0223
v 0.0855 1.5749000000 -0.0235
v 0.0833 1.5675000000 -0.0320
v 0.0778 1.5691000000 -0.0178
v 0.0782 1.5676000000 -0.0188
v 0.0797 1.5804000000 -0.0242
v 0.0791 1.5787000000 -0.0208
v 0.0791 1.5791000000 -0.0196
v 0.0799 1.5831000000 -0.0197
v 0.0720 1.5251000000 -0.0109
v 0.0745 1.5254000000 -0.0137
v 0.0742 1.5266000000 -0.0142
v 0.0722 1.5265000000 -0.0122
v 0.0745 1.5399000000 -0.0116
v 0.0731 1.5390000000 -0.0140
v 0.0865 1.5420000000 -0.0291
v 0.0858 1.5413000000 -0.0281
v 0.0870 1.5452000000 -0.0303
v 0.0880 1.5464000000 -0.0312
v 0.0735 1.5611000000 -0.0205
v 0.0729 1.5601000000 -0.0202
v 0.0794 1.5730000000 -0.0222
v 0.0816 1.5753000000 -0.0236
v 0.0805 1.5782000000 -0.0200
v 0.0789 1.5761000000 -0.0198
v 0.0848 1.5683000000 -0.0343
v 0.0782 1.5661000000 -0.0184
v 0.0789 1.5663000000 -0.0196
v 0.0778 1.5666000000 -0.0179
v 0.0754 1.5643000000 -0.0135
v 0.0776 1.5632000000 -0.0137
v 0.0813 1.5717000000 -0.0143
v 0.0851 1.5752000000 -0.0175
v 0.0841 1.5752000000 -0.0178
v 0.0808 1.5724000000 -0.0146
v 0.0764 1.5690000000 -0.0143
v 0.0152 1.5173000000 -0.0915
v 0.0172 1.5266000000 -0.0982
v -0.0389 1.6102000000 0.0735
v -0.0464 1.6084000000 0.0682
v -0.0449 1.6024000000 0.0718
v -0.0377 1.6036000000 0.0760
v 0.0796 1.5789000000 -0.0123
v 0.0803 1.5805000000 -0.0163
v 0.0814 1.5814000000 -0.0167
v 0.0801 1.5797000000 -0.0133
v 0.0866 1.5728000000 -0.0271
v 0.0904 1.5689000000 -0.0325
v 0.0753 1.5545000000 -0.0159
v 0.0721 1.5514000000 -0.0158
v 0.0621 1.5501000000 -0.0144
v 0.0625 1.5514000000 -0.0143
v 0.0630 1.5509000000 -0.0156
v 0.0626 1.5496000000 -0.0159
v 0.0654 1.5448000000 -0.0164
v 0.0683 1.5438000000 -0.0150
v 0.0676 1.5419000000 -0.0135
v 0.0648 1.5426000000 -0.0157
v 0.0615 1.5469000000 -0.0148
v 0.0618 1.5486000000 -0.0145
v 0.0624 1.5479000000 -0.0161
v 0.0622 1.5460000000 -0.0167
v 0.0845 1.5770000000 -0.0201
v 0.0865 1.5769000000 -0.0219
v 0.0917 1.5679000000 -0.0314
v 0.0918 1.5656000000 -0.0324
v 0.0898 1.5730000000 -0.0295
v 0.0902 1.5712000000 -0.0311
v 0.0751 1.5453000000 -0.0060
v 0.0761 1.5454000000 -0.0078
v 0.0757 1.5438000000 -0.0078
v 0.0930 1.5711000000 -0.0315
v 0.0931 1.5732000000 -0.0331
v 0.0748 1.5272000000 -0.0028
v 0.0740 1.5256000000 -0.0019
v 0.0488 1.4538000000 0.0158
v 0.0579 1.4606000000 0.0021
v 0.0567 1.4509000000 0.0026
v 0.0474 1.4443000000 0.0154
v 0.0818 1.5742000000 -0.0112
v 0.0805 1.5768000000 -0.0109
v 0.0616 1.5453000000 -0.0139
v 0.0615 1.5444000000 -0.0153
v 0.0643 1.5429000000 -0.0142
v 0.0670 1.5495000000 -0.0121
v 0.0627 1.5502000000 -0.0129
v 0.0657 1.5466000000 -0.0164
v 0.0666 1.5518000000 -0.0150
v 0.0670 1.5530000000 -0.0135
v 0.0701 1.5386000000 -0.0106
v 0.0717 1.5381000000 -0.0127
v 0.0733 1.5381000000 -0.0094
v 0.0622 1.5440000000 -0.0167
v 0.0736 1.5622000000 -0.0184
v 0.0688 1.5475000000 -0.0159
v 0.0716 1.5449000000 -0.0177
v 0.0713 1.5427000000 -0.0167
v 0.0685 1.5455000000 -0.0158
v 0.0808 1.5345000000 -0.0183
v 0.0810 1.5364000000 -0.0183
v 0.0738 1.5401000000 -0.0192
v 0.0775 1.5405000000 -0.0171
v 0.0747 1.5575000000 -0.0165
v 0.0763 1.5607000000 -0.0148
v 0.0722 1.5539000000 -0.0130
v 0.0694 1.5497000000 -0.0153
v 0.0717 1.5475000000 -0.0174
v 0.0672 1.5509000000 -0.0123
v 0.0711 1.5509000000 -0.0115
v 0.0708 1.5520000000 -0.0118
v 0.0672 1.5519000000 -0.0126
v 0.0808 1.5676000000 -0.0200
v 0.0793 1.5746000000 -0.0094
v 0.0806 1.5715000000 -0.0104
v 0.0806 1.5840000000 -0.0365
v 0.0786 1.5756000000 -0.0415
v 0.0791 1.5772000000 -0.0281
v 0.0658 1.5485000000 -0.0162
v 0.0631 1.5523000000 -0.0142
v 0.0636 1.5518000000 -0.0132
v 0.0862 1.5379000000 -0.0265
v 0.0742 1.5377000000 -0.0091
v 0.0741 1.5624000000 -0.0143
v 0.0854 1.5461000000 -0.0342
v 0.0844 1.5407000000 -0.0319
v 0.0735 1.5636000000 -0.0147
v 0.0742 1.5648000000 -0.0141
v 0.0725 1.5384000000 -0.0135
v 0.0741 1.5390000000 -0.0106
v 0.0745 1.5652000000 -0.0139
v 0.0757 1.5448000000 -0.0091
v 0.0858 1.5673000000 -0.0256
v 0.0779 1.5261000000 -0.0191
v 0.0764 1.5246000000 -0.0159
v 0.0632 1.5512000000 -0.0129
v 0.0669 1.5421000000 -0.0128
v 0.0663 1.5502000000 -0.0157
v 0.0739 1.5487000000 -0.0108
v 0.0735 1.5465000000 -0.0104
v 0.0761 1.5471000000 -0.0092
v 0.0786 1.5409000000 -0.0190
v 0.0744 1.5419000000 -0.0217
v 0.0755 1.5428000000 -0.0240
v 0.0803 1.5417000000 -0.0209
v 0.0831 1.5357000000 -0.0292
v 0.0816 1.5313000000 -0.0256
v 0.0840 1.5297000000 -0.0253
v 0.0859 1.5344000000 -0.0292
v 0.0803 1.5988000000 -0.0452
v 0.0817 1.5901000000 -0.0297
v 0.0819 1.6060000000 -0.0339
v 0.0842 1.5768000000 -0.0291
v 0.0844 1.5743000000 -0.0309
v 0.0894 1.5753000000 -0.0340
v 0.0789 1.5817000000 -0.0141
v 0.0792 1.5791000000 -0.0179
v 0.0796 1.5801000000 -0.0159
v 0.0894 1.5512000000 -0.0368
v 0.0764 1.5632000000 -0.0082
v 0.0781 1.5636000000 -0.0108
v 0.0793 1.5379000000 -0.0277
v 0.0811 1.5398000000 -0.0186
v 0.0832 1.5403000000 -0.0209
v 0.0901 1.5777000000 -0.0220
v 0.0868 1.5759000000 -0.0194
v 0.0114 1.4403000000 0.0452
v 0.0108 1.4338000000 0.0407
v 0.0083 1.5560000000 0.0946
v 0.0097 1.5558000000 0.0931
v 0.0084 1.5577000000 0.0920
v 0.0078 1.5577000000 0.0928
v 0.0086 1.5468000000 0.0934
v 0.0080 1.5483000000 0.0922
v 0.0090 1.5480000000 0.0913
v 0.0099 1.5467000000 0.0925
v 0.0054 1.5574000000 0.0920
v 0.0039 1.5548000000 0.0946
v 0.0055 1.5557000000 0.0961
v 0.0065 1.5579000000 0.0927
v 0.0900 1.5809000000 -0.0229
v 0.0120 1.5465000000 0.0931
v 0.0110 1.5483000000 0.0919
v 0.0117 1.5488000000 0.0937
v 0.0133 1.5473000000 0.0949
v 0.0048 1.5475000000 0.1014
v 0.0058 1.5497000000 0.1015
v 0.0047 1.5488000000 0.0991
v 0.0047 1.5468000000 0.0988
v 0.0075 1.5501000000 0.1008
v 0.0094 1.5497000000 0.1026
v 0.0111 1.5496000000 0.1009
v 0.0090 1.5500000000 0.0993
v 0.0044 1.5511000000 0.0941
v 0.0057 1.5492000000 0.0956
v 0.0036 1.5513000000 0.0977
v 0.0120 1.5511000000 0.0918
v 0.0106 1.5501000000 0.0904
v 0.0095 1.5539000000 0.0897
v 0.0108 1.5547000000 0.0906
v 0.0530 1.4703000000 0.0165
v 0.0599 1.4739000000 0.0006
v 0.0347 1.5672000000 0.0731
v 0.0341 1.5645000000 0.0744
v 0.0299 1.5658000000 0.0750
v 0.0307 1.5682000000 0.0739
v 0.0768 1.5494000000 -0.0085
v 0.0763 1.5503000000 -0.0073
v 0.0843 1.5714000000 -0.0327
v 0.0890 1.5746000000 -0.0273
v 0.0841 1.5787000000 -0.0268
v 0.0830 1.5808000000 -0.0219
v 0.0815 1.5794000000 -0.0209
v 0.0826 1.5769000000 -0.0250
v 0.0922 1.5748000000 -0.0277
v 0.0756 1.5362000000 -0.0088
v 0.0835 1.5634000000 -0.0229
v 0.0822 1.5814000000 -0.0193
v 0.0856 1.5829000000 -0.0200
v 0.0897 1.5513000000 -0.0320
v 0.0926 1.5732000000 -0.0297
v 0.0908 1.5717000000 -0.0285
v 0.0834 1.5737000000 -0.0135
v 0.0770 1.5455000000 -0.0263
v 0.0837 1.5455000000 -0.0241
v 0.0822 1.5429000000 -0.0225
v -0.0932 1.5705000000 -0.0352
v -0.0931 1.5677000000 -0.0364
v -0.0933 1.5662000000 -0.0345
v -0.0933 1.5686000000 -0.0335
v -0.0890 1.5518000000 -0.0333
v -0.0891 1.5594000000 -0.0349
v -0.0904 1.5621000000 -0.0358
v -0.0905 1.5598000000 -0.0349
v 0.0765 1.5436000000 -0.0252
v 0.0726 1.5590000000 -0.0196
v 0.0730 1.5414000000 0.0002
v 0.0808 1.5298000000 -0.0155
v -0.0888 1.5410000000 -0.0299
v -0.0878 1.5417000000 -0.0295
v -0.0894 1.5463000000 -0.0313
v -0.0905 1.5460000000 -0.0321
v 0.0816 1.5310000000 -0.0180
v 0.0321 1.5187000000 -0.0853
v 0.0361 1.5285000000 -0.0912
v 0.0915 1.5511000000 -0.0353
v 0.0845 1.5766000000 -0.0211
v 0.0774 1.5357000000 -0.0101
v 0.0773 1.5296000000 -0.0090
v 0.0757 1.5303000000 -0.0070
v 0.0786 1.5668000000 -0.0192
v 0.0786 1.5391000000 -0.0279
v 0.0786 1.5415000000 -0.0290
v 0.0633 1.5517000000 -0.0152
v 0.0808 1.5330000000 -0.0250
v 0.0773 1.5278000000 -0.0190
v 0.0628 1.4781000000 -0.0153
v 0.0601 1.4816000000 -0.0324
v -0.0757 1.5208000000 -0.0053
v -0.0780 1.5233000000 -0.0075
v -0.0786 1.5207000000 -0.0088
v -0.0741 1.5194000000 -0.0072
v 0.0607 1.4711000000 -0.0298
v 0.0620 1.4663000000 -0.0136
v 0.0743 1.5556000000 -0.0013
v 0.0745 1.5482000000 -0.0040
v 0.0740 1.5471000000 -0.0019
v 0.0270 1.4497000000 0.0400
v 0.0232 1.4385000000 0.0355
v 0.0740 1.5421000000 0.0045
v 0.0745 1.5420000000 0.0156
v 0.0750 1.5581000000 0.0151
v 0.0745 1.5522000000 0.0048
v 0.0605 1.5917000000 0.0499
v 0.0626 1.5920000000 0.0454
v 0.0633 1.5823000000 0.0458
v 0.0608 1.5838000000 0.0494
v 0.0201 1.6503000000 0.0645
v 0.0096 1.6510000000 0.0665
v 0.0098 1.6586000000 0.0607
v 0.0206 1.6577000000 0.0580
v 0.0378 1.5369000000 -0.0947
v 0.0392 1.5474000000 -0.0985
v 0.0192 1.5441000000 -0.1060
v 0.0182 1.5341000000 -0.1019
v 0.0209 1.6750000000 0.0359
v 0.0101 1.6768000000 0.0386
v 0.0102 1.6815000000 0.0283
v -0.0711 1.5209000000 -0.0081
v -0.0752 1.5202000000 -0.0124
v -0.0745 1.5234000000 -0.0134
v -0.0713 1.5234000000 -0.0100
v 0.0211 1.6793000000 0.0259
v 0.0541 1.5639000000 0.0641
v 0.0563 1.5574000000 0.0643
v 0.0523 1.5573000000 0.0680
v 0.0506 1.5637000000 0.0671
v 0.0776 1.5249000000 -0.0058
v 0.0764 1.5259000000 -0.0046
v -0.0884 1.5810000000 -0.0202
v -0.0887 1.5776000000 -0.0197
v -0.0869 1.5769000000 -0.0172
v -0.0866 1.5803000000 -0.0173
v -0.0738 1.5467000000 -0.0294
v -0.0726 1.5403000000 -0.0272
v -0.0786 1.5449000000 -0.0305
v -0.0789 1.5478000000 -0.0310
v 0.0103 1.6852000000 0.0163
v 0.0214 1.6827000000 0.0143
v 0.0123 1.5750000000 0.0800
v -0.0864 1.5702000000 -0.0276
v -0.0873 1.5710000000 -0.0312
v -0.0877 1.5688000000 -0.0324
v -0.0866 1.5672000000 -0.0297
v -0.0895 1.5723000000 -0.0363
v -0.0896 1.5692000000 -0.0377
v -0.0736 1.5305000000 -0.0035
v -0.0725 1.5344000000 -0.0027
v -0.0728 1.5361000000 -0.0042
v -0.0733 1.5348000000 -0.0056
v -0.0729 1.5483000000 -0.0199
v -0.0745 1.5526000000 -0.0181
v -0.0852 1.5304000000 -0.0243
v -0.0850 1.5324000000 -0.0235
v -0.0870 1.5365000000 -0.0271
v -0.0871 1.5351000000 -0.0282
v 0.0127 1.5768000000 0.0772
v 0.0165 1.5735000000 0.0760
v 0.0160 1.5716000000 0.0783
v 0.0073 1.6240000000 0.0787
v 0.0082 1.6315000000 0.0757
v 0.0172 1.6314000000 0.0742
v 0.0157 1.6240000000 0.0777
v 0.0209 1.5709000000 0.0750
v 0.0201 1.5690000000 0.0766
v 0.0100 1.6656000000 0.0541
v 0.0208 1.6643000000 0.0514
v 0.0206 1.6865000000 -0.0370
v -0.0820 1.5351000000 -0.0217
v -0.0841 1.5377000000 -0.0254
v -0.0851 1.5383000000 -0.0272
v -0.0841 1.5361000000 -0.0250
v 0.0210 1.6868000000 -0.0284
v 0.0098 1.6895000000 -0.0289
v -0.0894 1.5734000000 -0.0272
v -0.0876 1.5757000000 -0.0224
v -0.0885 1.5753000000 -0.0222
v -0.0904 1.5728000000 -0.0271
v 0.0108 1.6885000000 -0.0416
v 0.0709 1.5543000000 -0.0582
v 0.0738 1.5544000000 -0.0424
v 0.0764 1.5663000000 -0.0438
v 0.0741 1.5712000000 -0.0608
v 0.0394 1.4576000000 0.0303
v 0.0362 1.4454000000 0.0269
v -0.0808 1.5601000000 -0.0307
v -0.0796 1.5652000000 -0.0288
v -0.0786 1.5644000000 -0.0286
v -0.0798 1.5599000000 -0.0303
v -0.0897 1.5699000000 -0.0342
v -0.0899 1.5672000000 -0.0352
v -0.0881 1.5660000000 -0.0337
v -0.0763 1.5679000000 -0.0159
v -0.0771 1.5687000000 -0.0172
v -0.0774 1.5671000000 -0.0177
v -0.0770 1.5659000000 -0.0166
v -0.0779 1.5199000000 -0.0124
v -0.0709 1.5314000000 -0.0208
v -0.0727 1.5319000000 -0.0225
v -0.0753 1.5360000000 -0.0256
v -0.0740 1.5371000000 -0.0259
v 0.0533 1.6140000000 0.0562
v 0.0554 1.6191000000 0.0514
v 0.0588 1.6117000000 0.0482
v 0.0567 1.6076000000 0.0534
v 0.0057 1.6119000000 0.0828
v 0.0131 1.6118000000 0.0824
v 0.0112 1.6057000000 0.0831
v 0.0050 1.6056000000 0.0836
v -0.0716 1.5227000000 -0.0030
v -0.0745 1.5229000000 -0.0030
v -0.0752 1.5216000000 -0.0042
v -0.0722 1.5210000000 -0.0048
v 0.0608 1.5764000000 0.0503
v 0.0638 1.5732000000 0.0477
v 0.0629 1.5653000000 0.0529
v 0.0597 1.5696000000 0.0545
v 0.0568 1.5650000000 0.0609
v -0.0795 1.5722000000 -0.0174
v -0.0819 1.5717000000 -0.0197
v -0.0799 1.5706000000 -0.0189
v -0.0783 1.5709000000 -0.0171
v 0.0593 1.5589000000 0.0606
v -0.0878 1.5574000000 -0.0332
v -0.0869 1.5643000000 -0.0313
v 0.0188 1.6407000000 0.0703
v 0.0090 1.6412000000 0.0721
v 0.0612 1.6023000000 0.0460
v 0.0591 1.5998000000 0.0512
v 0.0094 1.5783000000 0.0824
v 0.0101 1.5795000000 0.0788
v 0.0075 1.5843000000 0.0811
v -0.0873 1.5481000000 -0.0275
v -0.0872 1.5482000000 -0.0306
v -0.0865 1.5441000000 -0.0291
v -0.0867 1.5441000000 -0.0262
v 0.0039 1.5842000000 0.0870
v 0.0037 1.5881000000 0.0852
v 0.0069 1.5878000000 0.0815
v 0.0338 1.6232000000 0.0710
v 0.0355 1.6300000000 0.0670
v 0.0431 1.6282000000 0.0617
v 0.0415 1.6218000000 0.0659
v 0.0209 1.6700000000 0.0442
v -0.0871 1.5564000000 -0.0275
v -0.0873 1.5563000000 -0.0311
v 0.0100 1.6715000000 0.0470
v 0.0041 1.5975000000 0.0835
v 0.0082 1.5975000000 0.0819
v 0.0073 1.5939000000 0.0812
v -0.0909 1.5655000000 -0.0331
v -0.0910 1.5592000000 -0.0334
v -0.0905 1.5661000000 -0.0340
v -0.0774 1.5685000000 -0.0262
v -0.0776 1.5714000000 -0.0300
v -0.0768 1.5645000000 -0.0317
v -0.0777 1.5659000000 -0.0276
v 0.0040 1.5942000000 0.0835
v 0.0250 1.5672000000 0.0758
v 0.0258 1.5692000000 0.0746
v 0.0696 1.5249000000 -0.0093
v 0.0707 1.5242000000 -0.0089
v 0.0751 1.5739000000 0.0013
v 0.0745 1.5630000000 0.0036
v 0.0749 1.5716000000 0.0136
v 0.0739 1.5846000000 0.0106
v 0.0761 1.5960000000 0.0068
v 0.0783 1.6050000000 0.0008
v 0.0787 1.5889000000 -0.0060
v 0.0767 1.5828000000 -0.0014
v 0.0555 1.4744000000 -0.0442
v 0.0528 1.4833000000 -0.0481
v 0.0039 1.5813000000 0.0899
v 0.0038 1.5786000000 0.0925
v 0.0209 1.5863000000 -0.1180
v -0.0733 1.5402000000 -0.0049
v -0.0745 1.5424000000 -0.0064
v -0.0734 1.5401000000 -0.0078
v -0.0727 1.5378000000 -0.0072
v 0.0207 1.5722000000 -0.1153
v 0.0409 1.5773000000 -0.1069
v 0.0408 1.5903000000 -0.1087
v 0.0680 1.5439000000 -0.0545
v -0.0760 1.5340000000 -0.0242
v -0.0734 1.5307000000 -0.0216
v -0.0740 1.5303000000 -0.0208
v -0.0766 1.5322000000 -0.0227
v 0.0716 1.5456000000 -0.0397
v 0.0105 1.5526000000 0.0951
v 0.0073 1.5571000000 0.0901
v 0.0075 1.5536000000 0.0897
v 0.0072 1.5562000000 0.0899
v 0.0105 1.5496000000 0.0971
v 0.0128 1.5489000000 0.0985
v 0.0083 1.5498000000 0.0900
v 0.0074 1.5500000000 0.0906
v 0.0067 1.5539000000 0.0900
v 0.0084 1.5575000000 0.0908
v 0.0020 1.5458000000 0.1038
v 0.0025 1.5474000000 0.1067
v 0.0063 1.5486000000 0.1055
v 0.0049 1.5472000000 0.1034
v 0.0052 1.5565000000 0.0915
v 0.0042 1.5543000000 0.0924
v 0.0050 1.5522000000 0.0998
v 0.0069 1.5559000000 0.0957
v 0.0072 1.5579000000 0.0929
v 0.0068 1.5528000000 0.0989
v 0.0060 1.5468000000 0.0963
v 0.0086 1.5529000000 0.0973
v -0.0844 1.5729000000 -0.0219
v -0.0844 1.5676000000 -0.0228
v -0.0827 1.5676000000 -0.0212
v -0.0786 1.5366000000 -0.0131
v -0.0792 1.5379000000 -0.0151
v -0.0802 1.5348000000 -0.0169
v -0.0797 1.5327000000 -0.0151
v 0.0798 1.5391000000 -0.0167
v 0.0628 1.4909000000 0.0070
v 0.0667 1.5056000000 -0.0016
v 0.0651 1.5050000000 -0.0084
v -0.0817 1.5239000000 -0.0182
v -0.0792 1.5235000000 -0.0188
v -0.0773 1.5215000000 -0.0154
v -0.0798 1.5214000000 -0.0152
v -0.0730 1.5366000000 -0.0064
v -0.0729 1.5376000000 -0.0046
v -0.0826 1.5604000000 -0.0328
v -0.0819 1.5665000000 -0.0305
v 0.0630 1.4898000000 -0.0039
v 0.0811 1.5660000000 -0.0206
v 0.0675 1.6174000000 0.0301
v 0.0690 1.6288000000 0.0198
v 0.0754 1.6170000000 0.0090
v -0.0860 1.5656000000 -0.0273
v -0.0863 1.5630000000 -0.0287
v 0.0740 1.6062000000 0.0150
v 0.0690 1.6378000000 0.0114
v 0.0755 1.6272000000 0.0014
v 0.0796 1.6149000000 -0.0077
v 0.0818 1.5937000000 -0.0212
v 0.0423 1.5801000000 0.0676
v 0.0426 1.5799000000 0.0678
v 0.0410 1.5796000000 0.0691
v -0.0754 1.5530000000 -0.0109
v -0.0729 1.5535000000 -0.0122
v -0.0728 1.5527000000 -0.0121
v -0.0759 1.5514000000 -0.0107
v 0.0410 1.5797000000 0.0689
v 0.0418 1.5801000000 0.0670
v 0.0405 1.5797000000 0.0681
v -0.0759 1.5529000000 -0.0095
v -0.0764 1.5513000000 -0.0094
v -0.0761 1.5511000000 -0.0082
v -0.0757 1.5520000000 -0.0080
v 0.0427 1.5805000000 0.0660
v 0.0433 1.5804000000 0.0665
v 0.0435 1.5801000000 0.0667
v 0.0248 1.5809000000 0.0709
v 0.0255 1.5812000000 0.0701
v 0.0282 1.5803000000 0.0705
v 0.0275 1.5803000000 0.0716
v 0.0246 1.5807000000 0.0713
v 0.0275 1.5800000000 0.0720
v -0.0720 1.5538000000 -0.0127
v -0.0723 1.5535000000 -0.0124
v -0.0726 1.5540000000 -0.0127
v -0.0765 1.5567000000 -0.0251
v -0.0776 1.5487000000 -0.0270
v -0.0756 1.5484000000 -0.0260
v -0.0744 1.5556000000 -0.0242
v 0.0287 1.5828000000 0.0645
v 0.0282 1.5830000000 0.0644
v -0.0878 1.5493000000 -0.0323
v 0.0295 1.5824000000 0.0647
v 0.0230 1.5828000000 0.0685
v 0.0230 1.5838000000 0.0685
v -0.0834 1.5765000000 -0.0129
v -0.0818 1.5788000000 -0.0128
v -0.0844 1.5821000000 -0.0174
v 0.0278 1.5838000000 0.0645
v 0.0279 1.5833000000 0.0644
v 0.0234 1.5823000000 0.0686
v -0.0734 1.5392000000 -0.0172
v -0.0764 1.5403000000 -0.0144
v -0.0750 1.5400000000 -0.0127
v -0.0732 1.5390000000 -0.0154
v -0.0727 1.5443000000 -0.0106
v -0.0708 1.5410000000 -0.0098
v -0.0749 1.5427000000 -0.0091
v -0.0757 1.5591000000 -0.0094
v -0.0741 1.5552000000 -0.0121
v -0.0751 1.5540000000 -0.0107
v -0.0756 1.5545000000 -0.0093
v -0.0889 1.5402000000 -0.0312
v -0.0903 1.5456000000 -0.0337
v -0.0886 1.5454000000 -0.0352
v -0.0872 1.5397000000 -0.0326
v 0.0218 1.5821000000 0.0688
v 0.0208 1.5825000000 0.0684
v -0.0722 1.5267000000 -0.0014
v -0.0695 1.5239000000 -0.0044
v -0.0714 1.5301000000 -0.0008
v -0.0925 1.5776000000 -0.0295
v -0.0890 1.5799000000 -0.0299
v -0.0894 1.5777000000 -0.0325
v -0.0930 1.5755000000 -0.0319
v -0.0727 1.5603000000 -0.0184
v -0.0727 1.5582000000 -0.0180
v -0.0731 1.5597000000 -0.0166
v -0.0729 1.5617000000 -0.0168
v 0.0209 1.5838000000 0.0685
v 0.0327 1.5790000000 0.0721
v 0.0329 1.5782000000 0.0722
v 0.0282 1.5785000000 0.0725
v 0.0278 1.5794000000 0.0723
v 0.0325 1.5795000000 0.0719
v 0.0359 1.5795000000 0.0710
v 0.0360 1.5790000000 0.0712
v 0.0362 1.5782000000 0.0712
v -0.0534 1.5223000000 -0.0618
v -0.0627 1.5234000000 -0.0425
v -0.0658 1.5363000000 -0.0507
v -0.0587 1.5344000000 -0.0669
v -0.0824 1.5268000000 -0.0176
v -0.0817 1.5246000000 -0.0148
v -0.0772 1.5670000000 -0.0083
v -0.0766 1.5690000000 -0.0069
v -0.0776 1.5745000000 -0.0085
v -0.0783 1.5711000000 -0.0086
v 0.0248 1.5795000000 0.0722
v 0.0247 1.5803000000 0.0718
v 0.0362 1.5774000000 0.0712
v 0.0331 1.5774000000 0.0721
v -0.0901 1.5610000000 -0.0388
v -0.0929 1.5602000000 -0.0371
v 0.0284 1.5778000000 0.0724
v 0.0248 1.5790000000 0.0723
v 0.0220 1.5802000000 0.0716
v 0.0231 1.5805000000 0.0716
v 0.0332 1.5766000000 0.0720
v 0.0332 1.5756000000 0.0719
v 0.0283 1.5760000000 0.0725
v 0.0284 1.5769000000 0.0724
v -0.0790 1.5727000000 -0.0158
v -0.0826 1.5762000000 -0.0189
v -0.0805 1.5738000000 -0.0179
v -0.0787 1.5723000000 -0.0161
v -0.0783 1.5643000000 -0.0137
v -0.0790 1.5657000000 -0.0133
v -0.0772 1.5666000000 -0.0136
v -0.0762 1.5652000000 -0.0137
v 0.0363 1.5766000000 0.0709
v 0.0363 1.5757000000 0.0708
v -0.0763 1.5740000000 -0.0057
v -0.0776 1.5788000000 -0.0092
v 0.0448 1.5801000000 0.0650
v 0.0452 1.5805000000 0.0640
v 0.0453 1.5799000000 0.0641
v -0.0690 1.5311000000 -0.0201
v 0.0450 1.5795000000 0.0647
v 0.0481 1.5769000000 0.0616
v 0.0489 1.5781000000 0.0604
v 0.0506 1.5772000000 0.0590
v -0.0786 1.5658000000 -0.0109
v -0.0796 1.5685000000 -0.0105
v -0.0800 1.5673000000 -0.0130
v -0.0719 1.5355000000 -0.0005
v -0.0724 1.5372000000 -0.0028
v -0.0779 1.5713000000 -0.0159
v -0.0772 1.5701000000 -0.0159
v -0.0757 1.5663000000 -0.0150
v -0.0762 1.5643000000 -0.0165
v 0.0496 1.5759000000 0.0606
v -0.0826 1.5575000000 -0.0239
v -0.0845 1.5489000000 -0.0255
v 0.0586 1.5667000000 0.0576
v 0.0522 1.5728000000 0.0602
v 0.0535 1.5741000000 0.0580
v 0.0443 1.5799000000 0.0658
v 0.0436 1.5797000000 0.0667
v 0.0441 1.5803000000 0.0657
v 0.0446 1.5805000000 0.0648
v 0.0445 1.5792000000 0.0655
v 0.0438 1.5789000000 0.0666
v 0.0427 1.5795000000 0.0678
v 0.0428 1.5787000000 0.0678
v 0.0412 1.5784000000 0.0691
v 0.0410 1.5792000000 0.0692
v 0.0389 1.5791000000 0.0702
v -0.0689 1.5379000000 -0.0361
v -0.0657 1.5242000000 -0.0208
v 0.0392 1.5796000000 0.0700
v 0.0390 1.5782000000 0.0702
v 0.0413 1.5777000000 0.0689
v 0.0392 1.5775000000 0.0701
v 0.0429 1.5779000000 0.0675
v 0.0440 1.5783000000 0.0662
v 0.0448 1.5787000000 0.0651
v 0.0454 1.5790000000 0.0642
v 0.0458 1.5796000000 0.0636
v 0.0452 1.5780000000 0.0645
v 0.0459 1.5772000000 0.0638
v 0.0447 1.5768000000 0.0652
v 0.0442 1.5777000000 0.0658
v 0.0460 1.5785000000 0.0635
v 0.0469 1.5778000000 0.0626
v -0.0761 1.5669000000 -0.0138
v -0.0760 1.5672000000 -0.0140
v -0.0752 1.5663000000 -0.0143
v -0.0751 1.5658000000 -0.0141
v 0.0431 1.5773000000 0.0671
v 0.0433 1.5765000000 0.0667
v 0.0415 1.5761000000 0.0682
v 0.0415 1.5769000000 0.0686
v -0.0808 1.5227000000 -0.0122
v -0.0813 1.5641000000 -0.0213
v -0.0783 1.5620000000 -0.0192
v -0.0790 1.5644000000 -0.0186
v 0.0393 1.5768000000 0.0698
v 0.0395 1.5758000000 0.0695
v -0.0906 1.5509000000 -0.0323
v -0.0920 1.5591000000 -0.0333
v -0.0934 1.5595000000 -0.0349
v -0.0918 1.5508000000 -0.0336
v 0.0324 1.5796000000 0.0717
v 0.0321 1.5796000000 0.0705
v 0.0356 1.5794000000 0.0699
v 0.0360 1.5796000000 0.0707
v 0.0392 1.5796000000 0.0698
v -0.0698 1.5223000000 -0.0062
v -0.0727 1.5575000000 -0.0189
v -0.0740 1.5558000000 -0.0181
v 0.0386 1.5793000000 0.0690
v 0.0355 1.5792000000 0.0687
v 0.0338 1.5815000000 0.0646
v 0.0351 1.5814000000 0.0642
v 0.0382 1.5792000000 0.0680
v -0.0737 1.5629000000 -0.0171
v -0.0741 1.5646000000 -0.0150
v 0.0323 1.5796000000 0.0693
v 0.0322 1.5816000000 0.0648
v 0.0290 1.5805000000 0.0693
v -0.0727 1.5403000000 -0.0026
v 0.0307 1.5820000000 0.0649
v 0.0263 1.5812000000 0.0694
v 0.0337 1.5915000000 0.0713
v 0.0338 1.5916000000 0.0716
v 0.0384 1.5910000000 0.0711
v 0.0380 1.5908000000 0.0707
v 0.0525 1.5514000000 -0.0882
v 0.0533 1.5665000000 -0.0934
v 0.0405 1.5611000000 -0.1030
v 0.0410 1.5883000000 0.0697
v 0.0410 1.5892000000 0.0693
v 0.0434 1.5879000000 0.0679
v 0.0433 1.5870000000 0.0680
v 0.0410 1.5873000000 0.0701
v -0.0888 1.5740000000 -0.0312
v -0.0893 1.5721000000 -0.0327
v -0.0872 1.5727000000 -0.0298
v -0.0869 1.5739000000 -0.0281
v -0.0862 1.5757000000 -0.0250
v -0.0863 1.5771000000 -0.0245
v -0.0880 1.5757000000 -0.0291
v -0.0770 1.5631000000 -0.0178
v -0.0780 1.5649000000 -0.0175
v 0.0430 1.5860000000 0.0682
v 0.0383 1.5886000000 0.0718
v -0.0782 1.5352000000 -0.0116
v -0.0789 1.5291000000 -0.0123
v -0.0854 1.5406000000 -0.0267
v -0.0854 1.5413000000 -0.0238
v -0.0858 1.5513000000 -0.0362
v -0.0858 1.5606000000 -0.0369
v -0.0841 1.5603000000 -0.0347
v -0.0846 1.5515000000 -0.0346
v 0.0383 1.5897000000 0.0713
v 0.0381 1.5905000000 0.0708
v 0.0422 1.5846000000 0.0640
v 0.0415 1.5855000000 0.0647
v -0.0788 1.5537000000 -0.0311
v -0.0754 1.5544000000 -0.0307
v -0.0754 1.5531000000 -0.0075
v -0.0749 1.5571000000 -0.0055
v -0.0733 1.5623000000 -0.0170
v -0.0737 1.5640000000 -0.0151
v -0.0801 1.5365000000 -0.0269
v -0.0763 1.5294000000 -0.0191
v -0.0801 1.5344000000 -0.0250
v -0.0723 1.5287000000 -0.0169
v -0.0721 1.5277000000 -0.0144
v -0.0746 1.5276000000 -0.0162
v 0.0421 1.5854000000 0.0661
v 0.0431 1.5846000000 0.0649
v 0.0429 1.5839000000 0.0634
v 0.0438 1.5839000000 0.0639
v 0.0377 1.5838000000 0.0618
v 0.0373 1.5841000000 0.0621
v 0.0368 1.5846000000 0.0625
v -0.0822 1.5371000000 -0.0208
v -0.0840 1.5383000000 -0.0236
v 0.0378 1.5835000000 0.0616
v -0.0716 1.5535000000 -0.0134
v -0.0700 1.5520000000 -0.0146
v -0.0706 1.5532000000 -0.0128
v -0.0857 1.5568000000 -0.0253
v -0.0866 1.5486000000 -0.0258
v -0.0788 1.5679000000 -0.0136
v 0.0379 1.5832000000 0.0616
v -0.0767 1.5578000000 -0.0142
v -0.0778 1.5613000000 -0.0121
v -0.0823 1.5713000000 -0.0132
v -0.0805 1.5696000000 -0.0139
v -0.0798 1.5688000000 -0.0137
v -0.0810 1.5693000000 -0.0128
v -0.0648 1.5438000000 -0.0132
v -0.0681 1.5421000000 -0.0116
v -0.0697 1.5453000000 -0.0114
v 0.0379 1.5829000000 0.0616
v 0.0378 1.5827000000 0.0617
v 0.0616 1.5500000000 0.0582
v 0.0614 1.5614000000 0.0569
v -0.0853 1.5769000000 -0.0227
v -0.0857 1.5748000000 -0.0240
v -0.0832 1.5673000000 -0.0325
v 0.0640 1.5530000000 0.0539
v 0.0438 1.5806000000 0.0655
v -0.0779 1.5690000000 -0.0182
v -0.0784 1.5675000000 -0.0191
v 0.0443 1.5809000000 0.0646
v -0.0797 1.5801000000 -0.0245
v -0.0791 1.5784000000 -0.0211
v -0.0792 1.5788000000 -0.0198
v -0.0800 1.5828000000 -0.0200
v 0.0432 1.5808000000 0.0651
v -0.0716 1.5250000000 -0.0111
v -0.0741 1.5253000000 -0.0140
v -0.0738 1.5265000000 -0.0145
v -0.0719 1.5264000000 -0.0124
v -0.0744 1.5397000000 -0.0120
v -0.0730 1.5388000000 -0.0143
v 0.0436 1.5812000000 0.0643
v -0.0865 1.5418000000 -0.0296
v -0.0858 1.5410000000 -0.0285
v -0.0870 1.5450000000 -0.0307
v -0.0880 1.5463000000 -0.0316
v 0.0448 1.5813000000 0.0637
v 0.0452 1.5811000000 0.0637
v 0.0411 1.5801000000 0.0662
v 0.0367 1.5818000000 0.0633
v 0.0372 1.5820000000 0.0628
v -0.0736 1.5609000000 -0.0209
v -0.0730 1.5599000000 -0.0206
v -0.0793 1.5728000000 -0.0225
v -0.0815 1.5752000000 -0.0240
v -0.0806 1.5781000000 -0.0203
v -0.0790 1.5759000000 -0.0201
v -0.0847 1.5681000000 -0.0348
v 0.0419 1.5807000000 0.0653
v 0.0399 1.5796000000 0.0671
v 0.0361 1.5815000000 0.0637
v 0.0374 1.5822000000 0.0624
v 0.0376 1.5825000000 0.0621
v -0.0784 1.5660000000 -0.0188
v -0.0790 1.5662000000 -0.0199
v 0.0422 1.5810000000 0.0646
v -0.0780 1.5665000000 -0.0182
v 0.0426 1.5813000000 0.0638
v 0.0440 1.5817000000 0.0637
v -0.0755 1.5642000000 -0.0140
v -0.0776 1.5631000000 -0.0143
v -0.0816 1.5714000000 -0.0148
v -0.0853 1.5750000000 -0.0179
v -0.0843 1.5750000000 -0.0182
v -0.0810 1.5722000000 -0.0151
v 0.0432 1.5823000000 0.0629
v 0.0433 1.5828000000 0.0629
v 0.0442 1.5822000000 0.0634
v -0.0764 1.5688000000 -0.0147
v 0.0443 1.5827000000 0.0633
v 0.0430 1.5818000000 0.0632
v -0.0148 1.5174000000 -0.0909
v -0.0169 1.5263000000 -0.0980
v 0.0432 1.5833000000 0.0630
v 0.0441 1.5832000000 0.0635
v 0.0455 1.5805000000 0.0636
v 0.0455 1.5813000000 0.0632
v 0.0460 1.5823000000 0.0626
v 0.0460 1.5805000000 0.0630
v -0.0798 1.5788000000 -0.0127
v -0.0805 1.5804000000 -0.0167
v -0.0815 1.5813000000 -0.0171
v -0.0803 1.5795000000 -0.0137
v -0.0866 1.5727000000 -0.0275
v 0.0467 1.5804000000 0.0622
v 0.0464 1.5792000000 0.0627
v 0.0470 1.5828000000 0.0622
v 0.0484 1.5830000000 0.0613
v -0.0904 1.5687000000 -0.0330
v -0.0752 1.5544000000 -0.0164
v -0.0720 1.5513000000 -0.0162
v 0.0480 1.5801000000 0.0611
v 0.0475 1.5788000000 0.0617
v 0.0451 1.5818000000 0.0632
v -0.0620 1.5500000000 -0.0147
v -0.0623 1.5513000000 -0.0146
v -0.0628 1.5508000000 -0.0159
v -0.0624 1.5495000000 -0.0162
v 0.0452 1.5824000000 0.0630
v 0.0464 1.5838000000 0.0635
v -0.0654 1.5447000000 -0.0169
v -0.0682 1.5437000000 -0.0155
v -0.0675 1.5418000000 -0.0139
v -0.0648 1.5426000000 -0.0161
v 0.0472 1.5846000000 0.0633
v 0.0457 1.5834000000 0.0636
v 0.0451 1.5841000000 0.0649
v 0.0456 1.5848000000 0.0649
v -0.0615 1.5468000000 -0.0152
v -0.0617 1.5484000000 -0.0148
v -0.0623 1.5477000000 -0.0165
v -0.0622 1.5458000000 -0.0171
v 0.0462 1.5855000000 0.0648
v 0.0447 1.5858000000 0.0664
v -0.0847 1.5768000000 -0.0205
v -0.0866 1.5767000000 -0.0223
v 0.0451 1.5866000000 0.0664
v 0.0443 1.5849000000 0.0664
v 0.0450 1.5832000000 0.0636
v -0.0918 1.5677000000 -0.0320
v -0.0919 1.5654000000 -0.0329
v -0.0899 1.5728000000 -0.0300
v -0.0902 1.5709000000 -0.0316
v 0.0445 1.5839000000 0.0645
v 0.0437 1.5846000000 0.0658
v 0.0426 1.5852000000 0.0677
v -0.0749 1.5451000000 -0.0063
v -0.0758 1.5453000000 -0.0082
v -0.0754 1.5437000000 -0.0081
v -0.0930 1.5709000000 -0.0321
v -0.0931 1.5730000000 -0.0337
v -0.0745 1.5269000000 -0.0030
v -0.0736 1.5253000000 -0.0020
v -0.0495 1.4537000000 0.0158
v -0.0586 1.4604000000 0.0022
v -0.0577 1.4509000000 0.0027
v -0.0483 1.4443000000 0.0154
v -0.0820 1.5740000000 -0.0116
v -0.0807 1.5766000000 -0.0113
v 0.0408 1.5864000000 0.0697
v 0.0400 1.5863000000 0.0678
v 0.0380 1.5877000000 0.0714
v -0.0617 1.5452000000 -0.0143
v -0.0617 1.5443000000 -0.0157
v -0.0644 1.5429000000 -0.0146
v -0.0669 1.5494000000 -0.0125
v -0.0626 1.5500000000 -0.0133
v 0.0372 1.5873000000 0.0693
v 0.0344 1.5922000000 0.0729
v 0.0395 1.5918000000 0.0723
v 0.0369 1.5872000000 0.0675
v 0.0344 1.5854000000 0.0639
v 0.0328 1.5855000000 0.0644
v 0.0336 1.5873000000 0.0685
v -0.0655 1.5465000000 -0.0168
v 0.0236 1.5844000000 0.0690
v 0.0245 1.5852000000 0.0694
v -0.0664 1.5517000000 -0.0154
v -0.0669 1.5528000000 -0.0139
v -0.0700 1.5385000000 -0.0108
v -0.0716 1.5379000000 -0.0130
v -0.0732 1.5379000000 -0.0097
v -0.0622 1.5439000000 -0.0169
v -0.0737 1.5620000000 -0.0188
v 0.0284 1.5844000000 0.0648
v 0.0281 1.5840000000 0.0646
v 0.0222 1.5845000000 0.0696
v 0.0235 1.5853000000 0.0702
v -0.0687 1.5474000000 -0.0163
v -0.0714 1.5447000000 -0.0182
v -0.0712 1.5426000000 -0.0172
v -0.0684 1.5454000000 -0.0161
v -0.0806 1.5343000000 -0.0187
v -0.0809 1.5361000000 -0.0187
v -0.0738 1.5399000000 -0.0195
v -0.0774 1.5402000000 -0.0174
v -0.0747 1.5573000000 -0.0171
v -0.0763 1.5605000000 -0.0153
v -0.0721 1.5537000000 -0.0136
v -0.0692 1.5495000000 -0.0157
v -0.0716 1.5473000000 -0.0178
v -0.0671 1.5507000000 -0.0127
v -0.0709 1.5508000000 -0.0119
v -0.0707 1.5519000000 -0.0122
v -0.0671 1.5517000000 -0.0130
v -0.0809 1.5676000000 -0.0204
v -0.0794 1.5744000000 -0.0098
v -0.0807 1.5713000000 -0.0108
v -0.0804 1.5835000000 -0.0368
v -0.0786 1.5752000000 -0.0417
v -0.0790 1.5769000000 -0.0284
v -0.0657 1.5484000000 -0.0166
v -0.0629 1.5522000000 -0.0145
v -0.0634 1.5517000000 -0.0136
v -0.0861 1.5377000000 -0.0269
v -0.0741 1.5375000000 -0.0094
v -0.0741 1.5623000000 -0.0147
v -0.0853 1.5459000000 -0.0344
v -0.0842 1.5406000000 -0.0320
v -0.0735 1.5635000000 -0.0151
v -0.0743 1.5646000000 -0.0146
v -0.0724 1.5383000000 -0.0138
v -0.0740 1.5388000000 -0.0110
v -0.0745 1.5651000000 -0.0144
v -0.0755 1.5447000000 -0.0095
v -0.0860 1.5672000000 -0.0260
v 0.0278 1.5868000000 0.0695
v 0.0300 1.5852000000 0.0649
v -0.0776 1.5260000000 -0.0193
v -0.0760 1.5245000000 -0.0162
v 0.0290 1.5848000000 0.0649
v -0.0631 1.5510000000 -0.0133
v 0.0261 1.5860000000 0.0693
v -0.0669 1.5421000000 -0.0132
v -0.0662 1.5501000000 -0.0160
v 0.0272 1.5873000000 0.0713
v 0.0249 1.5861000000 0.0706
v 0.0337 1.5878000000 0.0704
v -0.0736 1.5486000000 -0.0111
v -0.0732 1.5464000000 -0.0107
v -0.0758 1.5470000000 -0.0096
v 0.0219 1.6233000000 -0.1156
v 0.0218 1.6067000000 -0.1188
v -0.0787 1.5407000000 -0.0193
v -0.0744 1.5416000000 -0.0219
v -0.0756 1.5425000000 -0.0242
v -0.0804 1.5414000000 -0.0211
v -0.0828 1.5357000000 -0.0294
v -0.0813 1.5313000000 -0.0258
v -0.0836 1.5296000000 -0.0256
v -0.0857 1.5343000000 -0.0294
v 0.0405 1.6093000000 -0.1087
v 0.0397 1.6235000000 -0.1059
v -0.0802 1.5983000000 -0.0454
v -0.0817 1.5896000000 -0.0299
v -0.0816 1.6055000000 -0.0340
v -0.0842 1.5766000000 -0.0296
v -0.0844 1.5741000000 -0.0314
v -0.0894 1.5751000000 -0.0345
v -0.0791 1.5814000000 -0.0144
v -0.0793 1.5789000000 -0.0182
v -0.0797 1.5799000000 -0.0162
v -0.0893 1.5510000000 -0.0373
v 0.0394 1.5865000000 0.0662
v 0.0357 1.5850000000 0.0632
v 0.0498 1.6254000000 -0.0980
v 0.0487 1.6347000000 -0.0953
v 0.0401 1.6361000000 -0.1012
v 0.0392 1.4951000000 -0.0678
v 0.0290 1.4862000000 -0.0758
v -0.0764 1.5631000000 -0.0086
v -0.0781 1.5635000000 -0.0113
v 0.0200 1.5843000000 0.0707
v -0.0791 1.5377000000 -0.0278
v 0.0218 1.5856000000 0.0710
v -0.0811 1.5395000000 -0.0190
v -0.0833 1.5400000000 -0.0212
v -0.0902 1.5774000000 -0.0225
v -0.0870 1.5757000000 -0.0199
v 0.0189 1.5832000000 0.0704
v 0.0183 1.5830000000 0.0706
v 0.0193 1.5844000000 0.0707
v 0.0208 1.5858000000 0.0710
v 0.0239 1.5868000000 0.0715
v 0.0232 1.5871000000 0.0718
v 0.0266 1.5885000000 0.0729
v 0.0267 1.5879000000 0.0725
v 0.0340 1.5885000000 0.0724
v 0.0341 1.5894000000 0.0728
v 0.0261 1.5893000000 0.0723
v 0.0226 1.5875000000 0.0713
v 0.0255 1.5900000000 0.0716
v 0.0224 1.5884000000 0.0709
v 0.0338 1.5911000000 0.0717
v 0.0341 1.5904000000 0.0724
v 0.0218 1.5811000000 0.0710
v 0.0196 1.5814000000 0.0708
v 0.0223 1.5814000000 0.0707
v 0.0199 1.5817000000 0.0705
v 0.0235 1.5817000000 0.0696
v 0.0191 1.5821000000 0.0703
v 0.0184 1.5819000000 0.0706
v -0.0114 1.4403000000 0.0452
v -0.0111 1.4340000000 0.0407
v 0.0243 1.5818000000 0.0691
v 0.0186 1.5845000000 0.0704
v 0.0174 1.5829000000 0.0706
v 0.0174 1.5850000000 0.0696
v 0.0166 1.5831000000 0.0702
v 0.0197 1.5871000000 0.0699
v 0.0201 1.5861000000 0.0704
v 0.0175 1.5817000000 0.0706
v 0.0181 1.5812000000 0.0708
v 0.0168 1.5816000000 0.0706
v 0.0174 1.5810000000 0.0708
v 0.0246 1.5783000000 0.0724
v 0.0244 1.5775000000 0.0725
v 0.0213 1.5796000000 0.0717
v 0.0207 1.5791000000 0.0717
v 0.0330 1.5746000000 0.0719
v 0.0362 1.5746000000 0.0707
v 0.0326 1.5734000000 0.0719
v -0.0081 1.5559000000 0.0947
v -0.0096 1.5557000000 0.0932
v -0.0083 1.5576000000 0.0922
v -0.0077 1.5576000000 0.0929
v 0.0360 1.5733000000 0.0707
v 0.0276 1.5740000000 0.0727
v 0.0281 1.5750000000 0.0726
v 0.0354 1.4378000000 0.0252
v 0.0469 1.5762000000 0.0631
v 0.0481 1.5749000000 0.0625
v 0.0463 1.5742000000 0.0644
v 0.0453 1.5757000000 0.0647
v 0.0437 1.5754000000 0.0663
v -0.0085 1.5467000000 0.0935
v -0.0079 1.5483000000 0.0924
v -0.0089 1.5480000000 0.0914
v -0.0097 1.5466000000 0.0926
v 0.0442 1.5738000000 0.0662
v 0.0417 1.5735000000 0.0680
v 0.0415 1.5750000000 0.0680
v 0.0394 1.5748000000 0.0693
v 0.0393 1.5733000000 0.0694
v 0.0497 1.5796000000 0.0595
v 0.0509 1.5828000000 0.0591
v 0.0516 1.5789000000 0.0579
v 0.0532 1.5824000000 0.0570
v 0.0157 1.5859000000 0.0697
v -0.0053 1.5573000000 0.0921
v -0.0038 1.5547000000 0.0947
v -0.0054 1.5557000000 0.0962
v -0.0064 1.5579000000 0.0929
v 0.0154 1.5835000000 0.0698
v 0.0139 1.5868000000 0.0708
v 0.0138 1.5839000000 0.0706
v 0.0153 1.5898000000 0.0718
v 0.0172 1.5887000000 0.0704
v 0.0159 1.5815000000 0.0705
v 0.0167 1.5807000000 0.0708
v 0.0146 1.5815000000 0.0707
v 0.0157 1.5801000000 0.0710
v 0.0239 1.5767000000 0.0725
v 0.0233 1.5758000000 0.0725
v 0.0201 1.5785000000 0.0718
v 0.0192 1.5777000000 0.0719
v 0.0513 1.5404000000 -0.0839
v 0.0538 1.5824000000 -0.0967
v 0.0472 1.5960000000 0.0696
v 0.0449 1.5931000000 0.0705
v 0.0412 1.5944000000 0.0728
v 0.0432 1.5980000000 0.0727
v 0.0500 1.5999000000 0.0674
v 0.0524 1.5961000000 0.0647
v 0.0498 1.5935000000 0.0666
v 0.0475 1.5913000000 0.0681
v 0.0515 1.5857000000 0.0601
v 0.0496 1.5857000000 0.0619
v 0.0496 1.5875000000 0.0634
v 0.0515 1.5881000000 0.0620
v 0.0539 1.5856000000 0.0581
v 0.0541 1.5889000000 0.0600
v 0.0509 1.5906000000 0.0643
v 0.0488 1.5893000000 0.0656
v 0.0536 1.5922000000 0.0625
v 0.0234 1.5940000000 0.0741
v 0.0242 1.5922000000 0.0727
v 0.0210 1.5904000000 0.0714
v 0.0194 1.5914000000 0.0719
v 0.0220 1.5958000000 0.0753
v 0.0172 1.5927000000 0.0731
v 0.0364 1.5987000000 0.0754
v 0.0355 1.5952000000 0.0745
v 0.0252 1.5904000000 0.0713
v 0.0231 1.5894000000 0.0710
v 0.0251 1.5907000000 0.0712
v 0.0225 1.5893000000 0.0708
v 0.0573 1.6475000000 -0.0777
v 0.0598 1.6541000000 -0.0653
v 0.0441 1.6662000000 -0.0731
v 0.0429 1.6574000000 -0.0853
v 0.0410 1.5896000000 0.0693
v 0.0416 1.5900000000 0.0697
v 0.0442 1.5887000000 0.0683
v 0.0436 1.5883000000 0.0680
v 0.0454 1.5871000000 0.0665
v 0.0461 1.5876000000 0.0666
v 0.0473 1.5864000000 0.0647
v 0.0467 1.5862000000 0.0650
v 0.0473 1.5854000000 0.0637
v 0.0480 1.5853000000 0.0632
v 0.0228 1.5902000000 0.0713
v 0.0250 1.5910000000 0.0717
v 0.0519 1.6129000000 -0.0993
v 0.0453 1.6352000000 0.0562
v 0.0523 1.6313000000 0.0500
v 0.0501 1.6251000000 0.0559
v 0.0429 1.5908000000 0.0705
v 0.0455 1.5896000000 0.0685
v 0.0472 1.5883000000 0.0663
v 0.0482 1.5871000000 0.0644
v 0.0486 1.5861000000 0.0631
v 0.0735 1.5442000000 -0.0018
v 0.0737 1.5441000000 -0.0037
v 0.0808 1.5534000000 -0.0309
v 0.0790 1.5601000000 -0.0300
v 0.0778 1.5636000000 -0.0287
v 0.0793 1.5730000000 -0.0149
v 0.0828 1.5761000000 -0.0179
v 0.0845 1.5347000000 -0.0233
v 0.0813 1.5330000000 -0.0193
v -0.0901 1.5808000000 -0.0234
v 0.0843 1.5357000000 -0.0240
v 0.0900 1.5720000000 -0.0288
v 0.0903 1.5702000000 -0.0303
v 0.0913 1.5699000000 -0.0300
v 0.0440 1.5206000000 -0.0747
v 0.0493 1.5317000000 -0.0803
v 0.0907 1.5681000000 -0.0316
v 0.0757 1.5487000000 -0.0065
v 0.0820 1.5527000000 -0.0312
v 0.0836 1.5521000000 -0.0331
v 0.0845 1.5467000000 -0.0331
v 0.0837 1.5473000000 -0.0322
v 0.0837 1.5416000000 -0.0309
v 0.0832 1.5426000000 -0.0304
v 0.0857 1.5383000000 -0.0267
v 0.0872 1.5421000000 -0.0292
v 0.0841 1.5765000000 -0.0192
v 0.0834 1.5757000000 -0.0178
v 0.0850 1.5764000000 -0.0194
v 0.0764 1.5474000000 -0.0079
v 0.0775 1.5710000000 -0.0147
v 0.0770 1.5688000000 -0.0135
v 0.0767 1.5692000000 -0.0140
v 0.0723 1.5524000000 -0.0116
v 0.0722 1.5533000000 -0.0119
v 0.0737 1.5508000000 -0.0114
v 0.0764 1.5494000000 -0.0099
v 0.0699 1.5416000000 -0.0102
v 0.0692 1.5403000000 -0.0121
v 0.0698 1.5394000000 -0.0113
v 0.0870 1.5827000000 -0.0232
v 0.0772 1.5679000000 -0.0131
v 0.0786 1.5690000000 -0.0132
v 0.0790 1.5702000000 -0.0135
v 0.0859 1.5759000000 -0.0196
v 0.0793 1.5712000000 -0.0138
v 0.0784 1.5711000000 -0.0139
v 0.0801 1.5728000000 -0.0147
v 0.0778 1.5711000000 -0.0142
v 0.0755 1.5453000000 -0.0250
v 0.0741 1.5450000000 -0.0228
v 0.0747 1.5656000000 -0.0030
v 0.0753 1.5631000000 -0.0055
v 0.0806 1.5324000000 -0.0169
v 0.0775 1.5709000000 -0.0245
v 0.0778 1.5737000000 -0.0258
v 0.0887 1.5466000000 -0.0310
v 0.0820 1.5414000000 -0.0206
v 0.0799 1.5408000000 -0.0186
v 0.0840 1.5424000000 -0.0225
v 0.0856 1.5450000000 -0.0244
v 0.0731 1.5614000000 -0.0182
v 0.0844 1.5655000000 -0.0234
v 0.0851 1.5631000000 -0.0247
v 0.0828 1.5657000000 -0.0219
v 0.0787 1.5774000000 -0.0238
v 0.0785 1.5775000000 -0.0215
v 0.0783 1.5723000000 -0.0224
v 0.0781 1.5757000000 -0.0209
v 0.0718 1.5451000000 -0.0105
v 0.0714 1.5390000000 -0.0137
v 0.0710 1.5408000000 -0.0148
v 0.0724 1.5389000000 -0.0147
v 0.0723 1.5398000000 -0.0163
v 0.0726 1.5412000000 -0.0181
v 0.0730 1.5432000000 -0.0196
v 0.0731 1.5457000000 -0.0201
v 0.0711 1.5493000000 -0.0112
v 0.0787 1.5777000000 -0.0110
v 0.0706 1.5474000000 -0.0110
v 0.0726 1.5510000000 -0.0114
v 0.0728 1.5492000000 -0.0110
v 0.0725 1.5472000000 -0.0105
v 0.0775 1.5380000000 -0.0118
v 0.0780 1.5397000000 -0.0143
v 0.0761 1.5387000000 -0.0110
v 0.0786 1.5402000000 -0.0166
v 0.0749 1.5390000000 -0.0106
v 0.0780 1.5722000000 -0.0232
v 0.0780 1.5754000000 -0.0230
v 0.0740 1.5478000000 0.0003
v 0.0660 1.5582000000 0.0489
v 0.0674 1.5676000000 0.0432
v 0.0268 1.5101000000 0.0706
v 0.0260 1.5069000000 0.0710
v 0.0583 1.5475000000 0.0627
v 0.0535 1.5454000000 0.0681
v 0.0258 1.5156000000 0.0823
v 0.0249 1.5148000000 0.0824
v 0.0240 1.5155000000 0.0826
v 0.0249 1.5159000000 0.0823
v 0.0226 1.5160000000 0.0809
v 0.0234 1.5160000000 0.0802
v 0.0236 1.5161000000 0.0811
v 0.0228 1.5160000000 0.0818
v 0.0295 1.5315000000 0.0834
v 0.0332 1.5354000000 0.0823
v 0.0363 1.5306000000 0.0812
v 0.0327 1.5274000000 0.0826
v 0.0253 1.5149000000 0.0729
v 0.0250 1.5165000000 0.0733
v 0.0239 1.5164000000 0.0772
v 0.0242 1.5157000000 0.0768
v 0.0252 1.5123000000 0.0730
v 0.0241 1.5144000000 0.0764
v 0.0269 1.5142000000 0.0704
v 0.0264 1.5168000000 0.0707
v 0.0355 1.5086000000 0.0791
v 0.0316 1.5110000000 0.0802
v 0.0327 1.5143000000 0.0807
v 0.0365 1.5134000000 0.0794
v 0.0260 1.5434000000 0.0826
v 0.0299 1.5393000000 0.0826
v 0.0266 1.5353000000 0.0835
v 0.0228 1.5398000000 0.0833
v 0.0188 1.5449000000 0.0838
v 0.0218 1.5476000000 0.0827
v 0.0172 1.5530000000 0.0874
v 0.0177 1.5495000000 0.0887
v 0.0170 1.5488000000 0.0919
v 0.0175 1.5508000000 0.0907
v 0.0153 1.5448000000 0.0903
v 0.0177 1.5472000000 0.0872
v 0.0113 1.5438000000 0.0906
v -0.0119 1.5464000000 0.0932
v -0.0109 1.5482000000 0.0919
v -0.0116 1.5487000000 0.0938
v -0.0132 1.5472000000 0.0949
v 0.0110 1.5446000000 0.0916
v 0.0154 1.5440000000 0.0888
v -0.0047 1.5475000000 0.1015
v -0.0058 1.5497000000 0.1016
v -0.0047 1.5488000000 0.0993
v -0.0046 1.5468000000 0.0989
v 0.0156 1.5430000000 0.0869
v 0.0117 1.5429000000 0.0895
v 0.0104 1.5458000000 0.0926
v 0.0132 1.5456000000 0.0927
v -0.0075 1.5501000000 0.1009
v -0.0094 1.5497000000 0.1027
v -0.0110 1.5496000000 0.1010
v -0.0089 1.5499000000 0.0994
v -0.0043 1.5510000000 0.0942
v -0.0057 1.5491000000 0.0957
v -0.0036 1.5513000000 0.0978
v -0.0118 1.5510000000 0.0919
v -0.0105 1.5500000000 0.0905
v -0.0094 1.5538000000 0.0898
v -0.0106 1.5546000000 0.0907
v 0.0147 1.5475000000 0.0943
v 0.0043 1.5464000000 0.1012
v 0.0054 1.5477000000 0.1031
v 0.0094 1.5764000000 0.0856
v 0.0122 1.5727000000 0.0827
v 0.0093 1.5739000000 0.0879
v 0.0121 1.5706000000 0.0850
v 0.0139 1.5497000000 0.0980
v 0.0153 1.5514000000 0.0963
v 0.0115 1.5510000000 0.1017
v 0.0125 1.5536000000 0.1012
v 0.0038 1.5912000000 0.0841
v 0.0022 1.5429000000 0.0970
v 0.0024 1.5421000000 0.0965
v 0.0018 1.5440000000 0.0989
v 0.0220 1.6486000000 -0.1039
v 0.0227 1.6628000000 -0.0935
v 0.0222 1.6790000000 -0.0703
v 0.0198 1.6836000000 -0.0575
v 0.0059 1.5253000000 0.0974
v 0.0056 1.5279000000 0.0974
v 0.0134 1.5207000000 0.0809
v 0.0077 1.5210000000 0.0825
v 0.0073 1.5192000000 0.0871
v 0.0127 1.5190000000 0.0857
v 0.0168 1.5187000000 0.0836
v 0.0178 1.5201000000 0.0788
v 0.0138 1.5220000000 0.0783
v 0.0079 1.5223000000 0.0798
v 0.0122 1.5181000000 0.0901
v 0.0069 1.5184000000 0.0923
v 0.0067 1.5202000000 0.0949
v 0.0122 1.5196000000 0.0923
v 0.0186 1.5382000000 0.0858
v 0.0143 1.5392000000 0.0882
v 0.0101 1.5397000000 0.0917
v 0.0067 1.5397000000 0.0943
v 0.0060 1.5418000000 0.0946
v 0.0086 1.5424000000 0.0923
v 0.0058 1.5428000000 0.0950
v 0.0083 1.5433000000 0.0929
v 0.0082 1.5443000000 0.0935
v 0.0086 1.5457000000 0.0937
v 0.0068 1.5456000000 0.0950
v 0.0072 1.5468000000 0.0946
v 0.0057 1.5437000000 0.0953
v 0.0041 1.5691000000 0.1007
v 0.0038 1.5725000000 0.0978
v 0.0103 1.5295000000 0.0955
v 0.0053 1.5301000000 0.0968
v 0.0045 1.5342000000 0.0960
v 0.0090 1.5341000000 0.0947
v 0.0137 1.5331000000 0.0923
v 0.0155 1.5275000000 0.0929
v 0.0028 1.5412000000 0.0961
v 0.0107 1.5272000000 0.0957
v 0.0110 1.5246000000 0.0955
v 0.0160 1.5251000000 0.0930
v 0.0162 1.5228000000 0.0925
v 0.0203 1.5247000000 0.0897
v 0.0192 1.5308000000 0.0893
v 0.0251 1.5283000000 0.0860
v 0.0244 1.5217000000 0.0866
v 0.0326 1.5177000000 0.0816
v 0.0273 1.5153000000 0.0820
v 0.0275 1.5167000000 0.0826
v 0.0272 1.5181000000 0.0835
v 0.0316 1.5209000000 0.0828
v 0.0362 1.5183000000 0.0803
v 0.0350 1.5230000000 0.0815
v 0.0294 1.5243000000 0.0841
v 0.0264 1.5196000000 0.0846
v 0.0260 1.5165000000 0.0828
v 0.0250 1.5163000000 0.0826
v 0.0258 1.5174000000 0.0836
v 0.0247 1.5168000000 0.0833
v 0.0252 1.5182000000 0.0846
v 0.0243 1.5172000000 0.0841
v 0.0233 1.5180000000 0.0854
v 0.0239 1.5195000000 0.0862
v 0.0228 1.5165000000 0.0811
v 0.0218 1.5166000000 0.0822
v 0.0219 1.5166000000 0.0835
v 0.0229 1.5164000000 0.0823
v 0.0234 1.5163000000 0.0804
v 0.0234 1.5163000000 0.0817
v 0.0234 1.5170000000 0.0780
v 0.0224 1.5173000000 0.0788
v -0.0535 1.4702000000 0.0167
v -0.0604 1.4736000000 0.0008
v 0.0240 1.5161000000 0.0797
v 0.0240 1.5161000000 0.0808
v 0.0240 1.5162000000 0.0822
v 0.0239 1.5164000000 0.0826
v 0.0234 1.5167000000 0.0833
v 0.0225 1.5171000000 0.0844
v 0.0162 1.5207000000 0.0914
v 0.0199 1.5206000000 0.0892
v 0.0197 1.5188000000 0.0879
v 0.0161 1.5186000000 0.0895
v 0.0193 1.5176000000 0.0864
v 0.0184 1.5213000000 0.0764
v 0.0159 1.5176000000 0.0878
v 0.0215 1.5190000000 0.0764
v 0.0226 1.5201000000 0.0739
v 0.0204 1.5179000000 0.0807
v 0.0245 1.5177000000 0.0742
v 0.0235 1.5180000000 0.0748
v 0.0255 1.5186000000 0.0718
v 0.0242 1.5192000000 0.0727
v 0.0192 1.5169000000 0.0846
v 0.0203 1.5224000000 0.0897
v 0.0115 1.5221000000 0.0942
v 0.0062 1.5228000000 0.0964
v -0.0346 1.5669000000 0.0730
v -0.0340 1.5643000000 0.0744
v -0.0297 1.5656000000 0.0750
v -0.0305 1.5679000000 0.0739
v 0.0048 1.5618000000 0.1074
v 0.0045 1.5658000000 0.1039
v 0.0232 1.5159000000 0.0826
v 0.0113 1.4290000000 0.0368
v -0.0765 1.5493000000 -0.0089
v -0.0760 1.5501000000 -0.0077
v -0.0843 1.5712000000 -0.0332
v 0.0264 1.5140000000 0.0820
v 0.0245 1.5098000000 0.0731
v 0.0233 1.5133000000 0.0768
v 0.0323 1.5040000000 0.0796
v 0.0276 1.5000000000 0.0821
v 0.0252 1.5044000000 0.0835
v 0.0290 1.5076000000 0.0809
v 0.0221 1.5108000000 0.0854
v 0.0248 1.5125000000 0.0831
v -0.0891 1.5744000000 -0.0278
v 0.0235 1.5139000000 0.0838
v 0.0209 1.5130000000 0.0860
v 0.0200 1.5146000000 0.0863
v 0.0225 1.5151000000 0.0839
v 0.0181 1.5164000000 0.0849
v 0.0137 1.5168000000 0.0877
v 0.0133 1.5132000000 0.0829
v 0.0180 1.5128000000 0.0805
v 0.0221 1.5130000000 0.0780
v 0.0215 1.5162000000 0.0818
v -0.0841 1.5785000000 -0.0273
v -0.0830 1.5807000000 -0.0224
v -0.0816 1.5793000000 -0.0213
v -0.0825 1.5768000000 -0.0255
v 0.0188 1.5165000000 0.0857
v 0.0217 1.5162000000 0.0828
v 0.0142 1.5170000000 0.0888
v 0.0229 1.4325000000 0.0323
v 0.0220 1.5159000000 0.0836
v 0.0192 1.5160000000 0.0860
v 0.0149 1.5161000000 0.0895
v 0.0158 1.5142000000 0.0900
v 0.0167 1.5119000000 0.0901
v 0.0175 1.5091000000 0.0894
v 0.0197 1.5015000000 0.0873
v 0.0212 1.4962000000 0.0866
v 0.0134 1.4999000000 0.0904
v 0.0146 1.4945000000 0.0908
v 0.0122 1.5079000000 0.0929
v 0.0118 1.5114000000 0.0941
v 0.0111 1.5140000000 0.0937
v 0.0105 1.5162000000 0.0927
v 0.0033 1.5394000000 0.0957
v 0.0055 1.5455000000 0.0964
v 0.0044 1.5457000000 0.0987
v 0.0076 1.5492000000 0.1039
v 0.0017 1.5448000000 0.1012
v 0.0101 1.5508000000 0.1035
v 0.0084 1.5503000000 0.1049
v 0.0091 1.5520000000 0.1058
v 0.0102 1.5527000000 0.1045
v 0.0070 1.5497000000 0.1062
v 0.0082 1.5518000000 0.1069
v 0.0029 1.5487000000 0.1080
v 0.0037 1.5523000000 0.1100
v 0.0047 1.5581000000 0.1096
v 0.0041 1.5546000000 0.1104
v 0.0095 1.5538000000 0.1064
v 0.0109 1.5556000000 0.1045
v -0.0923 1.5746000000 -0.0282
v 0.0112 1.5586000000 0.1022
v 0.0132 1.5561000000 0.0985
v 0.0104 1.6893000000 -0.0126
v 0.0097 1.5173000000 0.0918
v 0.0088 1.5172000000 0.0900
v -0.0754 1.5359000000 -0.0091
v -0.0836 1.5632000000 -0.0231
v 0.0132 1.5029000000 0.0764
v 0.0132 1.5074000000 0.0787
v 0.0083 1.5073000000 0.0802
v -0.0823 1.5812000000 -0.0197
v -0.0857 1.5827000000 -0.0205
v 0.0083 1.5030000000 0.0780
v 0.0048 1.5173000000 0.0909
v -0.0896 1.5511000000 -0.0323
v -0.0927 1.5730000000 -0.0303
v -0.0909 1.5715000000 -0.0290
v -0.0837 1.5735000000 -0.0139
v -0.0771 1.5453000000 -0.0265
v -0.0838 1.5453000000 -0.0244
v -0.0823 1.5427000000 -0.0228
v -0.0765 1.5434000000 -0.0254
v -0.0726 1.5588000000 -0.0200
v 0.0046 1.5135000000 0.0856
v 0.0084 1.5135000000 0.0848
v 0.0051 1.5175000000 0.0931
v 0.0056 1.5163000000 0.0944
v 0.0062 1.5141000000 0.0957
v 0.0045 1.5071000000 0.0810
v 0.0045 1.5027000000 0.0788
v -0.0727 1.5411000000 -0.0001
v 0.0229 1.5083000000 0.0742
v -0.0805 1.5296000000 -0.0159
v -0.0813 1.5307000000 -0.0184
v -0.0315 1.5187000000 -0.0846
v -0.0356 1.5281000000 -0.0910
v -0.0915 1.5508000000 -0.0357
v 0.0236 1.5045000000 0.0723
v 0.0182 1.5073000000 0.0767
v 0.0187 1.5033000000 0.0746
v 0.0079 1.4943000000 0.0938
v 0.0070 1.4996000000 0.0927
v 0.0065 1.5109000000 0.0960
v 0.0066 1.5071000000 0.0945
v 0.0228 1.6724000000 -0.0825
v 0.0632 1.6362000000 0.0268
v 0.0618 1.6296000000 0.0349
v -0.0846 1.5764000000 -0.0216
v 0.0550 1.6376000000 0.0416
v 0.0565 1.6429000000 0.0340
v 0.0636 1.6434000000 0.0184
v 0.0570 1.6490000000 0.0262
v 0.0395 1.6789000000 -0.0321
v 0.0400 1.6787000000 -0.0177
v 0.0215 1.6867000000 -0.0139
v 0.0349 1.6799000000 -0.0465
v 0.0473 1.6710000000 -0.0556
v 0.0489 1.6729000000 -0.0357
v 0.0486 1.6730000000 -0.0203
v -0.0772 1.5354000000 -0.0105
v -0.0768 1.5294000000 -0.0094
v -0.0754 1.5300000000 -0.0073
v -0.0788 1.5666000000 -0.0196
v 0.0285 1.4737000000 -0.0768
v 0.0536 1.5951000000 -0.0985
v 0.0473 1.6725000000 -0.0064
v 0.0394 1.6776000000 -0.0038
v 0.0390 1.6753000000 0.0088
v 0.0460 1.6709000000 0.0053
v 0.0215 1.6852000000 0.0009
v 0.0104 1.6877000000 0.0028
v 0.0202 1.5562000000 -0.1113
v 0.0037 1.5758000000 0.0950
v 0.0502 1.5072000000 -0.0572
v 0.0608 1.5061000000 -0.0382
v 0.0613 1.4568000000 -0.0127
v 0.0715 1.5296000000 -0.0176
v 0.0710 1.5302000000 -0.0186
v 0.0640 1.4918000000 -0.0177
v 0.0649 1.5051000000 -0.0188
v 0.0400 1.5077000000 -0.0697
v 0.0802 1.5410000000 -0.0292
v 0.0808 1.5449000000 -0.0304
v 0.0815 1.5401000000 -0.0288
v 0.0822 1.5442000000 -0.0304
v 0.0822 1.5485000000 -0.0312
v 0.0821 1.5383000000 -0.0280
v 0.0788 1.5777000000 -0.0188
v 0.0801 1.5793000000 -0.0180
v -0.0784 1.5389000000 -0.0281
v -0.0784 1.5413000000 -0.0292
v 0.0714 1.5278000000 -0.0130
v 0.0711 1.5285000000 -0.0147
v -0.0631 1.5515000000 -0.0155
v 0.0707 1.5282000000 -0.0137
v 0.0706 1.5276000000 -0.0123
v 0.0713 1.5268000000 -0.0113
v 0.0706 1.5270000000 -0.0111
v 0.0806 1.5939000000 -0.0121
v 0.0689 1.5276000000 -0.0148
v 0.0704 1.5298000000 -0.0178
v 0.0706 1.5291000000 -0.0161
v 0.0700 1.5283000000 -0.0145
v 0.0699 1.5271000000 -0.0124
v 0.0701 1.5262000000 -0.0106
v 0.0710 1.5256000000 -0.0101
v -0.0805 1.5329000000 -0.0252
v -0.0770 1.5277000000 -0.0192
v -0.0633 1.4778000000 -0.0149
v -0.0605 1.4813000000 -0.0319
v -0.0611 1.4708000000 -0.0292
v -0.0627 1.4661000000 -0.0132
v -0.0742 1.5554000000 -0.0016
v -0.0744 1.5480000000 -0.0042
v -0.0738 1.5468000000 -0.0022
v 0.0824 1.5371000000 -0.0284
v 0.0757 1.5264000000 -0.0161
v -0.0271 1.4498000000 0.0402
v -0.0236 1.4385000000 0.0355
v 0.0794 1.5696000000 -0.0253
v 0.0794 1.5677000000 -0.0268
v 0.0817 1.5693000000 -0.0285
v 0.0816 1.5717000000 -0.0270
v 0.0614 1.5427000000 -0.0711
v 0.0631 1.5533000000 -0.0759
v 0.0143 1.4770000000 -0.0820
v 0.0141 1.4883000000 -0.0820
v 0.0759 1.5880000000 -0.0602
v 0.0793 1.5713000000 -0.0237
v 0.0816 1.5735000000 -0.0253
v 0.0811 1.5491000000 -0.0311
v 0.0783 1.5706000000 -0.0237
v 0.0785 1.5689000000 -0.0252
v 0.0827 1.5753000000 -0.0270
v 0.0828 1.5730000000 -0.0287
v 0.0828 1.5704000000 -0.0304
v 0.0785 1.5670000000 -0.0267
v -0.0736 1.5418000000 0.0042
v -0.0740 1.5416000000 0.0152
v -0.0746 1.5578000000 0.0148
v -0.0743 1.5519000000 0.0045
v 0.0786 1.5758000000 -0.0257
v 0.0800 1.6197000000 -0.0368
v 0.0787 1.6131000000 -0.0507
v 0.0757 1.6363000000 -0.0408
v 0.0746 1.6306000000 -0.0558
v 0.0702 1.6237000000 -0.0717
v 0.0741 1.6049000000 -0.0667
v 0.0785 1.5774000000 -0.0201
v 0.0810 1.5803000000 -0.0186
v 0.0635 1.6490000000 0.0103
v 0.0689 1.6435000000 0.0033
v 0.0568 1.6543000000 0.0189
v 0.0561 1.6588000000 0.0119
v 0.0623 1.6544000000 0.0031
v 0.0698 1.6471000000 -0.0086
v 0.0817 1.6117000000 -0.0216
v 0.0792 1.6259000000 -0.0228
v 0.0765 1.6307000000 -0.0094
v -0.0605 1.5911000000 0.0497
v -0.0627 1.5915000000 0.0452
v -0.0633 1.5819000000 0.0456
v -0.0608 1.5834000000 0.0493
v 0.0741 1.6419000000 -0.0255
v 0.0651 1.6559000000 -0.0154
v 0.0689 1.6517000000 -0.0297
v 0.0583 1.6644000000 -0.0195
v 0.0606 1.6622000000 -0.0341
v 0.0607 1.6596000000 -0.0502
v 0.0704 1.6474000000 -0.0447
v 0.0601 1.6595000000 -0.0033
v 0.0543 1.6631000000 0.0063
v 0.0552 1.6658000000 -0.0069
v 0.0520 1.6668000000 0.0017
v 0.0744 1.6329000000 -0.0023
v 0.0678 1.5208000000 -0.0092
v 0.0701 1.5208000000 -0.0040
v -0.0204 1.6501000000 0.0644
v -0.0098 1.6508000000 0.0664
v -0.0102 1.6586000000 0.0606
v -0.0210 1.6576000000 0.0581
v 0.0726 1.5332000000 0.0033
v -0.0373 1.5363000000 -0.0946
v -0.0386 1.5471000000 -0.0987
v -0.0185 1.5433000000 -0.1060
v -0.0178 1.5338000000 -0.1016
v 0.0703 1.5601000000 0.0367
v 0.0705 1.5729000000 0.0340
v 0.0739 1.5644000000 0.0239
v 0.0732 1.5493000000 0.0261
v -0.0214 1.6749000000 0.0358
v -0.0106 1.6768000000 0.0385
v -0.0107 1.6815000000 0.0283
v -0.0217 1.6793000000 0.0259
v -0.0540 1.5636000000 0.0641
v -0.0563 1.5571000000 0.0642
v -0.0522 1.5569000000 0.0680
v -0.0505 1.5634000000 0.0671
v 0.0690 1.5867000000 0.0318
v 0.0731 1.5787000000 0.0220
v 0.0721 1.5929000000 0.0192
v 0.0680 1.6012000000 0.0304
v 0.0620 1.6174000000 -0.0874
v 0.0647 1.6003000000 -0.0852
v -0.0771 1.5247000000 -0.0063
v -0.0760 1.5257000000 -0.0049
v 0.0654 1.5875000000 -0.0830
v 0.0484 1.6194000000 0.0603
v -0.0109 1.6851000000 0.0162
v -0.0219 1.6825000000 0.0141
v 0.0217 1.6382000000 -0.1096
v 0.0477 1.6425000000 0.0487
v 0.0537 1.6391000000 -0.0884
v -0.0001 1.4890000000 -0.0828
v 0.0410 1.6451000000 -0.0961
v 0.0694 1.6421000000 -0.0595
v 0.0660 1.6360000000 -0.0727
v 0.0586 1.6289000000 -0.0879
v 0.0648 1.5714000000 -0.0808
v 0.0470 1.6677000000 0.0131
v 0.0566 1.5855000000 0.0551
v 0.0558 1.5810000000 0.0543
v 0.0568 1.5905000000 0.0567
v 0.0543 1.5763000000 0.0561
v 0.0157 1.5695000000 0.0804
v 0.0152 1.5676000000 0.0825
v 0.0150 1.5651000000 0.0845
v 0.0186 1.5648000000 0.0804
v 0.0181 1.5619000000 0.0823
v 0.0117 1.5657000000 0.0898
v 0.0120 1.5682000000 0.0872
v 0.0143 1.5627000000 0.0865
v 0.0139 1.5595000000 0.0884
v 0.0117 1.5626000000 0.0921
v 0.0183 1.5467000000 0.0850
v 0.0194 1.5514000000 0.0834
v 0.0167 1.5558000000 0.0852
v 0.0220 1.5589000000 0.0812
v 0.0209 1.5555000000 0.0825
v 0.0174 1.5591000000 0.0838
v 0.0231 1.5623000000 0.0792
v 0.0151 1.5561000000 0.0909
v 0.0160 1.5532000000 0.0939
v 0.0125 1.5593000000 0.0953
v 0.0107 1.5617000000 0.0987
v 0.0100 1.5652000000 0.0955
v 0.0193 1.5670000000 0.0786
v 0.0242 1.5647000000 0.0776
v 0.0246 1.5518000000 0.0823
v 0.0292 1.5481000000 0.0823
v 0.0268 1.5562000000 0.0807
v 0.0312 1.5532000000 0.0806
v 0.0278 1.5599000000 0.0787
v 0.0325 1.5571000000 0.0785
v 0.0335 1.5442000000 0.0821
v 0.0372 1.5398000000 0.0812
v 0.0405 1.5345000000 0.0797
v 0.0401 1.5450000000 0.0794
v 0.0439 1.5392000000 0.0776
v 0.0419 1.5501000000 0.0770
v 0.0464 1.5448000000 0.0751
v -0.0121 1.5747000000 0.0799
v -0.0126 1.5765000000 0.0771
v -0.0163 1.5733000000 0.0759
v -0.0159 1.5714000000 0.0782
v -0.0075 1.6239000000 0.0787
v -0.0085 1.6314000000 0.0757
v -0.0175 1.6312000000 0.0743
v -0.0159 1.6239000000 0.0778
v 0.0360 1.5494000000 0.0803
v 0.0375 1.5538000000 0.0780
v 0.0335 1.5609000000 0.0762
v 0.0289 1.5630000000 0.0768
v 0.0427 1.5614000000 0.0727
v 0.0427 1.5558000000 0.0748
v 0.0382 1.5585000000 0.0756
v 0.0385 1.5630000000 0.0735
v 0.0478 1.5516000000 0.0726
v 0.0474 1.5595000000 0.0709
v 0.0464 1.5646000000 0.0693
v 0.0320 1.5715000000 0.0725
v 0.0270 1.5723000000 0.0732
v 0.0356 1.5711000000 0.0715
v 0.0422 1.5655000000 0.0710
v 0.0386 1.5664000000 0.0721
v 0.0502 1.5718000000 0.0625
v 0.0479 1.5711000000 0.0649
v 0.0420 1.5708000000 0.0689
v 0.0390 1.5709000000 0.0704
v 0.0451 1.5709000000 0.0671
v 0.0224 1.5740000000 0.0732
v 0.0178 1.5761000000 0.0730
v 0.0599 1.4938000000 -0.0352
v 0.0095 1.5686000000 0.0931
v 0.0094 1.5713000000 0.0905
v 0.0144 1.5932000000 0.0750
v 0.0125 1.5904000000 0.0741
v 0.0069 1.5909000000 0.0813
v 0.0186 1.5971000000 0.0775
v 0.0145 1.5785000000 0.0730
v -0.0208 1.5707000000 0.0749
v -0.0199 1.5688000000 0.0765
v 0.0125 1.5811000000 0.0729
v 0.0116 1.5839000000 0.0731
v 0.0113 1.5871000000 0.0734
v -0.0104 1.6653000000 0.0539
v -0.0212 1.6641000000 0.0512
v -0.0209 1.6865000000 -0.0371
v -0.0213 1.6866000000 -0.0284
v -0.0101 1.6895000000 -0.0289
v -0.0111 1.6885000000 -0.0416
v 0.0300 1.6112000000 0.0783
v 0.0265 1.6049000000 0.0802
v 0.0587 1.6235000000 0.0443
v 0.0622 1.6147000000 0.0409
v 0.0511 1.6051000000 0.0640
v 0.0543 1.6007000000 0.0613
v 0.0562 1.5956000000 0.0588
v 0.0644 1.6030000000 0.0389
v 0.0657 1.5904000000 0.0390
v 0.0669 1.5786000000 0.0404
v -0.0707 1.5539000000 -0.0585
v -0.0737 1.5538000000 -0.0425
v -0.0763 1.5658000000 -0.0441
v -0.0737 1.5706000000 -0.0609
v 0.0490 1.6541000000 0.0344
v -0.0397 1.4576000000 0.0305
v -0.0367 1.4454000000 0.0269
v -0.0003 1.4792000000 -0.0832
v 0.0487 1.6594000000 0.0275
v 0.0487 1.6484000000 0.0415
v 0.0391 1.6721000000 0.0185
v 0.0394 1.6683000000 0.0271
v 0.0480 1.6639000000 0.0204
v 0.0401 1.6637000000 0.0345
v 0.0408 1.6584000000 0.0414
v 0.0404 1.6527000000 0.0485
v 0.0395 1.6463000000 0.0553
v 0.0375 1.6380000000 0.0624
v 0.0495 1.4947000000 -0.0543
v 0.0077 1.5577000000 0.0912
v 0.0070 1.5579000000 0.0920
v -0.0535 1.6137000000 0.0563
v -0.0554 1.6188000000 0.0513
v -0.0588 1.6114000000 0.0481
v -0.0567 1.6072000000 0.0533
v 0.0066 1.5574000000 0.0906
v 0.0059 1.5575000000 0.0914
v 0.0057 1.5561000000 0.0909
v 0.0069 1.5487000000 0.0936
v 0.0054 1.5507000000 0.0923
v 0.0051 1.5541000000 0.0911
v 0.0721 1.5260000000 0.0015
v -0.0059 1.6118000000 0.0829
v -0.0132 1.6118000000 0.0825
v -0.0113 1.6057000000 0.0831
v -0.0051 1.6056000000 0.0836
v -0.0607 1.5760000000 0.0502
v -0.0637 1.5728000000 0.0477
v -0.0628 1.5649000000 0.0528
v -0.0597 1.5692000000 0.0544
v -0.0567 1.5647000000 0.0608
v -0.0593 1.5586000000 0.0605
v -0.0191 1.6405000000 0.0704
v -0.0093 1.6410000000 0.0720
v -0.0611 1.6019000000 0.0458
v -0.0591 1.5994000000 0.0511
v -0.0092 1.5781000000 0.0823
v -0.0099 1.5793000000 0.0787
v -0.0073 1.5841000000 0.0809
v -0.0039 1.5842000000 0.0869
v -0.0036 1.5881000000 0.0852
v -0.0067 1.5878000000 0.0814
v -0.0340 1.6229000000 0.0710
v -0.0358 1.6298000000 0.0671
v -0.0435 1.6280000000 0.0620
v -0.0418 1.6215000000 0.0660
v -0.0214 1.6698000000 0.0441
v -0.0105 1.6713000000 0.0468
v -0.0040 1.5975000000 0.0835
v -0.0082 1.5975000000 0.0818
v -0.0072 1.5939000000 0.0811
v -0.0039 1.5942000000 0.0835
v -0.0248 1.5669000000 0.0757
v -0.0256 1.5690000000 0.0745
v -0.0692 1.5249000000 -0.0093
v -0.0703 1.5240000000 -0.0091
v -0.0754 1.5736000000 0.0011
v -0.0743 1.5628000000 0.0033
v -0.0749 1.5714000000 0.0133
v -0.0744 1.5844000000 0.0105
v -0.0766 1.5957000000 0.0065
v -0.0789 1.6047000000 0.0006
v -0.0789 1.5887000000 -0.0063
v -0.0770 1.5825000000 -0.0016
v -0.0560 1.4740000000 -0.0434
v -0.0533 1.4830000000 -0.0474
v -0.0040 1.5813000000 0.0899
v -0.0039 1.5785000000 0.0925
v -0.0203 1.5861000000 -0.1183
v -0.0194 1.5721000000 -0.1153
v -0.0403 1.5768000000 -0.1074
v -0.0402 1.5902000000 -0.1090
v -0.0678 1.5434000000 -0.0547
v -0.0713 1.5453000000 -0.0398
v -0.0104 1.5525000000 0.0952
v -0.0071 1.5570000000 0.0903
v -0.0074 1.5535000000 0.0899
v -0.0070 1.5562000000 0.0901
v -0.0104 1.5495000000 0.0972
v -0.0127 1.5488000000 0.0985
v -0.0081 1.5497000000 0.0901
v -0.0073 1.5499000000 0.0907
v -0.0066 1.5538000000 0.0902
v -0.0083 1.5574000000 0.0910
v -0.0018 1.5458000000 0.1038
v -0.0024 1.5474000000 0.1067
v -0.0063 1.5486000000 0.1055
v -0.0048 1.5472000000 0.1034
v -0.0051 1.5564000000 0.0916
v -0.0041 1.5542000000 0.0925
v -0.0050 1.5522000000 0.0999
v -0.0068 1.5559000000 0.0958
v -0.0071 1.5579000000 0.0930
v -0.0068 1.5528000000 0.0990
v -0.0058 1.5467000000 0.0963
v -0.0085 1.5529000000 0.0974
v -0.0797 1.5388000000 -0.0171
v -0.0624 1.4906000000 0.0068
v -0.0662 1.5052000000 -0.0018
v -0.0646 1.5048000000 -0.0087
v -0.0627 1.4895000000 -0.0040
v -0.0812 1.5659000000 -0.0210
v -0.0676 1.6171000000 0.0298
v -0.0695 1.6286000000 0.0197
v -0.0757 1.6167000000 0.0089
v -0.0745 1.6058000000 0.0149
v -0.0692 1.6375000000 0.0112
v -0.0755 1.6269000000 0.0010
v -0.0799 1.6146000000 -0.0079
v -0.0818 1.5933000000 -0.0214
v -0.0422 1.5798000000 0.0674
v -0.0425 1.5795000000 0.0675
v -0.0409 1.5793000000 0.0688
v -0.0409 1.5794000000 0.0686
v -0.0417 1.5799000000 0.0667
v -0.0404 1.5794000000 0.0678
v -0.0426 1.5802000000 0.0657
v -0.0432 1.5800000000 0.0662
v -0.0435 1.5798000000 0.0664
v -0.0248 1.5807000000 0.0708
v -0.0255 1.5810000000 0.0700
v -0.0281 1.5801000000 0.0703
v -0.0274 1.5801000000 0.0715
v -0.0245 1.5805000000 0.0713
v -0.0274 1.5798000000 0.0719
v -0.0286 1.5826000000 0.0644
v -0.0281 1.5829000000 0.0642
v -0.0294 1.5822000000 0.0645
v -0.0229 1.5826000000 0.0683
v -0.0229 1.5836000000 0.0684
v -0.0277 1.5835000000 0.0643
v -0.0277 1.5831000000 0.0642
v -0.0233 1.5821000000 0.0685
v -0.0217 1.5820000000 0.0687
v -0.0207 1.5823000000 0.0683
v -0.0207 1.5836000000 0.0684
v -0.0326 1.5787000000 0.0720
v -0.0328 1.5779000000 0.0721
v -0.0281 1.5783000000 0.0724
v -0.0277 1.5792000000 0.0722
v -0.0324 1.5792000000 0.0718
v -0.0358 1.5793000000 0.0709
v -0.0359 1.5787000000 0.0711
v -0.0361 1.5779000000 0.0711
v -0.0247 1.5792000000 0.0721
v -0.0246 1.5801000000 0.0717
v -0.0361 1.5771000000 0.0711
v -0.0330 1.5771000000 0.0721
v -0.0283 1.5775000000 0.0724
v -0.0247 1.5787000000 0.0722
v -0.0219 1.5800000000 0.0716
v -0.0231 1.5802000000 0.0716
v -0.0331 1.5762000000 0.0719
v -0.0330 1.5753000000 0.0718
v -0.0282 1.5757000000 0.0724
v -0.0283 1.5766000000 0.0724
v -0.0362 1.5763000000 0.0708
v -0.0362 1.5754000000 0.0707
v -0.0446 1.5797000000 0.0647
v -0.0451 1.5801000000 0.0637
v -0.0451 1.5796000000 0.0639
v -0.0449 1.5792000000 0.0645
v -0.0479 1.5765000000 0.0614
v -0.0487 1.5777000000 0.0602
v -0.0505 1.5767000000 0.0589
v -0.0495 1.5755000000 0.0604
v -0.0585 1.5664000000 0.0575
v -0.0521 1.5724000000 0.0601
v -0.0534 1.5737000000 0.0579
v -0.0441 1.5796000000 0.0656
v -0.0435 1.5794000000 0.0665
v -0.0440 1.5800000000 0.0655
v -0.0445 1.5802000000 0.0645
v -0.0444 1.5789000000 0.0653
v -0.0436 1.5786000000 0.0664
v -0.0426 1.5792000000 0.0676
v -0.0427 1.5783000000 0.0676
v -0.0410 1.5781000000 0.0690
v -0.0409 1.5789000000 0.0689
v -0.0388 1.5788000000 0.0700
v -0.0391 1.5793000000 0.0698
v -0.0389 1.5779000000 0.0700
v -0.0412 1.5774000000 0.0687
v -0.0391 1.5772000000 0.0699
v -0.0428 1.5776000000 0.0673
v -0.0438 1.5780000000 0.0661
v -0.0446 1.5783000000 0.0649
v -0.0452 1.5787000000 0.0640
v -0.0456 1.5793000000 0.0633
v -0.0450 1.5777000000 0.0643
v -0.0457 1.5769000000 0.0636
v -0.0445 1.5764000000 0.0650
v -0.0441 1.5774000000 0.0656
v -0.0458 1.5782000000 0.0633
v -0.0467 1.5774000000 0.0624
v -0.0430 1.5770000000 0.0669
v -0.0431 1.5762000000 0.0665
v -0.0413 1.5758000000 0.0681
v -0.0413 1.5766000000 0.0685
v -0.0391 1.5765000000 0.0696
v -0.0393 1.5755000000 0.0694
v -0.0323 1.5793000000 0.0715
v -0.0320 1.5794000000 0.0703
v -0.0356 1.5791000000 0.0697
v -0.0359 1.5793000000 0.0705
v -0.0391 1.5793000000 0.0696
v -0.0385 1.5791000000 0.0688
v -0.0354 1.5790000000 0.0685
v -0.0337 1.5812000000 0.0644
v -0.0350 1.5812000000 0.0640
v -0.0381 1.5790000000 0.0677
v -0.0323 1.5794000000 0.0691
v -0.0321 1.5814000000 0.0646
v -0.0289 1.5802000000 0.0691
v -0.0306 1.5818000000 0.0647
v -0.0263 1.5810000000 0.0693
v -0.0336 1.5911000000 0.0711
v -0.0337 1.5913000000 0.0715
v -0.0384 1.5906000000 0.0709
v -0.0379 1.5904000000 0.0704
v -0.0519 1.5510000000 -0.0888
v -0.0526 1.5661000000 -0.0939
v -0.0398 1.5607000000 -0.1033
v -0.0410 1.5880000000 0.0694
v -0.0409 1.5889000000 0.0690
v -0.0434 1.5875000000 0.0677
v -0.0432 1.5867000000 0.0678
v -0.0410 1.5870000000 0.0698
v -0.0430 1.5856000000 0.0679
v -0.0382 1.5883000000 0.0716
v -0.0382 1.5894000000 0.0711
v -0.0380 1.5901000000 0.0705
v -0.0421 1.5843000000 0.0637
v -0.0414 1.5853000000 0.0644
v -0.0420 1.5851000000 0.0659
v -0.0430 1.5843000000 0.0646
v -0.0428 1.5836000000 0.0631
v -0.0437 1.5836000000 0.0636
v -0.0375 1.5835000000 0.0615
v -0.0372 1.5839000000 0.0618
v -0.0367 1.5843000000 0.0623
v -0.0377 1.5832000000 0.0614
v -0.0378 1.5829000000 0.0613
v -0.0378 1.5826000000 0.0613
v -0.0377 1.5824000000 0.0615
v -0.0615 1.5497000000 0.0580
v -0.0613 1.5610000000 0.0568
v -0.0639 1.5527000000 0.0538
v -0.0437 1.5803000000 0.0652
v -0.0442 1.5806000000 0.0643
v -0.0431 1.5805000000 0.0648
v -0.0435 1.5809000000 0.0640
v -0.0447 1.5810000000 0.0634
v -0.0451 1.5808000000 0.0634
v -0.0411 1.5798000000 0.0659
v -0.0367 1.5815000000 0.0630
v -0.0371 1.5818000000 0.0625
v -0.0418 1.5804000000 0.0650
v -0.0398 1.5793000000 0.0668
v -0.0360 1.5813000000 0.0635
v -0.0373 1.5820000000 0.0621
v -0.0375 1.5822000000 0.0618
v -0.0421 1.5807000000 0.0642
v -0.0425 1.5811000000 0.0635
v -0.0439 1.5814000000 0.0634
v -0.0431 1.5820000000 0.0626
v -0.0431 1.5825000000 0.0626
v -0.0441 1.5819000000 0.0632
v -0.0442 1.5824000000 0.0631
v -0.0429 1.5815000000 0.0629
v -0.0430 1.5830000000 0.0627
v -0.0440 1.5829000000 0.0632
v -0.0454 1.5802000000 0.0633
v -0.0454 1.5810000000 0.0630
v -0.0459 1.5819000000 0.0624
v -0.0459 1.5801000000 0.0628
v -0.0466 1.5800000000 0.0620
v -0.0463 1.5789000000 0.0625
v -0.0469 1.5824000000 0.0620
v -0.0483 1.5826000000 0.0612
v -0.0479 1.5797000000 0.0609
v -0.0473 1.5784000000 0.0615
v -0.0450 1.5815000000 0.0630
v -0.0451 1.5821000000 0.0627
v -0.0462 1.5835000000 0.0633
v -0.0471 1.5842000000 0.0631
v -0.0456 1.5830000000 0.0634
v -0.0450 1.5837000000 0.0646
v -0.0455 1.5844000000 0.0647
v -0.0461 1.5851000000 0.0646
v -0.0446 1.5854000000 0.0662
v -0.0450 1.5862000000 0.0662
v -0.0442 1.5845000000 0.0661
v -0.0449 1.5829000000 0.0633
v -0.0444 1.5835000000 0.0643
v -0.0436 1.5843000000 0.0656
v -0.0426 1.5849000000 0.0674
v -0.0407 1.5861000000 0.0694
v -0.0400 1.5860000000 0.0675
v -0.0380 1.5874000000 0.0711
v -0.0372 1.5870000000 0.0691
v -0.0343 1.5918000000 0.0728
v -0.0395 1.5913000000 0.0721
v -0.0368 1.5869000000 0.0673
v -0.0343 1.5851000000 0.0636
v -0.0327 1.5852000000 0.0642
v -0.0335 1.5870000000 0.0683
v -0.0235 1.5842000000 0.0688
v -0.0244 1.5850000000 0.0692
v -0.0283 1.5842000000 0.0646
v -0.0280 1.5838000000 0.0644
v -0.0221 1.5844000000 0.0695
v -0.0234 1.5851000000 0.0701
v -0.0278 1.5866000000 0.0694
v -0.0299 1.5849000000 0.0648
v -0.0289 1.5846000000 0.0647
v -0.0260 1.5858000000 0.0692
v -0.0271 1.5871000000 0.0712
v -0.0249 1.5859000000 0.0705
v -0.0337 1.5876000000 0.0703
v -0.0215 1.6233000000 -0.1158
v -0.0211 1.6066000000 -0.1188
v -0.0396 1.6091000000 -0.1086
v -0.0394 1.6233000000 -0.1061
v -0.0393 1.5862000000 0.0659
v -0.0357 1.5848000000 0.0630
v -0.0494 1.6251000000 -0.0979
v -0.0484 1.6343000000 -0.0953
v -0.0398 1.6359000000 -0.1014
v -0.0394 1.4955000000 -0.0672
v -0.0295 1.4861000000 -0.0756
v -0.0199 1.5842000000 0.0705
v -0.0217 1.5854000000 0.0709
v -0.0188 1.5830000000 0.0703
v -0.0181 1.5828000000 0.0705
v -0.0192 1.5842000000 0.0706
v -0.0207 1.5856000000 0.0709
v -0.0238 1.5866000000 0.0714
v -0.0231 1.5869000000 0.0717
v -0.0265 1.5883000000 0.0728
v -0.0267 1.5876000000 0.0724
v -0.0340 1.5882000000 0.0722
v -0.0340 1.5891000000 0.0726
v -0.0260 1.5890000000 0.0722
v -0.0225 1.5873000000 0.0712
v -0.0255 1.5898000000 0.0715
v -0.0223 1.5882000000 0.0708
v -0.0337 1.5908000000 0.0715
v -0.0340 1.5901000000 0.0721
v -0.0217 1.5809000000 0.0710
v -0.0195 1.5812000000 0.0708
v -0.0222 1.5813000000 0.0707
v -0.0198 1.5815000000 0.0704
v -0.0234 1.5816000000 0.0696
v -0.0190 1.5819000000 0.0703
v -0.0183 1.5817000000 0.0706
v -0.0243 1.5817000000 0.0690
v -0.0185 1.5843000000 0.0703
v -0.0172 1.5827000000 0.0705
v -0.0173 1.5847000000 0.0695
v -0.0164 1.5828000000 0.0701
v -0.0195 1.5868000000 0.0699
v -0.0200 1.5858000000 0.0703
v -0.0173 1.5815000000 0.0706
v -0.0179 1.5810000000 0.0708
v -0.0166 1.5814000000 0.0706
v -0.0173 1.5808000000 0.0708
v -0.0245 1.5780000000 0.0724
v -0.0243 1.5772000000 0.0724
v -0.0211 1.5794000000 0.0717
v -0.0206 1.5789000000 0.0717
v -0.0328 1.5743000000 0.0718
v -0.0360 1.5743000000 0.0706
v -0.0325 1.5731000000 0.0718
v -0.0359 1.5730000000 0.0706
v -0.0274 1.5737000000 0.0726
v -0.0280 1.5747000000 0.0725
v -0.0360 1.4379000000 0.0252
v -0.0466 1.5758000000 0.0629
v -0.0479 1.5745000000 0.0623
v -0.0461 1.5739000000 0.0642
v -0.0451 1.5754000000 0.0645
v -0.0435 1.5750000000 0.0661
v -0.0440 1.5735000000 0.0661
v -0.0415 1.5732000000 0.0678
v -0.0413 1.5747000000 0.0679
v -0.0393 1.5745000000 0.0692
v -0.0391 1.5729000000 0.0692
v -0.0496 1.5791000000 0.0594
v -0.0508 1.5823000000 0.0590
v -0.0515 1.5785000000 0.0578
v -0.0531 1.5819000000 0.0569
v -0.0156 1.5857000000 0.0696
v -0.0152 1.5833000000 0.0697
v -0.0137 1.5866000000 0.0707
v -0.0136 1.5837000000 0.0705
v -0.0151 1.5896000000 0.0716
v -0.0171 1.5885000000 0.0703
v -0.0157 1.5813000000 0.0705
v -0.0165 1.5805000000 0.0707
v -0.0144 1.5813000000 0.0707
v -0.0155 1.5799000000 0.0709
v -0.0237 1.5764000000 0.0724
v -0.0232 1.5755000000 0.0724
v -0.0200 1.5783000000 0.0717
v -0.0190 1.5775000000 0.0718
v -0.0510 1.5399000000 -0.0841
v -0.0533 1.5819000000 -0.0971
v -0.0471 1.5956000000 0.0693
v -0.0448 1.5927000000 0.0702
v -0.0411 1.5939000000 0.0726
v -0.0431 1.5977000000 0.0724
v -0.0499 1.5995000000 0.0672
v -0.0523 1.5958000000 0.0644
v -0.0498 1.5930000000 0.0664
v -0.0475 1.5909000000 0.0678
v -0.0514 1.5852000000 0.0600
v -0.0495 1.5852000000 0.0618
v -0.0495 1.5871000000 0.0633
v -0.0515 1.5876000000 0.0618
v -0.0538 1.5852000000 0.0580
v -0.0540 1.5884000000 0.0598
v -0.0508 1.5901000000 0.0641
v -0.0487 1.5888000000 0.0654
v -0.0535 1.5917000000 0.0622
v -0.0233 1.5937000000 0.0741
v -0.0241 1.5919000000 0.0727
v -0.0208 1.5902000000 0.0714
v -0.0193 1.5912000000 0.0719
v -0.0220 1.5957000000 0.0753
v -0.0172 1.5925000000 0.0731
v -0.0363 1.5983000000 0.0753
v -0.0354 1.5948000000 0.0744
v -0.0251 1.5902000000 0.0712
v -0.0230 1.5891000000 0.0710
v -0.0250 1.5904000000 0.0712
v -0.0224 1.5890000000 0.0707
v -0.0571 1.6471000000 -0.0778
v -0.0597 1.6538000000 -0.0654
v -0.0440 1.6660000000 -0.0731
v -0.0427 1.6571000000 -0.0853
v -0.0409 1.5892000000 0.0691
v -0.0416 1.5896000000 0.0695
v -0.0441 1.5882000000 0.0680
v -0.0435 1.5879000000 0.0678
v -0.0453 1.5867000000 0.0663
v -0.0461 1.5871000000 0.0663
v -0.0472 1.5860000000 0.0645
v -0.0466 1.5858000000 0.0648
v -0.0472 1.5850000000 0.0635
v -0.0479 1.5849000000 0.0630
v -0.0227 1.5899000000 0.0713
v -0.0249 1.5907000000 0.0717
v -0.0513 1.6127000000 -0.0992
v -0.0457 1.6351000000 0.0564
v -0.0526 1.6311000000 0.0500
v -0.0503 1.6249000000 0.0560
v -0.0428 1.5904000000 0.0703
v -0.0454 1.5891000000 0.0683
v -0.0471 1.5878000000 0.0661
v -0.0481 1.5866000000 0.0642
v -0.0485 1.5857000000 0.0630
v -0.0733 1.5439000000 -0.0020
v -0.0736 1.5438000000 -0.0040
v -0.0806 1.5531000000 -0.0311
v -0.0788 1.5597000000 -0.0300
v -0.0776 1.5633000000 -0.0288
v -0.0796 1.5728000000 -0.0154
v -0.0830 1.5760000000 -0.0183
v -0.0843 1.5345000000 -0.0238
v -0.0812 1.5328000000 -0.0197
v -0.0842 1.5354000000 -0.0244
v -0.0901 1.5718000000 -0.0293
v -0.0904 1.5700000000 -0.0308
v -0.0914 1.5697000000 -0.0305
v -0.0436 1.5203000000 -0.0743
v -0.0489 1.5312000000 -0.0802
v -0.0908 1.5679000000 -0.0322
v -0.0755 1.5485000000 -0.0069
v -0.0817 1.5525000000 -0.0315
v -0.0834 1.5518000000 -0.0334
v -0.0843 1.5465000000 -0.0333
v -0.0836 1.5471000000 -0.0324
v -0.0835 1.5415000000 -0.0311
v -0.0830 1.5423000000 -0.0306
v -0.0857 1.5381000000 -0.0271
v -0.0872 1.5418000000 -0.0295
v -0.0843 1.5764000000 -0.0196
v -0.0836 1.5756000000 -0.0182
v -0.0852 1.5762000000 -0.0198
v -0.0761 1.5473000000 -0.0083
v -0.0777 1.5709000000 -0.0152
v -0.0772 1.5687000000 -0.0139
v -0.0768 1.5690000000 -0.0144
v -0.0721 1.5523000000 -0.0121
v -0.0721 1.5532000000 -0.0123
v -0.0735 1.5507000000 -0.0118
v -0.0761 1.5493000000 -0.0103
v -0.0697 1.5415000000 -0.0105
v -0.0691 1.5403000000 -0.0125
v -0.0697 1.5393000000 -0.0116
v -0.0871 1.5827000000 -0.0238
v -0.0773 1.5677000000 -0.0135
v -0.0787 1.5689000000 -0.0136
v -0.0792 1.5700000000 -0.0139
v -0.0861 1.5758000000 -0.0200
v -0.0796 1.5710000000 -0.0142
v -0.0787 1.5709000000 -0.0143
v -0.0803 1.5726000000 -0.0152
v -0.0780 1.5709000000 -0.0147
v -0.0755 1.5451000000 -0.0254
v -0.0740 1.5448000000 -0.0232
v -0.0748 1.5654000000 -0.0033
v -0.0754 1.5630000000 -0.0058
v -0.0803 1.5322000000 -0.0174
v -0.0774 1.5706000000 -0.0248
v -0.0776 1.5735000000 -0.0261
v -0.0887 1.5464000000 -0.0313
v -0.0820 1.5411000000 -0.0209
v -0.0799 1.5404000000 -0.0189
v -0.0841 1.5422000000 -0.0228
v -0.0857 1.5448000000 -0.0247
v -0.0731 1.5613000000 -0.0186
v -0.0845 1.5653000000 -0.0238
v -0.0851 1.5630000000 -0.0250
v -0.0829 1.5655000000 -0.0222
v -0.0786 1.5771000000 -0.0241
v -0.0785 1.5772000000 -0.0218
v -0.0783 1.5721000000 -0.0227
v -0.0781 1.5755000000 -0.0213
v -0.0716 1.5450000000 -0.0108
v -0.0713 1.5388000000 -0.0140
v -0.0708 1.5407000000 -0.0152
v -0.0723 1.5388000000 -0.0150
v -0.0722 1.5397000000 -0.0166
v -0.0725 1.5411000000 -0.0185
v -0.0729 1.5430000000 -0.0200
v -0.0730 1.5456000000 -0.0206
v -0.0710 1.5492000000 -0.0116
v -0.0789 1.5776000000 -0.0113
v -0.0705 1.5473000000 -0.0114
v -0.0724 1.5509000000 -0.0118
v -0.0726 1.5491000000 -0.0113
v -0.0723 1.5471000000 -0.0109
v -0.0773 1.5377000000 -0.0122
v -0.0779 1.5394000000 -0.0147
v -0.0760 1.5385000000 -0.0114
v -0.0786 1.5399000000 -0.0170
v -0.0748 1.5388000000 -0.0109
v -0.0779 1.5720000000 -0.0234
v -0.0780 1.5752000000 -0.0233
v -0.0737 1.5475000000 -0.0001
v -0.0659 1.5578000000 0.0488
v -0.0673 1.5672000000 0.0431
v -0.0265 1.5101000000 0.0704
v -0.0259 1.5069000000 0.0708
v -0.0582 1.5471000000 0.0626
v -0.0535 1.5451000000 0.0681
v -0.0256 1.5155000000 0.0822
v -0.0247 1.5147000000 0.0823
v -0.0237 1.5154000000 0.0825
v -0.0246 1.5157000000 0.0822
v -0.0224 1.5159000000 0.0808
v -0.0232 1.5159000000 0.0801
v -0.0234 1.5159000000 0.0810
v -0.0226 1.5159000000 0.0816
v -0.0293 1.5313000000 0.0833
v -0.0330 1.5351000000 0.0821
v -0.0361 1.5304000000 0.0810
v -0.0324 1.5272000000 0.0825
v -0.0250 1.5147000000 0.0727
v -0.0247 1.5164000000 0.0731
v -0.0237 1.5163000000 0.0771
v -0.0240 1.5156000000 0.0766
v -0.0249 1.5121000000 0.0729
v -0.0239 1.5142000000 0.0763
v -0.0266 1.5141000000 0.0702
v -0.0260 1.5167000000 0.0706
v -0.0354 1.5084000000 0.0789
v -0.0314 1.5108000000 0.0802
v -0.0324 1.5141000000 0.0806
v -0.0363 1.5132000000 0.0792
v -0.0257 1.5431000000 0.0825
v -0.0297 1.5391000000 0.0825
v -0.0264 1.5351000000 0.0834
v -0.0225 1.5396000000 0.0832
v -0.0185 1.5447000000 0.0837
v -0.0216 1.5474000000 0.0826
v -0.0171 1.5529000000 0.0873
v -0.0175 1.5494000000 0.0886
v -0.0169 1.5487000000 0.0919
v -0.0173 1.5507000000 0.0906
v -0.0150 1.5448000000 0.0902
v -0.0174 1.5471000000 0.0871
v -0.0110 1.5437000000 0.0906
v -0.0108 1.5446000000 0.0916
v -0.0151 1.5440000000 0.0887
v -0.0153 1.5429000000 0.0868
v -0.0113 1.5428000000 0.0895
v -0.0103 1.5457000000 0.0926
v -0.0130 1.5455000000 0.0927
v -0.0146 1.5474000000 0.0942
v -0.0042 1.5464000000 0.1012
v -0.0054 1.5477000000 0.1032
v -0.0093 1.5763000000 0.0855
v -0.0120 1.5726000000 0.0826
v -0.0093 1.5738000000 0.0878
v -0.0120 1.5705000000 0.0849
v -0.0138 1.5496000000 0.0979
v -0.0152 1.5513000000 0.0962
v -0.0114 1.5509000000 0.1017
v -0.0124 1.5535000000 0.1011
v -0.0037 1.5912000000 0.0841
v -0.0020 1.5429000000 0.0970
v -0.0022 1.5421000000 0.0965
v -0.0016 1.5440000000 0.0989
v -0.0218 1.6485000000 -0.1040
v -0.0226 1.6627000000 -0.0935
v -0.0225 1.6794000000 -0.0704
v -0.0201 1.6839000000 -0.0576
v -0.0056 1.5252000000 0.0974
v -0.0053 1.5279000000 0.0974
v -0.0129 1.5206000000 0.0809
v -0.0073 1.5209000000 0.0825
v -0.0069 1.5191000000 0.0871
v -0.0123 1.5189000000 0.0857
v -0.0164 1.5186000000 0.0835
v -0.0174 1.5200000000 0.0788
v -0.0133 1.5218000000 0.0783
v -0.0074 1.5222000000 0.0797
v -0.0118 1.5180000000 0.0901
v -0.0065 1.5184000000 0.0923
v -0.0064 1.5202000000 0.0949
v -0.0118 1.5195000000 0.0923
v -0.0183 1.5381000000 0.0857
v -0.0140 1.5391000000 0.0881
v -0.0097 1.5396000000 0.0916
v -0.0064 1.5396000000 0.0943
v -0.0058 1.5418000000 0.0945
v -0.0083 1.5423000000 0.0922
v -0.0055 1.5427000000 0.0949
v -0.0080 1.5432000000 0.0929
v -0.0080 1.5442000000 0.0935
v -0.0085 1.5457000000 0.0938
v -0.0066 1.5455000000 0.0951
v -0.0071 1.5467000000 0.0947
v -0.0055 1.5437000000 0.0953
v -0.0042 1.5691000000 0.1007
v -0.0039 1.5726000000 0.0978
v -0.0100 1.5294000000 0.0955
v -0.0050 1.5301000000 0.0968
v -0.0042 1.5341000000 0.0960
v -0.0087 1.5340000000 0.0946
v -0.0134 1.5330000000 0.0922
v -0.0152 1.5274000000 0.0929
v -0.0025 1.5412000000 0.0960
v -0.0104 1.5271000000 0.0957
v -0.0107 1.5245000000 0.0955
v -0.0157 1.5249000000 0.0930
v -0.0159 1.5227000000 0.0925
v -0.0200 1.5245000000 0.0896
v -0.0189 1.5306000000 0.0893
v -0.0248 1.5281000000 0.0859
v -0.0241 1.5215000000 0.0864
v -0.0323 1.5175000000 0.0815
v -0.0271 1.5151000000 0.0820
v -0.0272 1.5166000000 0.0825
v -0.0269 1.5179000000 0.0834
v -0.0313 1.5208000000 0.0826
v -0.0359 1.5181000000 0.0801
v -0.0347 1.5228000000 0.0813
v -0.0291 1.5241000000 0.0840
v -0.0261 1.5195000000 0.0845
v -0.0257 1.5163000000 0.0827
v -0.0247 1.5161000000 0.0825
v -0.0255 1.5172000000 0.0835
v -0.0244 1.5166000000 0.0832
v -0.0249 1.5180000000 0.0845
v -0.0240 1.5171000000 0.0840
v -0.0229 1.5179000000 0.0854
v -0.0236 1.5194000000 0.0861
v -0.0224 1.5163000000 0.0810
v -0.0214 1.5165000000 0.0821
v -0.0216 1.5165000000 0.0834
v -0.0225 1.5163000000 0.0822
v -0.0231 1.5162000000 0.0803
v -0.0231 1.5162000000 0.0816
v -0.0231 1.5169000000 0.0779
v -0.0221 1.5172000000 0.0787
v -0.0237 1.5159000000 0.0796
v -0.0237 1.5160000000 0.0806
v -0.0237 1.5160000000 0.0821
v -0.0236 1.5163000000 0.0825
v -0.0231 1.5165000000 0.0832
v -0.0222 1.5169000000 0.0843
v -0.0159 1.5206000000 0.0914
v -0.0196 1.5204000000 0.0891
v -0.0193 1.5187000000 0.0878
v -0.0157 1.5185000000 0.0895
v -0.0189 1.5175000000 0.0863
v -0.0180 1.5211000000 0.0764
v -0.0155 1.5175000000 0.0877
v -0.0211 1.5189000000 0.0763
v -0.0221 1.5200000000 0.0738
v -0.0200 1.5178000000 0.0806
v -0.0241 1.5176000000 0.0741
v -0.0231 1.5178000000 0.0746
v -0.0251 1.5185000000 0.0716
v -0.0239 1.5191000000 0.0726
v -0.0188 1.5168000000 0.0846
v -0.0199 1.5223000000 0.0896
v -0.0112 1.5220000000 0.0942
v -0.0059 1.5228000000 0.0964
v -0.0049 1.5618000000 0.1074
v -0.0047 1.5658000000 0.1039
v -0.0231 1.5158000000 0.0824
v -0.0119 1.4291000000 0.0368
v -0.0262 1.5139000000 0.0819
v -0.0243 1.5097000000 0.0730
v -0.0231 1.5132000000 0.0767
v -0.0322 1.5039000000 0.0795
v -0.0276 1.4999000000 0.0820
v -0.0252 1.5042000000 0.0833
v -0.0289 1.5074000000 0.0808
v -0.0220 1.5107000000 0.0852
v -0.0246 1.5124000000 0.0830
v -0.0233 1.5138000000 0.0837
v -0.0208 1.5128000000 0.0858
v -0.0200 1.5145000000 0.0862
v -0.0223 1.5149000000 0.0838
v -0.0181 1.5163000000 0.0847
v -0.0137 1.5168000000 0.0876
v -0.0131 1.5131000000 0.0829
v -0.0179 1.5127000000 0.0804
v -0.0220 1.5128000000 0.0779
v -0.0214 1.5160000000 0.0817
v -0.0187 1.5164000000 0.0855
v -0.0216 1.5160000000 0.0826
v -0.0142 1.5169000000 0.0887
v -0.0237 1.4325000000 0.0324
v -0.0219 1.5157000000 0.0834
v -0.0192 1.5159000000 0.0858
v -0.0148 1.5160000000 0.0894
v -0.0158 1.5141000000 0.0899
v -0.0167 1.5119000000 0.0900
v -0.0175 1.5090000000 0.0893
v -0.0197 1.5014000000 0.0872
v -0.0213 1.4961000000 0.0865
v -0.0135 1.4998000000 0.0903
v -0.0147 1.4943000000 0.0907
v -0.0123 1.5079000000 0.0929
v -0.0119 1.5113000000 0.0941
v -0.0112 1.5140000000 0.0936
v -0.0105 1.5161000000 0.0927
v -0.0031 1.5394000000 0.0957
v -0.0054 1.5454000000 0.0964
v -0.0043 1.5456000000 0.0987
v -0.0076 1.5492000000 0.1040
v -0.0016 1.5448000000 0.1012
v -0.0100 1.5508000000 0.1035
v -0.0084 1.5503000000 0.1049
v -0.0090 1.5520000000 0.1058
v -0.0102 1.5526000000 0.1045
v -0.0069 1.5497000000 0.1062
v -0.0082 1.5518000000 0.1069
v -0.0029 1.5487000000 0.1080
v -0.0037 1.5523000000 0.1099
v -0.0047 1.5581000000 0.1096
v -0.0041 1.5546000000 0.1104
v -0.0095 1.5538000000 0.1063
v -0.0108 1.5556000000 0.1044
v -0.0111 1.5586000000 0.1020
v -0.0131 1.5561000000 0.0984
v -0.0108 1.6892000000 -0.0127
v -0.0098 1.5172000000 0.0917
v -0.0089 1.5171000000 0.0899
v -0.0131 1.5027000000 0.0763
v -0.0131 1.5073000000 0.0786
v -0.0082 1.5072000000 0.0802
v -0.0082 1.5028000000 0.0780
v -0.0049 1.5173000000 0.0908
v -0.0047 1.5135000000 0.0855
v -0.0085 1.5134000000 0.0847
v -0.0052 1.5175000000 0.0931
v -0.0057 1.5163000000 0.0944
v -0.0062 1.5140000000 0.0957
v -0.0045 1.5071000000 0.0810
v -0.0045 1.5027000000 0.0788
v -0.0227 1.5082000000 0.0741
v -0.0234 1.5044000000 0.0721
v -0.0181 1.5072000000 0.0766
v -0.0185 1.5032000000 0.0745
v -0.0080 1.4942000000 0.0937
v -0.0071 1.4996000000 0.0926
v -0.0066 1.5109000000 0.0960
v -0.0067 1.5071000000 0.0945
v -0.0228 1.6723000000 -0.0826
v -0.0637 1.6360000000 0.0266
v -0.0621 1.6294000000 0.0349
v -0.0553 1.6375000000 0.0414
v -0.0571 1.6428000000 0.0340
v -0.0640 1.6432000000 0.0181
v -0.0576 1.6489000000 0.0261
v -0.0398 1.6791000000 -0.0322
v -0.0403 1.6787000000 -0.0178
v -0.0219 1.6864000000 -0.0140
v -0.0351 1.6801000000 -0.0466
v -0.0473 1.6709000000 -0.0557
v -0.0491 1.6729000000 -0.0358
v -0.0489 1.6729000000 -0.0204
v -0.0293 1.4737000000 -0.0762
v -0.0529 1.5949000000 -0.0986
v -0.0476 1.6725000000 -0.0066
v -0.0398 1.6775000000 -0.0039
v -0.0396 1.6753000000 0.0087
v -0.0465 1.6709000000 0.0052
v -0.0220 1.6849000000 0.0008
v -0.0108 1.6875000000 0.0027
v -0.0191 1.5563000000 -0.1108
v -0.0038 1.5758000000 0.0950
v -0.0501 1.5071000000 -0.0570
v -0.0605 1.5061000000 -0.0382
v -0.0622 1.4568000000 -0.0124
v -0.0712 1.5294000000 -0.0179
v -0.0709 1.5300000000 -0.0188
v -0.0636 1.4915000000 -0.0177
v -0.0644 1.5049000000 -0.0190
v -0.0399 1.5078000000 -0.0692
v -0.0800 1.5408000000 -0.0294
v -0.0806 1.5446000000 -0.0307
v -0.0813 1.5399000000 -0.0291
v -0.0820 1.5439000000 -0.0307
v -0.0820 1.5482000000 -0.0314
v -0.0819 1.5381000000 -0.0282
v -0.0789 1.5775000000 -0.0191
v -0.0802 1.5791000000 -0.0184
v -0.0711 1.5276000000 -0.0132
v -0.0708 1.5284000000 -0.0150
v -0.0704 1.5280000000 -0.0139
v -0.0703 1.5275000000 -0.0126
v -0.0710 1.5267000000 -0.0116
v -0.0703 1.5269000000 -0.0114
v -0.0810 1.5936000000 -0.0123
v -0.0685 1.5276000000 -0.0150
v -0.0702 1.5297000000 -0.0180
v -0.0703 1.5289000000 -0.0164
v -0.0697 1.5282000000 -0.0148
v -0.0695 1.5270000000 -0.0125
v -0.0697 1.5261000000 -0.0107
v -0.0706 1.5255000000 -0.0104
v -0.0821 1.5370000000 -0.0285
v -0.0753 1.5263000000 -0.0164
v -0.0793 1.5693000000 -0.0257
v -0.0793 1.5674000000 -0.0272
v -0.0816 1.5691000000 -0.0288
v -0.0815 1.5715000000 -0.0274
v -0.0612 1.5422000000 -0.0711
v -0.0622 1.5531000000 -0.0759
v -0.0149 1.4770000000 -0.0813
v -0.0143 1.4885000000 -0.0815
v -0.0757 1.5876000000 -0.0604
v -0.0792 1.5711000000 -0.0241
v -0.0815 1.5734000000 -0.0258
v -0.0809 1.5489000000 -0.0313
v -0.0782 1.5704000000 -0.0241
v -0.0784 1.5686000000 -0.0256
v -0.0826 1.5752000000 -0.0275
v -0.0827 1.5728000000 -0.0292
v -0.0827 1.5702000000 -0.0308
v -0.0784 1.5667000000 -0.0270
v -0.0785 1.5756000000 -0.0260
v -0.0800 1.6193000000 -0.0369
v -0.0785 1.6125000000 -0.0508
v -0.0756 1.6359000000 -0.0409
v -0.0743 1.6301000000 -0.0559
v -0.0698 1.6233000000 -0.0718
v -0.0738 1.6043000000 -0.0668
v -0.0786 1.5772000000 -0.0204
v -0.0811 1.5801000000 -0.0190
v -0.0638 1.6489000000 0.0101
v -0.0690 1.6433000000 0.0031
v -0.0574 1.6542000000 0.0188
v -0.0566 1.6587000000 0.0118
v -0.0625 1.6542000000 0.0028
v -0.0698 1.6467000000 -0.0089
v -0.0815 1.6113000000 -0.0218
v -0.0792 1.6256000000 -0.0230
v -0.0766 1.6304000000 -0.0097
v -0.0740 1.6415000000 -0.0257
v -0.0651 1.6555000000 -0.0156
v -0.0688 1.6513000000 -0.0299
v -0.0583 1.6641000000 -0.0197
v -0.0606 1.6620000000 -0.0343
v -0.0606 1.6594000000 -0.0503
v -0.0703 1.6472000000 -0.0448
v -0.0602 1.6591000000 -0.0036
v -0.0546 1.6629000000 0.0061
v -0.0553 1.6655000000 -0.0072
v -0.0523 1.6666000000 0.0015
v -0.0744 1.6326000000 -0.0027
v -0.0672 1.5207000000 -0.0093
v -0.0695 1.5205000000 -0.0041
v -0.0724 1.5329000000 0.0032
v -0.0701 1.5600000000 0.0367
v -0.0703 1.5725000000 0.0339
v -0.0736 1.5642000000 0.0237
v -0.0728 1.5491000000 0.0259
v -0.0690 1.5862000000 0.0316
v -0.0730 1.5785000000 0.0219
v -0.0726 1.5927000000 0.0189
v -0.0683 1.6009000000 0.0302
v -0.0615 1.6170000000 -0.0873
v -0.0641 1.5999000000 -0.0853
v -0.0647 1.5871000000 -0.0830
v -0.0487 1.6191000000 0.0605
v -0.0214 1.6380000000 -0.1099
v -0.0481 1.6423000000 0.0485
v -0.0535 1.6386000000 -0.0884
v -0.0408 1.6448000000 -0.0961
v -0.0693 1.6417000000 -0.0595
v -0.0658 1.6356000000 -0.0728
v -0.0581 1.6285000000 -0.0878
v -0.0637 1.5710000000 -0.0805
v -0.0474 1.6676000000 0.0130
v -0.0565 1.5851000000 0.0550
v -0.0558 1.5805000000 0.0543
v -0.0567 1.5900000000 0.0565
v -0.0542 1.5758000000 0.0561
v -0.0155 1.5693000000 0.0803
v -0.0151 1.5674000000 0.0824
v -0.0149 1.5650000000 0.0844
v -0.0185 1.5647000000 0.0803
v -0.0179 1.5617000000 0.0823
v -0.0116 1.5657000000 0.0897
v -0.0119 1.5681000000 0.0872
v -0.0143 1.5626000000 0.0864
v -0.0139 1.5594000000 0.0883
v -0.0116 1.5625000000 0.0920
v -0.0180 1.5466000000 0.0849
v -0.0191 1.5513000000 0.0833
v -0.0166 1.5557000000 0.0851
v -0.0218 1.5587000000 0.0812
v -0.0207 1.5553000000 0.0825
v -0.0172 1.5590000000 0.0838
v -0.0229 1.5621000000 0.0791
v -0.0150 1.5560000000 0.0908
v -0.0158 1.5531000000 0.0938
v -0.0123 1.5592000000 0.0952
v -0.0106 1.5617000000 0.0986
v -0.0099 1.5652000000 0.0954
v -0.0191 1.5668000000 0.0785
v -0.0240 1.5645000000 0.0775
v -0.0244 1.5516000000 0.0823
v -0.0290 1.5479000000 0.0823
v -0.0266 1.5560000000 0.0807
v -0.0310 1.5530000000 0.0806
v -0.0276 1.5597000000 0.0787
v -0.0323 1.5569000000 0.0784
v -0.0334 1.5439000000 0.0821
v -0.0370 1.5396000000 0.0812
v -0.0404 1.5343000000 0.0796
v -0.0400 1.5447000000 0.0794
v -0.0438 1.5389000000 0.0776
v -0.0418 1.5498000000 0.0771
v -0.0463 1.5445000000 0.0751
v -0.0359 1.5492000000 0.0803
v -0.0374 1.5536000000 0.0779
v -0.0333 1.5606000000 0.0762
v -0.0287 1.5628000000 0.0767
v -0.0427 1.5612000000 0.0726
v -0.0426 1.5556000000 0.0748
v -0.0381 1.5582000000 0.0756
v -0.0384 1.5628000000 0.0734
v -0.0477 1.5514000000 0.0726
v -0.0473 1.5592000000 0.0710
v -0.0463 1.5643000000 0.0693
v -0.0318 1.5712000000 0.0725
v -0.0269 1.5720000000 0.0732
v -0.0354 1.5708000000 0.0714
v -0.0421 1.5652000000 0.0709
v -0.0385 1.5661000000 0.0720
v -0.0501 1.5714000000 0.0624
v -0.0477 1.5708000000 0.0647
v -0.0418 1.5705000000 0.0688
v -0.0388 1.5706000000 0.0702
v -0.0449 1.5706000000 0.0669
v -0.0223 1.5738000000 0.0731
v -0.0176 1.5758000000 0.0730
v -0.0598 1.4936000000 -0.0351
v -0.0095 1.5685000000 0.0930
v -0.0093 1.5712000000 0.0904
v -0.0143 1.5931000000 0.0749
v -0.0123 1.5902000000 0.0739
v -0.0067 1.5910000000 0.0813
v -0.0186 1.5969000000 0.0775
v -0.0143 1.5783000000 0.0729
v -0.0124 1.5808000000 0.0728
v -0.0113 1.5837000000 0.0729
v -0.0111 1.5870000000 0.0732
v -0.0301 1.6109000000 0.0783
v -0.0266 1.6047000000 0.0803
v -0.0589 1.6232000000 0.0440
v -0.0625 1.6143000000 0.0408
v -0.0511 1.6047000000 0.0639
v -0.0542 1.6003000000 0.0611
v -0.0561 1.5951000000 0.0586
v -0.0644 1.6026000000 0.0387
v -0.0657 1.5900000000 0.0387
v -0.0669 1.5781000000 0.0402
v -0.0497 1.6541000000 0.0344
v -0.0494 1.6594000000 0.0275
v -0.0493 1.6484000000 0.0416
v -0.0397 1.6721000000 0.0185
v -0.0401 1.6684000000 0.0272
v -0.0486 1.6638000000 0.0204
v -0.0408 1.6637000000 0.0346
v -0.0412 1.6583000000 0.0414
v -0.0408 1.6525000000 0.0486
v -0.0398 1.6461000000 0.0554
v -0.0378 1.6378000000 0.0625
v -0.0495 1.4947000000 -0.0540
v -0.0076 1.5577000000 0.0914
v -0.0069 1.5579000000 0.0921
v -0.0065 1.5573000000 0.0908
v -0.0058 1.5575000000 0.0915
v -0.0056 1.5561000000 0.0910
v -0.0068 1.5487000000 0.0937
v -0.0053 1.5506000000 0.0924
v -0.0050 1.5541000000 0.0912
v -0.0718 1.5257000000 0.0014
v -0.0615 1.4620000000 -0.0280
v -0.0577 1.4664000000 -0.0412
v 0.0610 1.4621000000 -0.0287
v 0.0573 1.4667000000 -0.0420
v 0.0230 1.4265000000 0.0304
v 0.0350 1.4310000000 0.0243
v 0.0358 1.4237000000 0.0229
v 0.0237 1.4194000000 0.0286
v 0.0628 1.4462000000 -0.0317
v 0.0616 1.4530000000 -0.0264
v 0.0585 1.4586000000 -0.0435
v 0.0609 1.4517000000 -0.0489
v 0.0512 1.4618000000 -0.0586
v 0.0536 1.4542000000 -0.0635
v 0.0425 1.4548000000 -0.0750
v 0.0408 1.4637000000 -0.0701
v 0.0284 1.4631000000 -0.0787
v 0.0305 1.4536000000 -0.0832
v 0.0465 1.4364000000 0.0153
v 0.0560 1.4424000000 0.0030
v 0.0550 1.4335000000 0.0042
v 0.0458 1.4291000000 0.0152
v 0.0608 1.4485000000 -0.0111
v 0.0612 1.4401000000 -0.0127
v 0.0156 1.4544000000 -0.0876
v 0.0143 1.4656000000 -0.0829
v 0.0261 1.4024000000 0.0270
v 0.0125 1.3992000000 0.0297
v 0.0120 1.4082000000 0.0297
v 0.0250 1.4111000000 0.0273
v 0.0590 1.4061000000 0.0068
v 0.0745 1.4151000000 -0.0093
v 0.0804 1.4060000000 -0.0024
v 0.0644 1.3967000000 0.0134
v 0.0754 1.3730000000 0.0331
v 0.1007 1.3818000000 0.0168
v 0.0980 1.3603000000 0.0399
v 0.0769 1.3558000000 0.0474
v 0.0961 1.3418000000 0.0565
v 0.0770 1.3380000000 0.0612
v 0.0913 1.2905000000 0.0961
v 0.0733 1.2897000000 0.1003
v 0.0745 1.3055000000 0.0877
v 0.0927 1.3069000000 0.0833
v 0.1087 1.1928000000 0.1294
v 0.0937 1.1976000000 0.1351
v 0.1014 1.2138000000 0.1357
v 0.1149 1.2112000000 0.1316
v 0.1630 1.3082000000 0.0566
v 0.1648 1.3257000000 0.0466
v 0.1760 1.3130000000 0.0460
v 0.1733 1.2955000000 0.0537
v 0.1175 1.4173000000 -0.0366
v 0.1114 1.4025000000 -0.0110
v 0.0988 1.4086000000 -0.0172
v 0.1047 1.4217000000 -0.0401
v 0.1644 1.2194000000 0.0738
v 0.1596 1.2074000000 0.0835
v 0.1547 1.2180000000 0.0926
v 0.1581 1.2298000000 0.0844
v 0.1355 1.1070000000 0.0817
v 0.1197 1.1065000000 0.1029
v 0.1188 1.1275000000 0.1004
v 0.1337 1.1278000000 0.0803
v 0.1710 1.1464000000 -0.0002
v 0.1705 1.1445000000 -0.0313
v 0.1673 1.1286000000 -0.0311
v 0.1676 1.1292000000 -0.0003
v 0.1228 1.2894000000 0.0859
v 0.1078 1.2905000000 0.0911
v 0.1096 1.3072000000 0.0788
v 0.1249 1.3063000000 0.0744
v 0.2794 1.2192000000 -0.0011
v 0.2680 1.2043000000 0.0005
v 0.2544 1.2221000000 0.0045
v 0.2658 1.2372000000 0.0026
v 0.1717 1.0313000000 0.0154
v 0.1710 1.0357000000 -0.0156
v 0.1744 1.0164000000 -0.0126
v 0.1736 1.0114000000 0.0187
v 0.2060 1.3588000000 0.0082
v 0.2123 1.3754000000 -0.0141
v 0.2225 1.3620000000 -0.0132
v 0.2157 1.3450000000 0.0077
v 0.1583 1.2782000000 0.0704
v 0.1607 1.2929000000 0.0642
v 0.1701 1.2819000000 0.0586
v 0.1671 1.2696000000 0.0631
v 0.1802 1.1750000000 -0.0368
v 0.1811 1.1772000000 -0.0101
v 0.1835 1.1942000000 -0.0163
v 0.1831 1.1920000000 -0.0405
v 0.1767 1.1610000000 -0.0045
v 0.1756 1.1587000000 -0.0335
v 0.1478 1.2839000000 0.0759
v 0.1360 1.2873000000 0.0810
v 0.1381 1.3043000000 0.0706
v 0.1494 1.3009000000 0.0674
v 0.1026 1.1767000000 0.1223
v 0.0849 1.1827000000 0.1303
v 0.1659 1.0057000000 0.0486
v 0.1529 0.9997000000 0.0750
v 0.1540 1.0214000000 0.0724
v 0.1657 1.0265000000 0.0455
v 0.0999 1.1468000000 0.1125
v 0.0996 1.1628000000 0.1155
v 0.1162 1.1606000000 0.1041
v 0.1164 1.1452000000 0.0982
v 0.1360 0.9941000000 0.0985
v 0.1168 0.9888000000 0.1212
v 0.1182 1.0127000000 0.1186
v 0.1374 1.0167000000 0.0962
v 0.0944 1.3241000000 0.0704
v 0.0760 1.3214000000 0.0745
v 0.1346 1.1913000000 0.1123
v 0.1226 1.1913000000 0.1217
v 0.1275 1.2098000000 0.1241
v 0.1377 1.2092000000 0.1149
v 0.1811 1.2795000000 0.0457
v 0.1864 1.2950000000 0.0401
v 0.1858 1.2714000000 0.0266
v 0.1837 1.2641000000 0.0306
v 0.1758 0.9980000000 -0.0097
v 0.1738 0.9922000000 0.0210
v 0.1345 0.9711000000 0.0995
v 0.1155 0.9648000000 0.1220
v 0.1805 1.2485000000 -0.0346
v 0.1785 1.2516000000 -0.0381
v 0.1784 1.2481000000 -0.0548
v 0.1822 1.2454000000 -0.0524
v 0.0581 1.2164000000 0.1378
v 0.0742 1.2255000000 0.1379
v 0.0808 1.2085000000 0.1386
v 0.0680 1.1955000000 0.1360
v 0.1315 1.1744000000 0.1031
v 0.1307 1.1606000000 0.0920
v 0.1181 1.1744000000 0.1132
v 0.0412 1.2062000000 0.1340
v 0.0534 1.1796000000 0.1317
v 0.0564 1.3185000000 0.0784
v 0.0553 1.3037000000 0.0912
v 0.0569 1.3343000000 0.0660
v 0.0367 1.3305000000 0.0708
v 0.0357 1.3465000000 0.0592
v 0.0559 1.3503000000 0.0541
v 0.0334 1.3612000000 0.0485
v 0.0532 1.3659000000 0.0427
v 0.0424 1.3974000000 0.0191
v 0.0461 1.3889000000 0.0251
v 0.1767 1.2688000000 0.0490
v 0.1737 1.2584000000 0.0525
v 0.1515 0.9779000000 0.0760
v 0.1239 1.3386000000 -0.1370
v 0.1195 1.3203000000 -0.1427
v 0.1392 1.3222000000 -0.1351
v 0.1430 1.3398000000 -0.1290
v 0.1296 1.4163000000 -0.0349
v 0.1273 1.4026000000 -0.0080
v 0.1756 1.2538000000 -0.1107
v 0.1792 1.2582000000 -0.1068
v 0.1786 1.2667000000 -0.1111
v 0.1735 1.2632000000 -0.1160
v 0.1792 1.2579000000 -0.0900
v 0.1784 1.2516000000 -0.0813
v 0.1841 1.2484000000 -0.0848
v 0.1852 1.2550000000 -0.0937
v 0.1680 1.0203000000 -0.0414
v 0.1633 1.0394000000 -0.0446
v 0.1407 1.1572000000 -0.1064
v -0.0013 1.4472000000 -0.0948
v -0.0010 1.4578000000 -0.0879
v 0.1546 1.1496000000 -0.0846
v 0.1625 1.1660000000 -0.0840
v 0.1508 1.1740000000 -0.1037
v 0.0177 1.3141000000 -0.1401
v 0.0174 1.2978000000 -0.1423
v 0.0370 1.3018000000 -0.1462
v 0.0377 1.3184000000 -0.1434
v 0.0823 1.3481000000 -0.1423
v 0.0845 1.3653000000 -0.1361
v 0.0596 1.3572000000 -0.1380
v 0.0589 1.3413000000 -0.1425
v 0.1023 1.3354000000 -0.1438
v 0.0988 1.3166000000 -0.1485
v 0.1801 1.1934000000 -0.0633
v 0.1762 1.1770000000 -0.0615
v 0.1844 1.2253000000 -0.0487
v 0.1834 1.2256000000 -0.0674
v 0.1837 1.2172000000 -0.0667
v 0.1851 1.2171000000 -0.0469
v 0.0956 1.4272000000 -0.0454
v 0.0918 1.4320000000 -0.0674
v 0.1032 1.4274000000 -0.0646
v 0.0545 1.4103000000 -0.1126
v 0.0539 1.4029000000 -0.1175
v 0.0692 1.4089000000 -0.1117
v 0.0649 1.4145000000 -0.1076
v 0.0408 1.2269000000 -0.1508
v 0.0194 1.2268000000 -0.1477
v 0.0200 1.2046000000 -0.1458
v 0.0433 1.2026000000 -0.1485
v 0.1815 1.2445000000 -0.0926
v 0.1803 1.2393000000 -0.0949
v 0.1821 1.2345000000 -0.0830
v 0.1813 1.2394000000 -0.0818
v 0.1805 1.2200000000 -0.0831
v 0.1817 1.2281000000 -0.0831
v 0.1784 1.2330000000 -0.0960
v 0.1759 1.2252000000 -0.0972
v 0.1599 1.1898000000 -0.1008
v 0.1698 1.1824000000 -0.0828
v 0.1752 1.1978000000 -0.0831
v 0.1674 1.2043000000 -0.1001
v 0.0189 1.1304000000 -0.1310
v 0.0395 1.1270000000 -0.1346
v 0.0403 1.1521000000 -0.1396
v 0.0192 1.1550000000 -0.1373
v 0.1876 1.2599000000 -0.0095
v 0.1917 1.2672000000 0.0080
v 0.1951 1.2583000000 0.0027
v 0.1921 1.2495000000 -0.0159
v 0.2116 1.2737000000 -0.1137
v 0.2038 1.2770000000 -0.1132
v 0.2005 1.2700000000 -0.1113
v 0.2085 1.2675000000 -0.1126
v 0.1969 1.2274000000 -0.0382
v 0.1982 1.2360000000 -0.0207
v 0.2070 1.2198000000 -0.0246
v 0.2047 1.2114000000 -0.0426
v 0.1422 1.4144000000 -0.0650
v 0.1424 1.4158000000 -0.0335
v 0.1308 1.4189000000 -0.0638
v 0.1933 1.2215000000 -0.0696
v 0.1935 1.2255000000 -0.0835
v 0.1872 1.2357000000 -0.0784
v 0.1882 1.2337000000 -0.0643
v 0.2766 1.2508000000 -0.0089
v 0.2903 1.2329000000 -0.0118
v 0.2146 1.1938000000 -0.0622
v 0.2167 1.1963000000 -0.0774
v 0.2032 1.2083000000 -0.0742
v 0.2034 1.2072000000 -0.0590
v 0.1329 1.1405000000 -0.1066
v 0.1489 1.1337000000 -0.0853
v 0.1366 1.0250000000 -0.0860
v 0.1547 1.0232000000 -0.0665
v 0.1489 1.0427000000 -0.0696
v 0.1311 1.0452000000 -0.0895
v 0.1695 1.0020000000 -0.0386
v 0.1391 1.0056000000 -0.0818
v 0.1567 1.0045000000 -0.0629
v 0.0715 1.4396000000 -0.0640
v 0.0591 1.4401000000 -0.0810
v 0.0701 1.4346000000 -0.0842
v 0.0820 1.4358000000 -0.0693
v 0.1870 0.8860000000 -0.0380
v 0.1849 0.8581000000 -0.0426
v 0.1912 0.8554000000 -0.0099
v 0.1910 0.8820000000 -0.0050
v 0.0392 1.4255000000 -0.1048
v 0.0559 1.4315000000 -0.0946
v 0.0459 1.4373000000 -0.0920
v 0.0321 1.4339000000 -0.1003
v 0.1895 0.9071000000 -0.0043
v 0.1859 0.9129000000 -0.0360
v 0.0864 1.4318000000 -0.0463
v 0.0762 1.4354000000 -0.0420
v 0.0811 1.4239000000 -0.0264
v 0.0721 1.4273000000 -0.0228
v 0.0646 1.4201000000 -0.0055
v 0.1907 0.8468000000 0.0222
v 0.1888 0.8731000000 0.0247
v 0.0569 1.4467000000 -0.0706
v 0.0445 1.4459000000 -0.0826
v 0.0285 1.4431000000 -0.0922
v 0.0126 1.4435000000 -0.0963
v 0.1722 0.9840000000 -0.0372
v 0.1773 0.9797000000 -0.0079
v 0.1248 0.7532000000 -0.1135
v 0.0969 0.7492000000 -0.1218
v 0.0936 0.7355000000 -0.1117
v 0.1264 0.7377000000 -0.1028
v 0.0274 0.7594000000 -0.1250
v 0.0231 0.7450000000 -0.1089
v 0.0582 0.7384000000 -0.1124
v 0.0638 0.7519000000 -0.1254
v 0.0653 0.8822000000 -0.1483
v 0.0664 0.9048000000 -0.1413
v 0.0357 0.9043000000 -0.1426
v 0.0344 0.8816000000 -0.1490
v 0.1431 0.9872000000 -0.0815
v 0.1602 0.9864000000 -0.0621
v 0.1742 0.9734000000 0.0225
v 0.1918 0.7205000000 -0.0085
v 0.1862 0.6862000000 -0.0097
v 0.1834 0.6779000000 0.0306
v 0.1873 0.7124000000 0.0343
v 0.1501 0.6925000000 -0.0721
v 0.1549 0.7209000000 -0.0761
v 0.1227 0.7173000000 -0.0942
v 0.1180 0.6932000000 -0.0889
v 0.0952 0.9590000000 0.1427
v 0.1143 0.9418000000 0.1203
v 0.0936 0.9350000000 0.1400
v 0.0267 0.9464000000 0.1733
v 0.0516 0.9498000000 0.1685
v 0.0481 0.9250000000 0.1648
v 0.0241 0.9217000000 0.1693
v 0.0295 0.8019000000 0.1411
v 0.0133 0.8011000000 0.1435
v 0.0160 0.8253000000 0.1477
v 0.0354 0.8275000000 0.1449
v 0.1796 0.8630000000 0.0533
v 0.1621 0.8526000000 0.0779
v 0.1599 0.8752000000 0.0773
v 0.1763 0.8860000000 0.0532
v 0.0191 0.7339000000 -0.0887
v 0.0512 0.7266000000 -0.0957
v 0.1680 0.6710000000 0.0689
v 0.1697 0.7045000000 0.0731
v 0.1418 0.6669000000 0.0971
v 0.1076 0.6663000000 0.1096
v 0.1101 0.6956000000 0.1128
v 0.1430 0.6981000000 0.0999
v 0.0285 0.7294000000 0.1090
v 0.0110 0.7164000000 0.0822
v 0.0112 0.7182000000 0.0894
v 0.0255 0.7376000000 0.1177
v 0.0302 0.7742000000 -0.1358
v 0.0645 0.7683000000 -0.1366
v 0.0641 0.7871000000 -0.1449
v 0.0312 0.7913000000 -0.1440
v 0.1185 1.0059000000 -0.0955
v 0.1226 0.9867000000 -0.0961
v 0.0966 1.0060000000 -0.1045
v 0.1161 1.0265000000 -0.0996
v 0.0936 1.0272000000 -0.1078
v 0.0907 1.1602000000 -0.1342
v 0.1132 1.1492000000 -0.1228
v 0.1216 1.1667000000 -0.1238
v 0.0999 1.1801000000 -0.1363
v 0.0571 1.3065000000 -0.1496
v 0.0579 1.3238000000 -0.1468
v 0.0800 0.6983000000 -0.0948
v 0.0389 0.7116000000 -0.0826
v 0.0462 0.6751000000 -0.0819
v 0.0825 0.6702000000 -0.0896
v 0.1682 0.6604000000 -0.0448
v 0.1747 0.6917000000 -0.0455
v 0.1457 0.6636000000 -0.0696
v 0.1802 0.6536000000 -0.0102
v 0.1789 0.6454000000 0.0291
v 0.1379 0.6355000000 0.0940
v 0.1038 0.6364000000 0.1052
v 0.0168 0.6691000000 0.0729
v 0.0402 0.6675000000 0.0921
v 0.0383 0.6432000000 0.0838
v 0.0160 0.6477000000 0.0620
v 0.0730 0.8000000000 0.1276
v 0.1094 0.8230000000 0.1139
v 0.1101 0.7986000000 0.1135
v 0.0792 0.7766000000 0.1223
v 0.0325 0.9718000000 0.1751
v 0.0536 0.9759000000 0.1705
v 0.0735 0.9540000000 0.1587
v 0.0748 0.9800000000 0.1601
v 0.0965 0.9841000000 0.1430
v 0.0548 1.0827000000 0.1597
v 0.0801 1.0832000000 0.1468
v 0.0780 1.0581000000 0.1523
v 0.0532 1.0567000000 0.1652
v 0.0564 1.1085000000 0.1522
v 0.0816 1.1083000000 0.1401
v 0.0550 1.1562000000 0.1317
v 0.0789 1.1682000000 0.1254
v 0.0796 1.1508000000 0.1239
v 0.0365 1.3153000000 0.0822
v 0.0358 1.3005000000 0.0935
v 0.1828 0.8381000000 0.0520
v 0.0089 0.7019000000 -0.0531
v -0.0016 0.6908000000 -0.0184
v 0.0011 0.6671000000 -0.0291
v 0.0168 0.6735000000 -0.0601
v 0.1860 0.8970000000 0.0256
v 0.1650 0.9852000000 0.0501
v 0.1642 0.9655000000 0.0507
v 0.1599 1.1313000000 0.0306
v 0.1627 1.1528000000 0.0362
v 0.0892 1.2308000000 0.1354
v 0.0910 1.2179000000 0.1376
v 0.1807 0.7244000000 -0.0467
v 0.1270 0.5802000000 0.0845
v 0.0928 0.5810000000 0.0925
v 0.0983 0.6079000000 0.0997
v 0.1330 0.6067000000 0.0898
v 0.0053 0.6278000000 0.0237
v 0.0165 0.6230000000 0.0506
v 0.0189 0.5967000000 0.0398
v 0.0103 0.6015000000 0.0128
v 0.0149 0.5747000000 0.0048
v 0.0214 0.5698000000 0.0322
v 0.0216 0.5431000000 0.0225
v 0.0177 0.5485000000 -0.0034
v 0.1642 0.6391000000 0.0664
v 0.1674 0.5883000000 0.0291
v 0.1535 0.5824000000 0.0615
v 0.1591 0.6094000000 0.0644
v 0.1736 0.6158000000 0.0293
v 0.1166 0.6659000000 -0.0848
v 0.0022 0.6523000000 0.0355
v 0.0015 0.6722000000 0.0479
v 0.0172 0.6087000000 -0.0414
v 0.0338 0.6113000000 -0.0652
v 0.0255 0.6412000000 -0.0630
v 0.0085 0.6378000000 -0.0360
v 0.1435 0.6084000000 -0.0640
v 0.1618 0.6038000000 -0.0389
v 0.1647 0.6308000000 -0.0413
v 0.1445 0.6354000000 -0.0666
v 0.1695 0.5961000000 -0.0063
v 0.1749 0.6233000000 -0.0076
v 0.1560 0.5362000000 0.0278
v 0.1404 0.5310000000 0.0555
v 0.1469 0.5564000000 0.0585
v 0.1612 0.5623000000 0.0284
v 0.1597 0.5445000000 -0.0052
v 0.1641 0.5703000000 -0.0057
v 0.1585 0.5775000000 -0.0371
v 0.1556 0.5516000000 -0.0346
v 0.1403 0.5576000000 -0.0571
v 0.1422 0.5830000000 -0.0609
v 0.1193 0.5858000000 -0.0772
v 0.1198 0.5610000000 -0.0731
v 0.0930 0.5871000000 -0.0831
v 0.0655 0.5869000000 -0.0790
v 0.0712 0.5621000000 -0.0765
v 0.0962 0.5624000000 -0.0791
v 0.0308 0.5568000000 -0.0500
v 0.0482 0.5599000000 -0.0673
v 0.0413 0.5849000000 -0.0665
v 0.0247 0.5819000000 -0.0457
v 0.0553 0.4581000000 -0.0634
v 0.0743 0.4620000000 -0.0668
v 0.0671 0.4871000000 -0.0684
v 0.0468 0.4836000000 -0.0628
v 0.0925 0.4649000000 -0.0722
v 0.1107 0.4663000000 -0.0719
v 0.1065 0.4900000000 -0.0707
v 0.0871 0.4891000000 -0.0705
v 0.1389 0.4843000000 -0.0469
v 0.1244 0.4887000000 -0.0634
v 0.1285 0.4646000000 -0.0641
v 0.1422 0.4595000000 -0.0469
v 0.1534 0.4538000000 -0.0270
v 0.1532 0.4778000000 -0.0275
v 0.1506 0.4466000000 -0.0033
v 0.1543 0.4702000000 -0.0037
v 0.1397 0.4631000000 0.0230
v 0.1380 0.4399000000 0.0227
v 0.0288 0.4434000000 -0.0148
v 0.0298 0.4489000000 -0.0362
v 0.0225 0.4737000000 -0.0296
v 0.0240 0.4678000000 -0.0080
v 0.0537 0.4603000000 0.0323
v 0.0720 0.4582000000 0.0543
v 0.0714 0.4345000000 0.0439
v 0.0546 0.4364000000 0.0221
v 0.1564 0.5190000000 -0.0047
v 0.1506 0.5108000000 0.0268
v 0.1384 0.5328000000 -0.0530
v 0.1534 0.5266000000 -0.0318
v 0.0360 0.5326000000 -0.0544
v 0.0544 0.5359000000 -0.0680
v 0.0221 0.5173000000 0.0123
v 0.0188 0.5232000000 -0.0119
v 0.1075 0.5048000000 0.0694
v 0.1336 0.5068000000 0.0532
v 0.1281 0.4824000000 0.0511
v 0.1025 0.4799000000 0.0668
v 0.1557 0.4948000000 -0.0043
v 0.1526 0.5023000000 -0.0295
v 0.1377 0.5085000000 -0.0493
v 0.1218 0.5126000000 -0.0653
v 0.1024 0.5139000000 -0.0718
v 0.0820 0.5135000000 -0.0713
v 0.0606 0.5117000000 -0.0686
v 0.0410 0.5085000000 -0.0589
v 0.0200 0.4985000000 -0.0211
v 0.0227 0.4925000000 0.0017
v 0.0983 0.4568000000 0.0615
v 0.1249 0.4585000000 0.0480
v 0.1239 0.4365000000 0.0430
v 0.0958 0.4350000000 0.0520
v 0.0954 0.4148000000 0.0415
v 0.0744 0.4148000000 0.0326
v 0.0974 0.4400000000 -0.0754
v 0.1158 0.4406000000 -0.0736
v 0.1332 0.4390000000 -0.0652
v 0.1550 0.4298000000 -0.0284
v 0.1490 0.4217000000 -0.0013
v 0.1346 0.4159000000 0.0222
v 0.1188 0.4158000000 0.0371
v 0.0442 0.3982000000 -0.0440
v 0.0387 0.4241000000 -0.0393
v 0.0368 0.4200000000 -0.0202
v 0.0436 0.3940000000 -0.0241
v 0.0653 0.4066000000 -0.0726
v 0.0825 0.4109000000 -0.0819
v 0.0799 0.4370000000 -0.0697
v 0.0623 0.4333000000 -0.0618
v 0.1029 0.4132000000 -0.0851
v 0.1230 0.4136000000 -0.0811
v 0.1413 0.4129000000 -0.0715
v 0.1475 0.4357000000 -0.0502
v 0.1550 0.4097000000 -0.0538
v 0.1574 0.4032000000 -0.0286
v 0.1495 0.3957000000 0.0038
v 0.1300 0.3611000000 0.0213
v 0.1266 0.3891000000 0.0237
v 0.1529 0.3680000000 0.0035
v 0.1044 0.2691000000 0.0070
v 0.1302 0.2703000000 0.0081
v 0.1266 0.2375000000 0.0011
v 0.1038 0.2361000000 0.0005
v 0.0455 0.3669000000 -0.0286
v 0.0444 0.3706000000 -0.0514
v 0.0656 0.3781000000 -0.0831
v 0.0854 0.3820000000 -0.0924
v 0.1679 0.3458000000 -0.0325
v 0.1632 0.3754000000 -0.0282
v 0.1616 0.3817000000 -0.0564
v 0.1656 0.3513000000 -0.0611
v 0.0454 0.2745000000 -0.0423
v 0.0452 0.2770000000 -0.0646
v 0.0423 0.3090000000 -0.0624
v 0.0427 0.3063000000 -0.0380
v 0.0643 0.3474000000 -0.0907
v 0.0643 0.3152000000 -0.0957
v 0.0844 0.3186000000 -0.1055
v 0.0849 0.3509000000 -0.1007
v 0.1645 0.2797000000 -0.0392
v 0.1683 0.3138000000 -0.0362
v 0.1666 0.3184000000 -0.0644
v 0.1634 0.2835000000 -0.0660
v 0.1569 0.3391000000 -0.0013
v 0.1569 0.3080000000 -0.0065
v 0.1332 0.3022000000 0.0133
v 0.1315 0.3330000000 0.0185
v 0.1046 0.3007000000 0.0132
v 0.1024 0.3306000000 0.0178
v -0.0002 0.7223000000 0.0978
v -0.0004 0.7130000000 0.0719
v -0.0005 0.7174000000 0.0499
v 0.0608 0.2072000000 -0.0634
v 0.0531 0.2426000000 -0.0643
v 0.0526 0.2398000000 -0.0437
v 0.0606 0.2045000000 -0.0450
v 0.0874 0.2845000000 -0.1053
v 0.0671 0.2819000000 -0.0966
v 0.0731 0.2470000000 -0.0924
v 0.0909 0.2489000000 -0.1006
v 0.1514 0.2061000000 -0.0433
v 0.1585 0.2437000000 -0.0415
v 0.1571 0.2464000000 -0.0661
v 0.1494 0.2089000000 -0.0659
v 0.1238 0.2016000000 -0.0063
v 0.1489 0.2405000000 -0.0142
v 0.1434 0.2032000000 -0.0203
v 0.1190 0.1669000000 -0.0103
v 0.1009 0.1663000000 -0.0097
v 0.1025 0.2009000000 -0.0058
v 0.0671 0.1711000000 -0.0455
v 0.0657 0.1731000000 -0.0620
v 0.0920 0.1781000000 -0.0921
v 0.0929 0.2129000000 -0.0955
v 0.0770 0.2113000000 -0.0878
v 0.0779 0.1765000000 -0.0843
v 0.1284 0.2121000000 -0.0919
v 0.1108 0.2132000000 -0.0971
v 0.1091 0.1785000000 -0.0934
v 0.1250 0.1769000000 -0.0878
v 0.1413 0.1746000000 -0.0646
v 0.1415 0.2109000000 -0.0816
v 0.1349 0.1760000000 -0.0782
v 0.1440 0.1720000000 -0.0437
v 0.1370 0.1685000000 -0.0225
v -0.0002 0.7226000000 -0.0231
v -0.0034 0.7105000000 0.0111
v -0.0021 0.7044000000 -0.0041
v 0.0051 0.7182000000 -0.0387
v 0.0375 0.6172000000 0.0757
v 0.0365 0.5906000000 0.0660
v 0.0349 0.5376000000 0.0470
v 0.0364 0.5641000000 0.0575
v 0.0350 0.5118000000 0.0356
v 0.0353 0.4862000000 0.0242
v 0.0348 0.4628000000 0.0127
v 0.0378 0.4393000000 0.0037
v 0.0444 0.4155000000 -0.0013
v 0.0513 0.3899000000 -0.0034
v 0.0546 0.3348000000 -0.0112
v 0.0437 0.3373000000 -0.0334
v 0.0551 0.3636000000 -0.0073
v 0.0565 0.2718000000 -0.0185
v 0.0542 0.3039000000 -0.0147
v 0.0621 0.2372000000 -0.0226
v 0.0686 0.2017000000 -0.0272
v 0.0746 0.1686000000 -0.0296
v 0.0767 0.7156000000 0.1147
v 0.0462 0.7079000000 0.1067
v 0.0497 0.7234000000 0.1127
v 0.0792 0.7365000000 0.1174
v 0.0037 0.7154000000 0.0602
v -0.0002 0.7188000000 0.0411
v 0.0013 0.7193000000 0.0467
v 0.0047 0.7160000000 0.0663
v 0.1450 0.4870000000 0.0250
v 0.1206 0.5369000000 -0.0684
v 0.0994 0.5381000000 -0.0747
v 0.0766 0.5379000000 -0.0736
v -0.0005 0.7249000000 0.0304
v 0.0534 0.5071000000 0.0580
v 0.0778 0.5050000000 0.0710
v 0.0743 0.4810000000 0.0635
v 0.0508 0.4824000000 0.0470
v 0.0988 0.3560000000 0.0208
v 0.0761 0.3321000000 0.0055
v 0.0742 0.3593000000 0.0101
v 0.0976 0.3788000000 0.0260
v 0.1304 0.3858000000 -0.0896
v 0.1490 0.3851000000 -0.0775
v 0.1339 0.3555000000 -0.0979
v 0.1080 0.3848000000 -0.0943
v 0.1093 0.3543000000 -0.1031
v 0.0591 0.5579000000 0.0764
v 0.0877 0.5549000000 0.0846
v 0.0829 0.5298000000 0.0771
v 0.0559 0.5323000000 0.0668
v 0.1420 1.0615000000 -0.0729
v 0.1247 1.0647000000 -0.0922
v 0.1550 1.1841000000 0.0812
v 0.1580 1.1698000000 0.0625
v 0.1445 1.1630000000 0.0777
v 0.1437 1.1773000000 0.0924
v 0.1634 1.1940000000 0.0708
v 0.1674 1.1803000000 0.0512
v 0.1692 1.2062000000 0.0605
v -0.0009 1.3929000000 -0.1208
v -0.0009 1.4057000000 -0.1167
v 0.1737 1.1931000000 0.0414
v 0.1813 1.2530000000 0.0114
v 0.1795 1.2586000000 0.0070
v 0.0566 1.1334000000 0.1428
v 0.0290 1.1321000000 0.1488
v 0.0286 1.1549000000 0.1376
v 0.0711 0.9292000000 0.1552
v 0.0481 0.8009000000 0.1359
v 0.0571 0.8304000000 0.1389
v 0.0822 0.8363000000 0.1292
v 0.0086 0.7336000000 0.1139
v 0.0629 1.1470000000 -0.1372
v 0.0615 1.1221000000 -0.1330
v 0.0379 1.3344000000 -0.1404
v 0.0180 1.3299000000 -0.1375
v 0.0376 1.3642000000 -0.1329
v 0.0370 1.3774000000 -0.1290
v 0.0176 1.3724000000 -0.1283
v -0.0002 1.0793000000 0.1683
v -0.0003 1.0550000000 0.1736
v 0.0180 1.3594000000 -0.1315
v 0.0193 1.4229000000 -0.1092
v -0.0002 1.1517000000 0.1389
v -0.0002 1.1288000000 0.1499
v 0.0153 1.4332000000 -0.1033
v -0.0016 0.7167000000 0.0350
v -0.0025 0.7243000000 0.0089
v -0.0019 0.7241000000 0.0204
v 0.0187 0.6872000000 0.0829
v 0.0029 0.6875000000 0.0596
v 0.0051 0.6987000000 0.0689
v 0.0218 0.7012000000 0.0913
v 0.1890 0.7468000000 0.0389
v 0.1952 0.7554000000 -0.0035
v 0.0873 0.7193000000 -0.1010
v 0.2480 1.1705000000 -0.0789
v 0.2545 1.1781000000 -0.0901
v 0.2379 1.1912000000 -0.0908
v 0.2321 1.1841000000 -0.0787
v 0.0654 1.2276000000 -0.1510
v 0.0743 1.1991000000 -0.1456
v 0.0905 1.4175000000 -0.0238
v 0.1662 1.4105000000 -0.0289
v 0.1629 1.3997000000 -0.0012
v 0.1526 1.4027000000 -0.0045
v 0.1543 1.4138000000 -0.0318
v -0.0005 0.7326000000 0.0118
v 0.1604 1.3577000000 -0.1134
v 0.1621 1.3758000000 -0.1009
v 0.1491 1.3773000000 -0.1075
v 0.1464 1.3581000000 -0.1201
v 0.0329 0.8576000000 -0.1527
v 0.0638 0.8581000000 -0.1530
v 0.0430 1.0541000000 -0.1154
v 0.0662 1.0513000000 -0.1163
v 0.0626 1.0739000000 -0.1222
v -0.0001 0.7380000000 -0.0512
v 0.0000 0.7437000000 -0.0646
v 0.0404 1.0776000000 -0.1221
v 0.0992 1.2131000000 -0.1433
v 0.1163 1.1959000000 -0.1336
v 0.0353 1.2517000000 0.1237
v 0.0536 1.2563000000 0.1248
v 0.0546 1.2379000000 0.1332
v 0.0367 1.2315000000 0.1312
v 0.2355 1.2348000000 -0.1076
v 0.2163 1.2391000000 -0.1070
v 0.2101 1.2257000000 -0.0991
v 0.2263 1.2152000000 -0.1007
v 0.1839 0.7628000000 -0.0493
v 0.1571 0.7469000000 -0.0835
v 0.1559 1.0940000000 -0.0571
v 0.1419 1.0975000000 -0.0833
v 0.1393 1.0791000000 -0.0776
v 0.1542 1.0756000000 -0.0526
v 0.1647 1.1457000000 -0.0595
v 0.1602 1.1297000000 -0.0598
v 0.1707 1.1607000000 -0.0604
v 0.1824 1.2457000000 -0.0679
v 0.1779 1.2479000000 -0.0697
v 0.1830 1.2495000000 -0.0800
v 0.0436 0.6900000000 0.1003
v 0.0524 0.7516000000 0.1225
v 0.0474 0.7651000000 0.1283
v -0.0003 0.7252000000 0.0277
v 0.0649 1.4326000000 -0.0184
v 0.0589 1.4267000000 -0.0014
v 0.1901 1.2362000000 -0.0489
v 0.1952 1.2224000000 -0.0543
v 0.1799 1.2410000000 -0.0323
v 0.1812 1.2371000000 -0.0512
v 0.1828 1.2317000000 -0.0501
v 0.1817 1.2354000000 -0.0299
v 0.1815 1.2368000000 -0.0678
v 0.1830 1.2316000000 -0.0680
v 0.1397 1.3220000000 0.0595
v 0.1417 1.3396000000 0.0469
v 0.1533 1.3341000000 0.0462
v 0.1517 1.3170000000 0.0579
v 0.1267 1.3242000000 0.0624
v 0.1115 1.3248000000 0.0661
v 0.1135 1.3431000000 0.0520
v 0.1289 1.3422000000 0.0488
v 0.0704 1.3873000000 0.0226
v 0.0879 1.3966000000 0.0051
v 0.0500 1.3793000000 0.0337
v 0.0313 1.3740000000 0.0402
v 0.0205 1.4113000000 -0.1150
v 0.0183 1.3976000000 -0.1204
v 0.0402 1.4033000000 -0.1187
v 0.0433 1.4147000000 -0.1116
v 0.0520 1.4153000000 0.0085
v 0.0398 1.4071000000 0.0185
v 0.0272 1.3930000000 0.0287
v 0.2829 1.2605000000 -0.0257
v 0.2959 1.2426000000 -0.0271
v 0.0652 1.4447000000 -0.0547
v 0.0673 1.4391000000 -0.0365
v 0.2867 1.2657000000 -0.0453
v 0.2991 1.2470000000 -0.0458
v 0.1413 1.4032000000 -0.0063
v 0.1490 1.3821000000 0.0159
v 0.1372 1.3820000000 0.0152
v 0.0482 1.4228000000 0.0122
v 0.0376 1.4157000000 0.0207
v 0.1949 0.7897000000 0.0064
v 0.1879 0.7803000000 0.0440
v 0.1641 1.0471000000 0.0415
v 0.1683 1.0509000000 0.0114
v 0.0277 1.0812000000 0.1666
v 0.0262 1.0548000000 0.1724
v 0.0113 1.4168000000 0.0318
v 0.0522 1.0029000000 0.1709
v 0.0257 0.9980000000 0.1766
v 0.0257 1.0272000000 0.1756
v 0.0520 1.0301000000 0.1689
v 0.0143 0.9568000000 0.1744
v 0.0158 0.9701000000 0.1749
v 0.0119 0.7810000000 0.1401
v 0.0245 0.7810000000 0.1382
v 0.2257 1.2996000000 0.0169
v 0.2325 1.3168000000 0.0043
v 0.2422 1.3020000000 0.0012
v 0.2339 1.2859000000 0.0140
v 0.0754 1.0066000000 0.1592
v 0.0978 1.0096000000 0.1408
v 0.1819 1.2451000000 0.0148
v 0.1807 1.2554000000 0.0341
v 0.0271 1.1764000000 0.1328
v 0.0724 1.2427000000 0.1325
v 0.0721 1.2588000000 0.1237
v 0.0894 1.2604000000 0.1200
v 0.0891 1.2456000000 0.1293
v -0.0004 0.7274000000 0.0165
v 0.2169 1.3072000000 -0.1101
v 0.2257 1.3017000000 -0.1080
v 0.2292 1.3116000000 -0.1026
v 0.2205 1.3181000000 -0.1046
v -0.0030 0.6930000000 0.0296
v -0.0030 0.6795000000 0.0164
v 0.0131 0.7282000000 -0.0659
v 0.0022 0.7321000000 -0.0467
v 0.0675 0.6388000000 0.1000
v 0.0715 0.6666000000 0.1062
v 0.0641 0.6109000000 0.0929
v 0.0612 0.5839000000 0.0847
v 0.0600 0.4137000000 0.0157
v 0.0708 0.3872000000 0.0167
v 0.0777 0.3017000000 0.0008
v 0.0002 0.7440000000 -0.0841
v 0.0795 0.2700000000 -0.0043
v 0.0818 0.2364000000 -0.0097
v 0.0839 0.2010000000 -0.0146
v 0.0862 0.1669000000 -0.0172
v 0.2983 1.2451000000 -0.0645
v 0.2867 1.2650000000 -0.0667
v 0.2801 1.2554000000 -0.0839
v 0.2937 1.2372000000 -0.0801
v 0.2158 1.1970000000 -0.0456
v 0.2189 1.2042000000 -0.0282
v 0.2311 1.1887000000 -0.0307
v 0.2283 1.1832000000 -0.0477
v 0.2411 1.1678000000 -0.0494
v 0.2428 1.1673000000 -0.0650
v 0.2286 1.1818000000 -0.0640
v 0.2630 1.1898000000 -0.0979
v 0.2713 1.2028000000 -0.1009
v 0.2548 1.2182000000 -0.1036
v 0.2448 1.2029000000 -0.0994
v 0.2867 1.2272000000 -0.0921
v 0.2721 1.2432000000 -0.0954
v 0.2634 1.2309000000 -0.1021
v 0.2787 1.2152000000 -0.0992
v 0.2570 1.1908000000 -0.0057
v 0.2486 1.1797000000 -0.0173
v 0.2360 1.1971000000 -0.0150
v 0.2440 1.2083000000 -0.0023
v 0.2403 1.3323000000 -0.0146
v 0.2497 1.3145000000 -0.0176
v 0.1856 1.2783000000 0.0186
v 0.1899 1.2913000000 0.0317
v 0.1941 1.2859000000 0.0278
v 0.1838 1.2748000000 0.0129
v 0.2636 1.2691000000 -0.0054
v 0.2521 1.2862000000 -0.0015
v 0.2592 1.2972000000 -0.0198
v 0.2704 1.2788000000 -0.0227
v 0.2313 1.2256000000 0.0020
v -0.0002 0.7371000000 -0.0369
v 0.2238 1.2140000000 -0.0116
v 0.2114 1.2303000000 -0.0070
v 0.2188 1.2410000000 0.0077
v 0.2216 1.2040000000 -0.0903
v 0.2063 1.2153000000 -0.0877
v 0.2161 1.2820000000 0.0238
v 0.2226 1.2686000000 0.0190
v 0.1778 1.2452000000 0.0372
v 0.1843 1.2205000000 -0.0247
v 0.1832 1.2289000000 -0.0273
v 0.1445 1.1934000000 0.1026
v 0.1458 1.2092000000 0.1056
v 0.1783 1.1832000000 0.0170
v 0.1814 1.1992000000 0.0091
v 0.1529 1.1984000000 0.0930
v 0.1512 1.2091000000 0.0980
v 0.1018 1.1288000000 0.1177
v 0.0289 1.3840000000 0.0335
v 0.2423 1.2700000000 0.0104
v 0.2298 1.2541000000 0.0137
v 0.1908 1.2496000000 -0.0995
v 0.1882 1.2420000000 -0.0901
v 0.1968 1.2341000000 -0.0955
v 0.0003 0.7536000000 -0.1005
v 0.0000 0.7673000000 -0.1163
v 0.2019 1.2440000000 -0.1041
v 0.1343 1.2369000000 -0.1345
v 0.1181 1.2255000000 -0.1391
v 0.1319 1.2108000000 -0.1291
v 0.1455 1.2239000000 -0.1251
v 0.2369 1.3238000000 -0.0878
v 0.2436 1.3261000000 -0.0768
v 0.2338 1.3401000000 -0.0762
v 0.2280 1.3344000000 -0.0884
v 0.2498 1.3265000000 -0.0608
v 0.2531 1.3232000000 -0.0400
v 0.2435 1.3414000000 -0.0381
v 0.2395 1.3433000000 -0.0597
v 0.1825 0.8306000000 -0.0497
v 0.1909 0.8267000000 -0.0178
v 0.1500 0.9571000000 0.0755
v 0.1330 0.9492000000 0.0985
v 0.1114 0.8492000000 0.1152
v 0.0262 0.7215000000 0.1044
v 0.0082 0.7123000000 0.0787
v -0.0014 0.6591000000 0.0041
v 0.1929 0.8204000000 0.0152
v 0.0036 0.6329000000 -0.0058
v 0.0101 0.6055000000 -0.0144
v 0.0598 0.6128000000 -0.0806
v 0.0895 0.6126000000 -0.0860
v 0.0860 0.6401000000 -0.0878
v 0.0534 0.6419000000 -0.0813
v 0.1186 0.6111000000 -0.0803
v 0.1176 0.6378000000 -0.0825
v 0.1140 0.5299000000 0.0728
v 0.1096 0.3213000000 -0.1080
v 0.1327 0.2868000000 -0.1013
v 0.1341 0.3226000000 -0.1022
v 0.1102 0.2863000000 -0.1072
v 0.1538 0.3216000000 -0.0870
v 0.1529 0.3548000000 -0.0837
v 0.1535 0.2749000000 -0.0097
v 0.1115 0.2499000000 -0.1024
v 0.1312 0.2498000000 -0.0967
v 0.1474 0.2485000000 -0.0842
v 0.1518 0.2859000000 -0.0867
v -0.0022 0.7018000000 0.0415
v 0.1697 0.7375000000 0.0762
v 0.1680 0.7682000000 0.0793
v 0.1110 0.7736000000 0.1142
v 0.0805 0.7563000000 0.1198
v 0.1191 1.0362000000 0.1148
v 0.1379 1.0389000000 0.0927
v 0.1364 1.0848000000 0.0843
v 0.1510 1.0868000000 0.0608
v 0.1523 1.0648000000 0.0647
v 0.1375 1.0616000000 0.0884
v 0.1650 1.0902000000 0.0035
v 0.1637 1.0918000000 -0.0278
v 0.1632 1.0729000000 -0.0238
v 0.1656 1.0705000000 0.0072
v 0.1661 1.0546000000 -0.0195
v 0.1571 1.0579000000 -0.0482
v 0.0830 1.0930000000 -0.1219
v 0.1035 1.0882000000 -0.1117
v 0.1042 1.1095000000 -0.1178
v 0.0833 1.1161000000 -0.1272
v 0.0369 0.7758000000 0.1342
v 0.0013 0.7123000000 0.0562
v 0.0745 0.6926000000 0.1113
v 0.1102 0.7225000000 0.1145
v 0.1429 0.7289000000 0.1020
v 0.1913 1.2416000000 -0.0328
v 0.1703 1.2485000000 -0.1143
v 0.1671 1.2590000000 -0.1204
v 0.2605 1.3083000000 -0.0639
v 0.2635 1.3047000000 -0.0430
v 0.2097 1.2547000000 0.0140
v 0.2240 1.3307000000 0.0066
v 0.2176 1.3121000000 0.0198
v 0.2090 1.3245000000 0.0228
v 0.1382 0.8393000000 0.0975
v 0.1647 0.8278000000 0.0788
v 0.1394 0.8146000000 0.0990
v -0.0004 0.7322000000 -0.0286
v 0.0522 0.7380000000 0.1179
v 0.0156 0.5785000000 -0.0213
v 0.0199 0.5529000000 -0.0281
v 0.0234 0.5283000000 -0.0350
v 0.0267 0.5040000000 -0.0420
v 0.0310 0.4792000000 -0.0489
v 0.0395 0.4541000000 -0.0532
v 0.0485 0.4286000000 -0.0535
v 0.0517 0.4026000000 -0.0603
v 0.0430 0.3403000000 -0.0576
v 0.0503 0.3437000000 -0.0761
v 0.0515 0.3743000000 -0.0693
v 0.0501 0.3117000000 -0.0809
v 0.0531 0.2793000000 -0.0823
v 0.0605 0.2450000000 -0.0799
v 0.0700 0.1749000000 -0.0746
v 0.0669 0.2095000000 -0.0770
v -0.0009 0.7310000000 0.0025
v -0.0008 0.7318000000 -0.0122
v 0.1222 1.3811000000 0.0149
v 0.1805 1.2435000000 -0.0091
v 0.1784 1.2485000000 -0.0127
v 0.2037 1.2673000000 0.0195
v 0.2575 1.2581000000 -0.0998
v 0.2666 1.2721000000 -0.0894
v 0.2015 1.2458000000 -0.0022
v 0.1772 1.2662000000 -0.0039
v 0.1804 1.2662000000 0.0023
v 0.4205 1.1034000000 -0.0432
v 0.4214 1.1081000000 -0.0578
v 0.4326 1.0912000000 -0.0560
v 0.4305 1.0863000000 -0.0426
v 0.4143 1.0950000000 -0.0320
v 0.4239 1.0783000000 -0.0329
v 0.3663 1.0464000000 -0.0505
v 0.3732 1.0539000000 -0.0377
v 0.3867 1.0406000000 -0.0424
v 0.3805 1.0339000000 -0.0553
v 0.4249 1.0529000000 -0.0291
v 0.4153 1.0436000000 -0.0302
v 0.4044 1.0584000000 -0.0274
v 0.4149 1.0686000000 -0.0275
v 0.3648 1.0493000000 -0.0833
v 0.3697 1.0586000000 -0.0953
v 0.3538 1.0689000000 -0.0925
v 0.3494 1.0597000000 -0.0790
v 0.3163 1.1072000000 -0.0292
v 0.3096 1.0973000000 -0.0406
v 0.3003 1.1091000000 -0.0346
v 0.3075 1.1207000000 -0.0250
v 0.3988 1.1380000000 -0.0443
v 0.3965 1.1406000000 -0.0603
v 0.4093 1.1247000000 -0.0592
v 0.4098 1.1207000000 -0.0436
v 0.3713 1.1068000000 -0.0195
v 0.3584 1.0949000000 -0.0220
v 0.3466 1.1131000000 -0.0205
v 0.3597 1.1258000000 -0.0193
v 0.3871 1.1563000000 -0.0464
v 0.3830 1.1556000000 -0.0617
v 0.3935 1.0737000000 -0.0243
v 0.3825 1.0635000000 -0.0289
v 0.3704 1.0787000000 -0.0250
v 0.3827 1.0898000000 -0.0213
v 0.3960 1.0286000000 -0.0872
v 0.4016 1.0375000000 -0.0963
v 0.3858 1.0481000000 -0.0964
v 0.3805 1.0389000000 -0.0859
v 0.4070 1.0355000000 -0.0369
v 0.4001 1.0281000000 -0.0467
v 0.3947 1.0492000000 -0.0330
v 0.4373 1.0736000000 -0.0816
v 0.4422 1.0758000000 -0.0682
v 0.4298 1.0920000000 -0.0710
v 0.4235 1.0889000000 -0.0850
v 0.3393 1.0747000000 -0.0397
v 0.3474 1.0838000000 -0.0286
v 0.3600 1.0682000000 -0.0328
v 0.3526 1.0600000000 -0.0452
v 0.3939 1.1301000000 -0.0304
v 0.4043 1.1121000000 -0.0310
v 0.4091 1.1036000000 -0.0875
v 0.4170 1.1082000000 -0.0733
v 0.4033 1.1234000000 -0.0747
v 0.3943 1.1177000000 -0.0892
v 0.3678 1.1197000000 -0.0977
v 0.3559 1.1061000000 -0.0987
v 0.3720 1.0952000000 -0.1003
v 0.3835 1.1080000000 -0.0978
v 0.3274 1.0909000000 -0.0342
v 0.3214 1.0832000000 -0.0483
v 0.3344 1.0709000000 -0.0734
v 0.3382 1.0794000000 -0.0883
v 0.3229 1.0894000000 -0.0824
v 0.3198 1.0821000000 -0.0663
v 0.3508 1.1722000000 -0.0261
v 0.3589 1.1814000000 -0.0369
v 0.3698 1.1672000000 -0.0339
v 0.3607 1.1571000000 -0.0233
v 0.3733 1.1719000000 -0.0490
v 0.3606 1.1850000000 -0.0530
v 0.3356 1.1964000000 -0.0714
v 0.3271 1.1872000000 -0.0798
v 0.3340 1.1796000000 -0.0776
v 0.3442 1.1892000000 -0.0699
v 0.3357 1.1388000000 -0.0972
v 0.3232 1.1243000000 -0.0939
v 0.3395 1.1158000000 -0.0966
v 0.3517 1.1303000000 -0.0978
v 0.3001 1.1160000000 -0.0832
v 0.2961 1.1050000000 -0.0696
v 0.3083 1.0980000000 -0.0758
v 0.3137 1.1099000000 -0.0880
v 0.2668 1.1416000000 -0.0687
v 0.2637 1.1382000000 -0.0536
v 0.2717 1.1280000000 -0.0553
v 0.2753 1.1324000000 -0.0703
v 0.2708 1.1488000000 -0.0222
v 0.2802 1.1600000000 -0.0124
v 0.2875 1.1495000000 -0.0149
v 0.2784 1.1384000000 -0.0241
v 0.3216 1.2094000000 -0.0290
v 0.3247 1.2159000000 -0.0463
v 0.3335 1.2081000000 -0.0443
v 0.3287 1.2000000000 -0.0284
v 0.3226 1.1457000000 -0.0961
v 0.3075 1.1321000000 -0.0910
v 0.2853 1.1289000000 -0.0269
v 0.2939 1.1401000000 -0.0178
v 0.3004 1.1308000000 -0.0213
v 0.2923 1.1192000000 -0.0303
v -0.0005 1.3276000000 -0.1351
v -0.0005 1.3422000000 -0.1328
v 0.3149 1.1676000000 -0.0182
v 0.3253 1.1791000000 -0.0202
v 0.3317 1.1693000000 -0.0217
v 0.3199 1.1568000000 -0.0206
v 0.3356 1.1912000000 -0.0276
v 0.3414 1.2002000000 -0.0416
v 0.3494 1.1905000000 -0.0395
v 0.3424 1.1812000000 -0.0271
v 0.3163 1.1636000000 -0.0921
v 0.3086 1.1533000000 -0.0961
v -0.0005 0.9399000000 0.1723
v -0.0007 0.9556000000 0.1725
v 0.3154 1.1505000000 -0.0961
v 0.3230 1.1608000000 -0.0920
v 0.2908 1.1208000000 -0.0775
v 0.2872 1.1122000000 -0.0632
v 0.0004 0.9488000000 -0.1252
v 0.0005 0.9667000000 -0.1157
v 0.3268 1.1453000000 -0.0224
v 0.3170 1.1331000000 -0.0216
v 0.3100 1.1434000000 -0.0187
v 0.3504 1.1941000000 -0.0559
v 0.2734 1.1484000000 -0.0805
v 0.2801 1.1561000000 -0.0905
v 0.2700 1.1653000000 -0.0901
v 0.2633 1.1576000000 -0.0796
v 0.2577 1.1527000000 -0.0670
v 0.2549 1.1510000000 -0.0518
v 0.2612 1.1623000000 -0.0197
v 0.2701 1.1737000000 -0.0092
v 0.2813 1.1873000000 -0.0043
v 0.2927 1.2017000000 -0.0060
v 0.3039 1.1878000000 -0.0114
v 0.2918 1.1734000000 -0.0090
v 0.3122 1.2299000000 -0.0462
v 0.3091 1.2251000000 -0.0283
v 0.3112 1.2274000000 -0.0633
v 0.3227 1.2154000000 -0.0617
v 0.2798 1.1210000000 -0.0411
v -0.0001 0.8492000000 0.1530
v -0.0001 0.8234000000 0.1484
v 0.2730 1.1305000000 -0.0385
v 0.3990 1.0952000000 -0.0972
v 0.3879 1.0836000000 -0.1007
v 0.4036 1.0711000000 -0.0997
v 0.4143 1.0814000000 -0.0951
v 0.4096 1.0481000000 -0.0994
v 0.3939 1.0596000000 -0.1007
v 0.4049 1.0847000000 -0.0253
v 0.3948 1.1014000000 -0.0232
v 0.4337 1.0620000000 -0.0331
v 0.3387 1.1577000000 -0.0225
v 0.3478 1.1437000000 -0.0207
v 0.3185 1.1774000000 -0.0865
v 0.3201 1.1940000000 -0.0823
v 0.3125 1.1838000000 -0.0899
v 0.3477 1.1516000000 -0.0909
v 0.3582 1.1613000000 -0.0761
v 0.3409 1.1694000000 -0.0778
v 0.3331 1.1579000000 -0.0913
v 0.3026 1.1560000000 -0.0958
v 0.3107 1.1674000000 -0.0929
v 0.3045 1.1725000000 -0.0947
v 0.2959 1.1605000000 -0.0960
v 0.3197 1.1885000000 -0.0190
v 0.3136 1.1995000000 -0.0177
v 0.3119 1.2014000000 -0.0850
v 0.3178 1.2095000000 -0.0744
v 0.3072 1.2198000000 -0.0775
v 0.3008 1.2116000000 -0.0887
v 0.3270 1.2027000000 -0.0726
v 0.3048 1.1912000000 -0.0929
v 0.2938 1.2010000000 -0.0960
v 0.3026 1.2151000000 -0.0144
v 0.2879 1.1673000000 -0.0964
v 0.2966 1.1795000000 -0.0967
v 0.2859 1.1891000000 -0.0988
v 0.2775 1.1765000000 -0.0970
v 0.3780 1.0709000000 -0.1006
v 0.3619 1.0818000000 -0.0990
v 0.2958 1.1020000000 -0.0511
v 0.3061 1.0924000000 -0.0583
v 0.2875 1.1116000000 -0.0452
v 0.3633 1.0442000000 -0.0670
v 0.3783 1.0333000000 -0.0712
v 0.3345 1.0691000000 -0.0554
v 0.3487 1.0562000000 -0.0616
v 0.3790 1.1307000000 -0.0900
v 0.2888 1.1348000000 -0.0836
v 0.2833 1.1257000000 -0.0728
v 0.2960 1.1322000000 -0.0869
v 0.2560 1.1549000000 -0.0347
v 0.2652 1.1410000000 -0.0368
v 0.3075 1.1423000000 -0.0942
v 0.2432 1.1717000000 -0.0327
v 0.3542 1.1810000000 -0.0676
v 0.3410 1.2015000000 -0.0577
v 0.3321 1.2082000000 -0.0596
v 0.4435 1.0747000000 -0.0540
v 0.3840 1.1188000000 -0.0218
v 0.3354 1.1314000000 -0.0210
v 0.3249 1.1187000000 -0.0231
v 0.2947 1.1446000000 -0.0923
v 0.2881 1.1490000000 -0.0912
v 0.2818 1.1404000000 -0.0815
v 0.3104 1.1775000000 -0.0153
v 0.2986 1.1631000000 -0.0125
v 0.3935 1.0229000000 -0.0740
v 0.3041 1.1537000000 -0.0155
v 0.3683 1.1704000000 -0.0641
v 0.0180 1.3450000000 -0.1347
v 0.1724 1.1683000000 0.0255
v 0.1312 1.1458000000 0.0816
v 0.1463 1.1479000000 0.0621
v 0.1832 1.2269000000 -0.0025
v 0.1822 1.2367000000 -0.0059
v 0.1790 1.2559000000 -0.0160
v 0.1766 1.2577000000 -0.0209
v 0.1773 1.2071000000 0.0318
v 0.0134 0.9841000000 0.1754
v 0.0543 0.9843000000 -0.1117
v 0.0281 0.9842000000 -0.1097
v 0.0308 0.9658000000 -0.1169
v 0.0586 0.9654000000 -0.1164
v 0.0337 0.9464000000 -0.1259
v 0.1753 0.9126000000 -0.0662
v 0.1709 0.9344000000 -0.0639
v 0.1542 0.9328000000 -0.0883
v 0.1581 0.9103000000 -0.0925
v 0.1772 0.9508000000 -0.0360
v 0.1660 0.9530000000 -0.0623
v 0.1816 0.9334000000 -0.0354
v 0.1852 0.9278000000 -0.0049
v 0.1812 0.9461000000 -0.0060
v 0.1819 0.9184000000 0.0247
v 0.1777 0.9380000000 0.0237
v 0.1726 0.9077000000 0.0521
v 0.1572 0.8968000000 0.0767
v 0.1373 0.8632000000 0.0972
v 0.1127 0.8752000000 0.1162
v 0.1362 0.8858000000 0.0979
v 0.0626 0.8587000000 0.1423
v 0.0872 0.8656000000 0.1312
v 0.0186 0.8512000000 0.1523
v 0.0398 0.8542000000 0.1491
v 0.1169 1.3617000000 0.0352
v 0.1090 1.4190000000 -0.0869
v 0.1189 1.4234000000 -0.0629
v 0.0950 1.4247000000 -0.0864
v 0.1283 1.3572000000 -0.1288
v 0.1319 1.3771000000 -0.1170
v 0.1098 1.3720000000 -0.1286
v 0.1066 1.3536000000 -0.1373
v 0.0826 1.4168000000 -0.1018
v 0.0747 1.4192000000 -0.1016
v 0.0936 1.4112000000 -0.1048
v 0.0573 1.3960000000 -0.1219
v 0.0750 1.4018000000 -0.1167
v 0.1659 1.4068000000 -0.0585
v 0.1637 1.3935000000 -0.0832
v 0.1745 1.3903000000 -0.0774
v 0.1781 1.4037000000 -0.0533
v 0.1584 1.3402000000 -0.1224
v 0.1558 1.3232000000 -0.1284
v 0.1681 1.3244000000 -0.1234
v 0.1698 1.3409000000 -0.1172
v 0.2124 1.3816000000 -0.0397
v 0.2071 1.3778000000 -0.0629
v 0.2183 1.3690000000 -0.0606
v 0.2233 1.3703000000 -0.0379
v 0.1709 1.3579000000 -0.1079
v 0.0881 1.2338000000 -0.1494
v 0.1255 1.2509000000 -0.1413
v 0.1087 1.2415000000 -0.1462
v 0.1647 1.2704000000 -0.1247
v 0.1548 1.2658000000 -0.1294
v 0.1587 1.2531000000 -0.1247
v 0.1787 1.2770000000 -0.1151
v 0.1730 1.2740000000 -0.1200
v 0.2033 1.3038000000 0.0315
v 0.1957 1.3126000000 0.0352
v 0.1994 1.3361000000 0.0247
v 0.1820 1.2685000000 -0.1020
v 0.1826 1.2697000000 -0.1008
v 0.1851 1.2753000000 -0.1045
v 0.1824 1.2745000000 -0.1054
v 0.1539 1.4104000000 -0.0627
v 0.2016 1.3672000000 -0.0799
v 0.1980 1.3558000000 -0.0930
v 0.2082 1.3510000000 -0.0909
v 0.2126 1.3609000000 -0.0773
v 0.1957 1.3428000000 -0.1038
v 0.1935 1.3293000000 -0.1114
v 0.2027 1.3279000000 -0.1085
v 0.2052 1.3400000000 -0.1012
v 0.1882 1.2818000000 -0.1082
v 0.1830 1.2818000000 -0.1084
v 0.2319 1.3475000000 -0.0134
v 0.1896 1.3989000000 -0.0197
v 0.1841 1.3848000000 0.0061
v 0.1735 1.3941000000 0.0027
v 0.1780 1.4064000000 -0.0247
v 0.1856 1.2469000000 -0.0437
v 0.1853 1.2531000000 -0.0270
v 0.1848 1.2430000000 -0.0594
v 0.1831 1.2553000000 -0.0903
v 0.1845 1.2433000000 -0.0733
v 0.1986 1.2777000000 0.0239
v 0.2097 1.2938000000 0.0277
v 0.1778 1.3604000000 0.0232
v 0.1679 1.3705000000 0.0208
v 0.2338 1.3570000000 -0.0375
v 0.2291 1.3573000000 -0.0597
v 0.1903 1.2664000000 -0.1048
v 0.1975 1.2638000000 -0.1089
v 0.1932 1.2722000000 -0.1083
v 0.1805 1.2508000000 -0.1012
v 0.1812 1.2627000000 -0.0970
v 0.1896 1.3991000000 -0.0481
v 0.2236 1.3516000000 -0.0770
v 0.2178 1.3433000000 -0.0903
v 0.1873 1.3431000000 -0.1076
v 0.1886 1.3575000000 -0.0973
v 0.1801 1.3579000000 -0.1025
v 0.1791 1.3421000000 -0.1125
v 0.2115 1.3242000000 -0.1066
v 0.2080 1.3116000000 -0.1117
v 0.1855 1.3285000000 -0.1148
v 0.1776 1.3265000000 -0.1188
v 0.1964 1.2794000000 -0.1113
v 0.1588 1.3782000000 0.0180
v 0.1554 1.3546000000 0.0322
v 0.1450 1.3592000000 0.0316
v 0.1760 1.3361000000 0.0366
v 0.1651 1.3467000000 0.0344
v 0.1869 1.3232000000 0.0371
v 0.1326 1.3607000000 0.0330
v 0.3021 1.1426000000 -0.0936
v 0.2066 1.2611000000 -0.1113
v 0.1944 1.2570000000 -0.1056
v 0.2050 1.2534000000 -0.1088
v 0.2485 1.2460000000 -0.1051
v 0.3240 1.1718000000 -0.0841
v 0.3286 1.1674000000 -0.0841
v 0.3635 1.1421000000 -0.0904
v 0.3889 1.1377000000 -0.0757
v 0.3741 1.1503000000 -0.0759
v 0.3830 1.1492000000 -0.0310
v 0.3728 1.1383000000 -0.0215
v 0.3356 1.1009000000 -0.0251
v 0.3295 1.1017000000 -0.0927
v 0.4613 1.0385000000 -0.0377
v 0.4661 1.0437000000 -0.0485
v 0.4774 1.0281000000 -0.0456
v 0.4714 1.0223000000 -0.0360
v 0.4729 0.9998000000 -0.0315
v 0.4632 1.0146000000 -0.0314
v 0.4814 1.0070000000 -0.0339
v 0.4652 0.9929000000 -0.0335
v 0.4555 1.0070000000 -0.0324
v 0.4592 0.9874000000 -0.0402
v 0.4543 0.9838000000 -0.0493
v 0.4434 0.9960000000 -0.0468
v 0.4487 1.0005000000 -0.0381
v 0.4398 0.9926000000 -0.0572
v 0.4377 0.9908000000 -0.0682
v 0.4233 1.0010000000 -0.0656
v 0.4267 1.0043000000 -0.0540
v 0.4572 0.9879000000 -0.0880
v 0.4631 0.9944000000 -0.0920
v 0.4487 1.0051000000 -0.0933
v 0.4423 0.9977000000 -0.0886
v 0.4499 1.0331000000 -0.0914
v 0.4410 1.0248000000 -0.0951
v 0.4568 1.0132000000 -0.0928
v 0.4651 1.0211000000 -0.0890
v 0.4792 1.0098000000 -0.0875
v 0.4855 1.0145000000 -0.0790
v 0.4722 1.0265000000 -0.0816
v 0.4405 1.0698000000 -0.0417
v 0.4510 1.0543000000 -0.0398
v 0.4437 1.0463000000 -0.0324
v 0.4261 1.0289000000 -0.0329
v 0.4347 1.0373000000 -0.0303
v 0.4449 1.0220000000 -0.0311
v 0.4372 1.0144000000 -0.0353
v 0.3948 1.0227000000 -0.0595
v 0.4134 1.0162000000 -0.0507
v 0.4091 1.0118000000 -0.0628
v 0.4315 1.0089000000 -0.0437
v 0.4191 1.0221000000 -0.0405
v 0.4232 1.0023000000 -0.0780
v 0.4385 0.9926000000 -0.0795
v 0.4666 1.0450000000 -0.0614
v 0.4638 1.0435000000 -0.0738
v 0.4768 1.0292000000 -0.0704
v 0.4791 1.0303000000 -0.0580
v 0.4085 1.0127000000 -0.0760
v 0.4508 1.0583000000 -0.0777
v 0.4544 1.0601000000 -0.0648
v 0.4580 1.0396000000 -0.0845
v 0.4437 1.0531000000 -0.0881
v 0.4906 1.0161000000 -0.0551
v 0.4882 1.0131000000 -0.0428
v 0.4548 1.0591000000 -0.0514
v 0.4267 1.0078000000 -0.0885
v 0.4330 1.0160000000 -0.0946
v 0.4174 1.0267000000 -0.0955
v 0.4114 1.0182000000 -0.0879
v 0.4191 1.0585000000 -0.0974
v 0.4253 1.0363000000 -0.0972
v 0.4345 1.0455000000 -0.0943
v 0.4710 1.0021000000 -0.0915
v 0.4292 1.0672000000 -0.0918
v 0.5024 0.9255000000 -0.0346
v 0.5113 0.9215000000 -0.0367
v 0.5086 0.9263000000 -0.0461
v 0.4999 0.9309000000 -0.0444
v 0.4791 0.9426000000 -0.0188
v 0.4867 0.9366000000 -0.0098
v 0.4889 0.9287000000 -0.0168
v 0.4825 0.9335000000 -0.0268
v 0.5056 0.9228000000 -0.0261
v 0.5151 0.9202000000 -0.0282
v 0.5241 0.9184000000 -0.0293
v 0.5175 0.9254000000 -0.0221
v 0.5290 0.9242000000 -0.0249
v 0.5331 0.9364000000 -0.0257
v 0.5421 0.9286000000 -0.0302
v 0.5369 0.9209000000 -0.0269
v 0.5367 0.9493000000 -0.0512
v 0.5345 0.9516000000 -0.0624
v 0.5434 0.9398000000 -0.0632
v 0.5451 0.9374000000 -0.0517
v 0.5331 0.9426000000 -0.0823
v 0.5392 0.9405000000 -0.0728
v 0.5307 0.9528000000 -0.0714
v 0.5257 0.9541000000 -0.0800
v 0.4985 0.9361000000 -0.0544
v 0.5066 0.9310000000 -0.0549
v 0.5055 0.9328000000 -0.0611
v 0.4975 0.9387000000 -0.0613
v 0.5225 0.9318000000 -0.0193
v 0.5161 0.9266000000 -0.0125
v 0.5180 0.9304000000 -0.0105
v 0.5215 0.9388000000 -0.0170
v 0.4700 0.9593000000 -0.0641
v 0.4753 0.9503000000 -0.0671
v 0.4748 0.9492000000 -0.0749
v 0.4683 0.9590000000 -0.0730
v 0.4696 0.9604000000 -0.0419
v 0.4739 0.9717000000 -0.0313
v 0.4764 0.9664000000 -0.0257
v 0.4702 0.9550000000 -0.0340
v 0.4793 0.9600000000 -0.0199
v 0.4844 0.9530000000 -0.0137
v 0.4734 0.9487000000 -0.0268
v 0.4913 0.9447000000 -0.0057
v 0.4739 0.9549000000 -0.0877
v 0.4705 0.9625000000 -0.0846
v 0.5603 0.8817000000 -0.0375
v 0.5612 0.8835000000 -0.0320
v 0.5648 0.8794000000 -0.0323
v 0.5641 0.8776000000 -0.0377
v 0.4901 0.9811000000 -0.0916
v 0.4823 0.9748000000 -0.0932
v 0.4869 0.9708000000 -0.0946
v 0.4950 0.9770000000 -0.0914
v 0.4928 0.9654000000 -0.0971
v 0.5014 0.9715000000 -0.0918
v 0.5692 0.8903000000 -0.0291
v 0.5732 0.8930000000 -0.0319
v 0.5765 0.8879000000 -0.0315
v 0.5723 0.8853000000 -0.0291
v 0.5163 0.9208000000 -0.0460
v 0.5190 0.9169000000 -0.0372
v 0.5263 0.9120000000 -0.0358
v 0.5336 0.9075000000 -0.0343
v 0.5330 0.9050000000 -0.0407
v 0.5246 0.9129000000 -0.0453
v 0.5151 0.9243000000 -0.0579
v 0.5223 0.9162000000 -0.0583
v 0.5192 0.9196000000 -0.0656
v 0.5120 0.9271000000 -0.0654
v 0.5117 0.9202000000 -0.0850
v 0.5052 0.9256000000 -0.0838
v 0.5071 0.9270000000 -0.0777
v 0.5145 0.9206000000 -0.0782
v 0.5382 0.9043000000 -0.0794
v 0.5293 0.9084000000 -0.0789
v 0.5306 0.9075000000 -0.0735
v 0.5391 0.9026000000 -0.0742
v 0.4861 0.9862000000 -0.0918
v 0.4783 0.9794000000 -0.0927
v 0.5168 0.9331000000 -0.1085
v 0.5257 0.9360000000 -0.1026
v 0.5206 0.9434000000 -0.0991
v 0.5118 0.9411000000 -0.1050
v 0.5027 0.9811000000 -0.0843
v 0.4981 0.9861000000 -0.0850
v 0.5759 0.8939000000 -0.0371
v 0.5791 0.8888000000 -0.0367
v 0.4944 0.9606000000 -0.0153
v 0.5005 0.9506000000 -0.0070
v 0.4896 0.9685000000 -0.0220
v 0.4845 0.9801000000 -0.0287
v 0.4867 0.9744000000 -0.0262
v 0.5277 0.9095000000 -0.0505
v 0.5127 0.9258000000 -0.0534
v 0.5039 0.9337000000 -0.0657
v 0.4911 0.9334000000 -0.0851
v 0.4964 0.9295000000 -0.0877
v 0.4942 0.9310000000 -0.0950
v 0.4888 0.9365000000 -0.0947
v 0.5071 0.9228000000 -0.1038
v 0.5098 0.9277000000 -0.1086
v 0.5041 0.9348000000 -0.1059
v 0.5010 0.9287000000 -0.1018
v 0.5191 0.9344000000 -0.0064
v 0.5183 0.9439000000 -0.0129
v 0.4753 0.9682000000 -0.0907
v 0.4792 0.9631000000 -0.0938
v 0.4723 0.9741000000 -0.0889
v 0.4757 0.9494000000 -0.0547
v 0.4871 0.9437000000 -0.0598
v 0.4862 0.9446000000 -0.0647
v 0.4759 0.9510000000 -0.0615
v 0.4888 0.9337000000 -0.0424
v 0.4781 0.9397000000 -0.0374
v 0.4921 0.9278000000 -0.0319
v 0.4702 0.9599000000 -0.0550
v 0.4672 0.9677000000 -0.0523
v 0.4668 0.9672000000 -0.0626
v 0.4661 0.9673000000 -0.0731
v 0.4686 0.9699000000 -0.0829
v 0.4625 0.9745000000 -0.0510
v 0.4616 0.9735000000 -0.0613
v 0.4618 0.9738000000 -0.0722
v 0.4638 0.9761000000 -0.0815
v 0.4938 0.9926000000 -0.0855
v 0.4885 1.0005000000 -0.0863
v 0.4803 0.9933000000 -0.0918
v 0.4695 0.9690000000 -0.0416
v 0.4665 0.9767000000 -0.0414
v 0.4720 0.9816000000 -0.0331
v 0.4812 0.9881000000 -0.0307
v 0.5031 0.9203000000 -0.0095
v 0.5001 0.9234000000 -0.0154
v 0.4939 0.9259000000 -0.0098
v 0.4980 0.9224000000 -0.0039
v 0.5379 0.9113000000 -0.0297
v 0.5311 0.9155000000 -0.0293
v 0.5436 0.9164000000 -0.0288
v 0.4802 0.9429000000 -0.0806
v 0.4791 0.9480000000 -0.0914
v 0.5348 0.9036000000 -0.0463
v 0.5555 0.9047000000 -0.0293
v 0.5607 0.9083000000 -0.0324
v 0.5690 0.8985000000 -0.0323
v 0.5647 0.8954000000 -0.0292
v 0.5461 0.8950000000 -0.0439
v 0.5510 0.8964000000 -0.0484
v 0.5443 0.9004000000 -0.0499
v 0.5406 0.9001000000 -0.0447
v 0.5339 0.9057000000 -0.0859
v 0.5265 0.9091000000 -0.0856
v 0.5519 0.9257000000 -0.0409
v 0.5455 0.9354000000 -0.0398
v 0.5507 0.9231000000 -0.0526
v 0.5218 0.9142000000 -0.0787
v 0.5168 0.9206000000 -0.0723
v 0.5234 0.9138000000 -0.0730
v 0.5339 0.9055000000 -0.0571
v 0.5278 0.9103000000 -0.0583
v 0.5303 0.9075000000 -0.0532
v 0.5359 0.9036000000 -0.0511
v 0.5057 0.9503000000 -0.1023
v 0.4957 0.9420000000 -0.1035
v 0.5648 0.8870000000 -0.0291
v 0.5681 0.8825000000 -0.0295
v 0.4727 0.9856000000 -0.0920
v 0.4674 0.9797000000 -0.0882
v 0.5095 0.9278000000 -0.0715
v 0.5367 0.9456000000 -0.0388
v 0.5016 0.9338000000 -0.0708
v 0.5379 0.9135000000 -0.0948
v 0.5434 0.9181000000 -0.0937
v 0.5376 0.9234000000 -0.0927
v 0.5320 0.9185000000 -0.0966
v 0.5625 0.8826000000 -0.0430
v 0.5667 0.8852000000 -0.0467
v 0.5610 0.8894000000 -0.0472
v 0.5568 0.8869000000 -0.0431
v 0.5460 0.8976000000 -0.0330
v 0.5447 0.8953000000 -0.0384
v 0.5389 0.9013000000 -0.0394
v 0.5396 0.9036000000 -0.0340
v 0.5437 0.9071000000 -0.0305
v 0.5503 0.9011000000 -0.0299
v 0.5623 0.9072000000 -0.0459
v 0.5578 0.9010000000 -0.0492
v 0.5667 0.8936000000 -0.0483
v 0.5709 0.8981000000 -0.0443
v 0.5187 0.9653000000 -0.0780
v 0.5139 0.9650000000 -0.0866
v 0.5204 0.9540000000 -0.0890
v 0.5270 0.9431000000 -0.0916
v 0.5318 0.9315000000 -0.0938
v 0.5399 0.9323000000 -0.0846
v 0.5146 0.9534000000 -0.0960
v 0.5538 0.9144000000 -0.0569
v 0.5501 0.9089000000 -0.0555
v 0.5543 0.9132000000 -0.0489
v 0.4984 0.9328000000 -0.0778
v 0.5601 0.8919000000 -0.0292
v 0.5045 0.9852000000 -0.0388
v 0.5083 0.9887000000 -0.0514
v 0.5137 0.9814000000 -0.0518
v 0.5085 0.9784000000 -0.0373
v 0.5549 0.8864000000 -0.0377
v 0.5560 0.8880000000 -0.0321
v 0.5341 0.9084000000 -0.0953
v 0.5282 0.9109000000 -0.0975
v 0.5258 0.9098000000 -0.0924
v 0.5327 0.9070000000 -0.0913
v 0.5084 0.9637000000 -0.0934
v 0.5289 0.9306000000 -0.1059
v 0.5206 0.9266000000 -0.1113
v 0.5082 0.9831000000 -0.0747
v 0.5079 0.9744000000 -0.0848
v 0.5128 0.9755000000 -0.0761
v 0.5467 0.9261000000 -0.0739
v 0.5228 0.9643000000 -0.0699
v 0.5161 0.9748000000 -0.0680
v 0.5111 0.9835000000 -0.0652
v 0.5073 0.9901000000 -0.0642
v 0.5042 0.9891000000 -0.0744
v 0.5755 0.8927000000 -0.0434
v 0.5716 0.8999000000 -0.0378
v 0.4996 0.9961000000 -0.0747
v 0.4940 1.0045000000 -0.0762
v 0.5027 0.9970000000 -0.0641
v 0.4969 1.0054000000 -0.0653
v 0.5190 0.9733000000 -0.0589
v 0.5200 0.9713000000 -0.0490
v 0.5260 0.9630000000 -0.0612
v 0.5280 0.9604000000 -0.0506
v 0.5508 0.9286000000 -0.0636
v 0.5715 0.8808000000 -0.0465
v 0.5781 0.8749000000 -0.0460
v 0.5819 0.8778000000 -0.0451
v 0.5761 0.8843000000 -0.0460
v 0.5717 0.8890000000 -0.0470
v 0.5791 0.8875000000 -0.0425
v 0.5276 0.9563000000 -0.0379
v 0.5414 0.9021000000 -0.0564
v 0.5157 0.9668000000 -0.0341
v 0.5268 0.9484000000 -0.0249
v 0.5181 0.9549000000 -0.0213
v 0.5000 0.9751000000 -0.0267
v 0.5047 0.9661000000 -0.0211
v 0.4938 0.9864000000 -0.0320
v 0.4967 0.9809000000 -0.0301
v 0.4891 0.9945000000 -0.0331
v 0.5092 0.9553000000 -0.0128
v 0.5699 0.8730000000 -0.0333
v 0.5698 0.8719000000 -0.0389
v 0.4957 1.0001000000 -0.0411
v 0.5006 0.9914000000 -0.0399
v 0.4965 0.9244000000 -0.0228
v 0.4940 0.9392000000 -0.0699
v 0.4908 0.9381000000 -0.0753
v 0.4860 0.9376000000 -0.0830
v 0.4842 0.9416000000 -0.0940
v 0.4984 1.0044000000 -0.0531
v 0.4522 0.9817000000 -0.0598
v 0.4519 0.9815000000 -0.0706
v 0.4888 1.0159000000 -0.0675
v 0.5729 0.8755000000 -0.0300
v 0.5461 0.9048000000 -0.0761
v 0.5458 0.9068000000 -0.0787
v 0.4920 0.9318000000 -0.0036
v 0.4978 0.9273000000 0.0011
v 0.4968 0.9382000000 -0.0001
v 0.5048 0.9425000000 -0.0010
v 0.5094 0.9350000000 0.0031
v 0.5026 0.9317000000 0.0036
v 0.4851 0.9441000000 -0.0687
v 0.4834 0.9431000000 -0.0738
v 0.4898 0.9503000000 -0.1012
v 0.4994 0.9587000000 -0.0998
v 0.5492 0.9115000000 -0.0298
v 0.5487 0.9218000000 -0.0326
v 0.5540 0.9155000000 -0.0332
v 0.5632 0.9101000000 -0.0390
v 0.5511 0.9048000000 -0.0509
v 0.5476 0.9041000000 -0.0548
v 0.4762 0.9451000000 -0.0466
v 0.4878 0.9399000000 -0.0522
v 0.5078 0.9233000000 -0.0192
v 0.5106 0.9225000000 -0.0136
v 0.5252 0.9128000000 -0.0656
v 0.5541 0.9168000000 -0.0719
v 0.5569 0.9199000000 -0.0640
v 0.5318 0.9072000000 -0.0654
v 0.5813 0.8804000000 -0.0314
v 0.5770 0.8779000000 -0.0293
v 0.5567 0.9178000000 -0.0404
v 0.5189 0.9143000000 -0.0856
v 0.5481 0.9178000000 -0.0788
v 0.5509 0.9108000000 -0.0751
v 0.5141 0.9229000000 -0.1098
v 0.5038 0.9953000000 -0.0518
v 0.5725 0.8724000000 -0.0439
v 0.5667 0.8783000000 -0.0435
v 0.5838 0.8806000000 -0.0419
v 0.5838 0.8820000000 -0.0366
v 0.4844 0.9570000000 -0.0979
v 0.4961 0.9395000000 -0.0657
v 0.4535 0.9837000000 -0.0805
v 0.5161 0.9365000000 -0.0010
v 0.5126 0.9457000000 -0.0060
v 0.5385 0.9026000000 -0.0656
v 0.5316 0.9256000000 -0.0997
v 0.5498 0.9204000000 -0.0884
v 0.5519 0.9162000000 -0.0822
v 0.5451 0.9253000000 -0.0866
v 0.5504 0.9101000000 -0.0804
v 0.5879 0.8756000000 -0.0418
v 0.5879 0.8767000000 -0.0364
v 0.5854 0.8752000000 -0.0314
v 0.5809 0.8729000000 -0.0296
v 0.5766 0.8711000000 -0.0306
v 0.5859 0.8729000000 -0.0449
v 0.5823 0.8705000000 -0.0459
v 0.5766 0.8685000000 -0.0440
v 0.5893 0.8684000000 -0.0451
v 0.5923 0.8698000000 -0.0417
v 0.5931 0.8672000000 -0.0334
v 0.5951 0.8639000000 -0.0331
v 0.5923 0.8636000000 -0.0308
v 0.5903 0.8691000000 -0.0315
v 0.5948 0.8592000000 -0.0316
v 0.5978 0.8601000000 -0.0334
v 0.5938 0.8685000000 -0.0364
v 0.5967 0.8648000000 -0.0368
v 0.5991 0.8606000000 -0.0410
v 0.5997 0.8609000000 -0.0372
v 0.5960 0.8643000000 -0.0406
v 0.5940 0.8675000000 -0.0397
v 0.5918 0.8717000000 -0.0365
v 0.6017 0.8574000000 -0.0373
v 0.6000 0.8545000000 -0.0378
v 0.5975 0.8559000000 -0.0336
v 0.5996 0.8575000000 -0.0341
v 0.5845 0.8683000000 -0.0300
v 0.5885 0.8625000000 -0.0307
v 0.5916 0.8577000000 -0.0321
v 0.5946 0.8544000000 -0.0344
v 0.5891 0.8562000000 -0.0339
v 0.5852 0.8604000000 -0.0322
v 0.5919 0.8537000000 -0.0362
v 0.5879 0.8550000000 -0.0367
v 0.5833 0.8585000000 -0.0355
v 0.5771 0.8652000000 -0.0345
v 0.5799 0.8669000000 -0.0312
v 0.5904 0.8537000000 -0.0376
v 0.5971 0.8532000000 -0.0387
v 0.5946 0.8642000000 -0.0435
v 0.5975 0.8596000000 -0.0436
v 0.5925 0.8631000000 -0.0452
v 0.5954 0.8583000000 -0.0448
v 0.6012 0.8579000000 -0.0409
v 0.5999 0.8561000000 -0.0423
v 0.5733 0.8691000000 -0.0339
v 0.5735 0.8683000000 -0.0395
v 0.5770 0.8643000000 -0.0401
v 0.5831 0.8577000000 -0.0405
v 0.5802 0.8648000000 -0.0444
v 0.5857 0.8661000000 -0.0461
v 0.5897 0.8613000000 -0.0457
v 0.5859 0.8592000000 -0.0446
v 0.5899 0.8556000000 -0.0436
v 0.5926 0.8569000000 -0.0449
v 0.5882 0.8547000000 -0.0404
v 0.5943 0.8541000000 -0.0430
v 0.5973 0.8549000000 -0.0430
v 0.5920 0.8540000000 -0.0425
v 0.5914 0.8535000000 -0.0400
v 0.5940 0.8531000000 -0.0395
v 0.5652 0.8811000000 -0.0693
v 0.5664 0.8818000000 -0.0642
v 0.5711 0.8764000000 -0.0657
v 0.5700 0.8756000000 -0.0710
v 0.5732 0.8877000000 -0.0603
v 0.5774 0.8920000000 -0.0622
v 0.5812 0.8860000000 -0.0632
v 0.5770 0.8817000000 -0.0615
v 0.5792 0.8946000000 -0.0683
v 0.5829 0.8887000000 -0.0690
v 0.5569 0.9027000000 -0.0577
v 0.5616 0.9077000000 -0.0590
v 0.5723 0.8980000000 -0.0610
v 0.5680 0.8934000000 -0.0590
v 0.5476 0.8972000000 -0.0724
v 0.5518 0.8995000000 -0.0757
v 0.5694 0.8842000000 -0.0614
v 0.5734 0.8783000000 -0.0627
v 0.5662 0.8821000000 -0.0742
v 0.5693 0.8848000000 -0.0777
v 0.5631 0.8904000000 -0.0766
v 0.5599 0.8876000000 -0.0732
v 0.5485 0.8969000000 -0.0599
v 0.5466 0.8965000000 -0.0663
v 0.5526 0.8992000000 -0.0578
v 0.5622 0.9093000000 -0.0726
v 0.5576 0.9041000000 -0.0761
v 0.5678 0.8946000000 -0.0775
v 0.5721 0.8988000000 -0.0745
v 0.5638 0.8898000000 -0.0598
v 0.5587 0.8865000000 -0.0679
v 0.5602 0.8871000000 -0.0626
v 0.5772 0.8924000000 -0.0752
v 0.5741 0.9008000000 -0.0673
v 0.5744 0.8795000000 -0.0790
v 0.5816 0.8723000000 -0.0800
v 0.5850 0.8759000000 -0.0791
v 0.5782 0.8830000000 -0.0788
v 0.5732 0.8883000000 -0.0780
v 0.5815 0.8869000000 -0.0756
v 0.5780 0.8680000000 -0.0678
v 0.5775 0.8675000000 -0.0732
v 0.5802 0.8698000000 -0.0646
v 0.5645 0.9116000000 -0.0654
v 0.5872 0.8778000000 -0.0647
v 0.5833 0.8732000000 -0.0635
v 0.5783 0.8688000000 -0.0777
v 0.5710 0.8765000000 -0.0759
v 0.5878 0.8793000000 -0.0761
v 0.5889 0.8809000000 -0.0701
v 0.5922 0.8732000000 -0.0768
v 0.5935 0.8741000000 -0.0714
v 0.5922 0.8715000000 -0.0659
v 0.5879 0.8676000000 -0.0647
v 0.5845 0.8651000000 -0.0660
v 0.5896 0.8703000000 -0.0795
v 0.5862 0.8673000000 -0.0805
v 0.5825 0.8647000000 -0.0784
v 0.5937 0.8648000000 -0.0805
v 0.5970 0.8664000000 -0.0782
v 0.6024 0.8603000000 -0.0712
v 0.6059 0.8566000000 -0.0721
v 0.6035 0.8549000000 -0.0705
v 0.6005 0.8595000000 -0.0686
v 0.6003 0.8636000000 -0.0708
v 0.5978 0.8652000000 -0.0680
v 0.6003 0.8648000000 -0.0738
v 0.6035 0.8619000000 -0.0749
v 0.6058 0.8579000000 -0.0800
v 0.6075 0.8580000000 -0.0763
v 0.6018 0.8614000000 -0.0783
v 0.5996 0.8643000000 -0.0769
v 0.6065 0.8517000000 -0.0734
v 0.6084 0.8538000000 -0.0735
v 0.5981 0.8684000000 -0.0727
v 0.5925 0.8633000000 -0.0660
v 0.5970 0.8576000000 -0.0679
v 0.6006 0.8529000000 -0.0706
v 0.6037 0.8500000000 -0.0740
v 0.5980 0.8513000000 -0.0717
v 0.5936 0.8555000000 -0.0691
v 0.6009 0.8493000000 -0.0750
v 0.5960 0.8502000000 -0.0745
v 0.5909 0.8537000000 -0.0722
v 0.5854 0.8600000000 -0.0701
v 0.5883 0.8614000000 -0.0670
v 0.5990 0.8493000000 -0.0760
v 0.6088 0.8514000000 -0.0779
v 0.6056 0.8498000000 -0.0783
v 0.6108 0.8543000000 -0.0772
v 0.6000 0.8608000000 -0.0800
v 0.6038 0.8565000000 -0.0813
v 0.5982 0.8598000000 -0.0818
v 0.6021 0.8553000000 -0.0827
v 0.6088 0.8551000000 -0.0806
v 0.6073 0.8533000000 -0.0815
v 0.5821 0.8637000000 -0.0691
v 0.5813 0.8636000000 -0.0741
v 0.5843 0.8598000000 -0.0750
v 0.5901 0.8538000000 -0.0771
v 0.5860 0.8613000000 -0.0792
v 0.5904 0.8632000000 -0.0811
v 0.5952 0.8582000000 -0.0822
v 0.5919 0.8559000000 -0.0809
v 0.5967 0.8522000000 -0.0815
v 0.5995 0.8539000000 -0.0826
v 0.5954 0.8506000000 -0.0783
v 0.6021 0.8510000000 -0.0816
v 0.6050 0.8518000000 -0.0819
v 0.5995 0.8506000000 -0.0810
v 0.5993 0.8495000000 -0.0786
v 0.6024 0.8493000000 -0.0785
v 0.5552 0.8878000000 -0.0938
v 0.5586 0.8885000000 -0.0896
v 0.5622 0.8841000000 -0.0915
v 0.5588 0.8830000000 -0.0958
v 0.5658 0.8945000000 -0.0878
v 0.5678 0.8986000000 -0.0897
v 0.5714 0.8930000000 -0.0922
v 0.5694 0.8898000000 -0.0902
v 0.5673 0.9011000000 -0.0951
v 0.5715 0.8949000000 -0.0969
v 0.5538 0.9058000000 -0.0828
v 0.5566 0.9111000000 -0.0847
v 0.5635 0.9038000000 -0.0878
v 0.5615 0.8990000000 -0.0857
v 0.5625 0.8910000000 -0.0879
v 0.5662 0.8866000000 -0.0901
v 0.5541 0.8888000000 -0.0984
v 0.5553 0.8910000000 -0.1016
v 0.5500 0.8957000000 -0.0995
v 0.5487 0.8935000000 -0.0961
v 0.5405 0.9009000000 -0.0879
v 0.5443 0.9008000000 -0.0837
v 0.5493 0.9024000000 -0.0825
v 0.5505 0.9124000000 -0.0964
v 0.5450 0.9079000000 -0.0972
v 0.5538 0.9000000000 -0.1013
v 0.5588 0.9049000000 -0.0994
v 0.5580 0.8952000000 -0.0858
v 0.5498 0.8920000000 -0.0916
v 0.5536 0.8926000000 -0.0874
v 0.5637 0.8995000000 -0.1008
v 0.5626 0.9065000000 -0.0934
v 0.5598 0.8864000000 -0.1040
v 0.5682 0.8795000000 -0.1070
v 0.5717 0.8829000000 -0.1070
v 0.5636 0.8903000000 -0.1047
v 0.5590 0.8950000000 -0.1032
v 0.5683 0.8939000000 -0.1022
v 0.5684 0.8768000000 -0.0948
v 0.5657 0.8759000000 -0.0991
v 0.5720 0.8793000000 -0.0932
v 0.5556 0.9144000000 -0.0907
v 0.5403 0.9038000000 -0.0959
v 0.5773 0.8846000000 -0.0950
v 0.5750 0.8819000000 -0.0933
v 0.5655 0.8770000000 -0.1040
v 0.5580 0.8841000000 -0.1007
v 0.5754 0.8860000000 -0.1044
v 0.5778 0.8871000000 -0.0994
v 0.5797 0.8810000000 -0.1060
v 0.5821 0.8818000000 -0.1011
v 0.5819 0.8794000000 -0.0967
v 0.5790 0.8767000000 -0.0952
v 0.5757 0.8746000000 -0.0953
v 0.5763 0.8780000000 -0.1084
v 0.5732 0.8752000000 -0.1082
v 0.5698 0.8734000000 -0.1054
v 0.5797 0.8743000000 -0.1099
v 0.5838 0.8761000000 -0.1074
v 0.5898 0.8696000000 -0.1013
v 0.5934 0.8664000000 -0.1025
v 0.5923 0.8652000000 -0.1009
v 0.5892 0.8690000000 -0.0993
v 0.5879 0.8728000000 -0.1008
v 0.5862 0.8744000000 -0.0986
v 0.5875 0.8745000000 -0.1035
v 0.5905 0.8714000000 -0.1048
v 0.5910 0.8681000000 -0.1097
v 0.5938 0.8681000000 -0.1062
v 0.5877 0.8712000000 -0.1082
v 0.5863 0.8743000000 -0.1066
v 0.5948 0.8628000000 -0.1033
v 0.5956 0.8645000000 -0.1040
v 0.5855 0.8772000000 -0.1025
v 0.5827 0.8726000000 -0.0966
v 0.5865 0.8674000000 -0.0981
v 0.5899 0.8634000000 -0.1002
v 0.5921 0.8609000000 -0.1031
v 0.5868 0.8621000000 -0.1009
v 0.5831 0.8658000000 -0.0987
v 0.5889 0.8601000000 -0.1035
v 0.5843 0.8612000000 -0.1025
v 0.5800 0.8645000000 -0.1004
v 0.5754 0.8697000000 -0.0984
v 0.5789 0.8709000000 -0.0968
v 0.5867 0.8601000000 -0.1042
v 0.5953 0.8626000000 -0.1078
v 0.5922 0.8606000000 -0.1079
v 0.5963 0.8652000000 -0.1074
v 0.5858 0.8712000000 -0.1102
v 0.5890 0.8673000000 -0.1113
v 0.5829 0.8698000000 -0.1112
v 0.5868 0.8658000000 -0.1119
v 0.5937 0.8659000000 -0.1102
v 0.5925 0.8645000000 -0.1110
v 0.5722 0.8731000000 -0.0969
v 0.5697 0.8727000000 -0.1008
v 0.5730 0.8693000000 -0.1020
v 0.5780 0.8641000000 -0.1042
v 0.5731 0.8703000000 -0.1065
v 0.5764 0.8720000000 -0.1093
v 0.5804 0.8681000000 -0.1106
v 0.5782 0.8658000000 -0.1083
v 0.5826 0.8625000000 -0.1094
v 0.5844 0.8642000000 -0.1113
v 0.5826 0.8611000000 -0.1059
v 0.5874 0.8617000000 -0.1104
v 0.5901 0.8630000000 -0.1112
v 0.5854 0.8610000000 -0.1093
v 0.5862 0.8601000000 -0.1067
v 0.5890 0.8600000000 -0.1073
v 0.5393 0.9023000000 -0.0923
v 0.5336 0.9013000000 -0.1171
v 0.5368 0.9015000000 -0.1144
v 0.5392 0.8982000000 -0.1175
v 0.5358 0.8980000000 -0.1201
v 0.5439 0.9062000000 -0.1135
v 0.5454 0.9099000000 -0.1162
v 0.5475 0.9057000000 -0.1196
v 0.5463 0.9024000000 -0.1170
v 0.5433 0.9122000000 -0.1209
v 0.5455 0.9077000000 -0.1239
v 0.5344 0.9156000000 -0.1030
v 0.5358 0.9208000000 -0.1049
v 0.5420 0.9138000000 -0.1120
v 0.5404 0.9097000000 -0.1094
v 0.5215 0.9114000000 -0.1114
v 0.5214 0.9144000000 -0.1146
v 0.5175 0.9190000000 -0.1112
v 0.5167 0.9161000000 -0.1075
v 0.5406 0.9032000000 -0.1131
v 0.5430 0.8998000000 -0.1165
v 0.5315 0.9023000000 -0.1204
v 0.5312 0.9046000000 -0.1236
v 0.5277 0.9082000000 -0.1203
v 0.5279 0.9053000000 -0.1171
v 0.5267 0.9100000000 -0.1045
v 0.5235 0.9098000000 -0.1079
v 0.5184 0.9133000000 -0.1037
v 0.5222 0.9118000000 -0.0999
v 0.5304 0.9115000000 -0.1031
v 0.5273 0.9226000000 -0.1151
v 0.5234 0.9184000000 -0.1160
v 0.5299 0.9119000000 -0.1219
v 0.5347 0.9153000000 -0.1209
v 0.5371 0.9064000000 -0.1094
v 0.5300 0.9041000000 -0.1137
v 0.5333 0.9045000000 -0.1107
v 0.5382 0.9109000000 -0.1244
v 0.5399 0.9166000000 -0.1166
v 0.5334 0.9011000000 -0.1268
v 0.5372 0.8963000000 -0.1312
v 0.5396 0.8988000000 -0.1325
v 0.5359 0.9043000000 -0.1285
v 0.5335 0.9081000000 -0.1254
v 0.5405 0.9069000000 -0.1276
v 0.5428 0.8932000000 -0.1215
v 0.5393 0.8933000000 -0.1241
v 0.5463 0.8947000000 -0.1207
v 0.5339 0.9249000000 -0.1101
v 0.5507 0.8999000000 -0.1238
v 0.5494 0.8969000000 -0.1214
v 0.5373 0.8943000000 -0.1278
v 0.5337 0.8989000000 -0.1234
v 0.5440 0.9011000000 -0.1316
v 0.5486 0.9020000000 -0.1278
v 0.5470 0.8971000000 -0.1346
v 0.5515 0.8981000000 -0.1306
v 0.5533 0.8959000000 -0.1264
v 0.5517 0.8935000000 -0.1239
v 0.5486 0.8917000000 -0.1232
v 0.5425 0.8949000000 -0.1354
v 0.5404 0.8929000000 -0.1336
v 0.5403 0.8916000000 -0.1302
v 0.5457 0.8914000000 -0.1374
v 0.5505 0.8930000000 -0.1370
v 0.5582 0.8880000000 -0.1322
v 0.5604 0.8854000000 -0.1336
v 0.5600 0.8840000000 -0.1322
v 0.5581 0.8873000000 -0.1302
v 0.5566 0.8909000000 -0.1315
v 0.5558 0.8919000000 -0.1293
v 0.5551 0.8923000000 -0.1339
v 0.5575 0.8896000000 -0.1354
v 0.5567 0.8862000000 -0.1400
v 0.5600 0.8870000000 -0.1372
v 0.5545 0.8892000000 -0.1385
v 0.5533 0.8917000000 -0.1367
v 0.5616 0.8818000000 -0.1349
v 0.5621 0.8837000000 -0.1354
v 0.5537 0.8944000000 -0.1328
v 0.5540 0.8902000000 -0.1264
v 0.5567 0.8860000000 -0.1287
v 0.5589 0.8821000000 -0.1314
v 0.5598 0.8799000000 -0.1347
v 0.5564 0.8813000000 -0.1313
v 0.5540 0.8851000000 -0.1283
v 0.5573 0.8794000000 -0.1343
v 0.5538 0.8811000000 -0.1317
v 0.5508 0.8845000000 -0.1287
v 0.5473 0.8883000000 -0.1260
v 0.5509 0.8891000000 -0.1255
v 0.5554 0.8796000000 -0.1339
v 0.5608 0.8816000000 -0.1388
v 0.5587 0.8798000000 -0.1380
v 0.5617 0.8844000000 -0.1388
v 0.5520 0.8886000000 -0.1396
v 0.5547 0.8850000000 -0.1411
v 0.5490 0.8874000000 -0.1393
v 0.5527 0.8834000000 -0.1405
v 0.5589 0.8845000000 -0.1407
v 0.5578 0.8827000000 -0.1409
v 0.5451 0.8905000000 -0.1240
v 0.5419 0.8905000000 -0.1265
v 0.5441 0.8881000000 -0.1284
v 0.5477 0.8842000000 -0.1308
v 0.5425 0.8887000000 -0.1321
v 0.5431 0.8899000000 -0.1355
v 0.5470 0.8859000000 -0.1376
v 0.5462 0.8846000000 -0.1345
v 0.5505 0.8812000000 -0.1363
v 0.5512 0.8822000000 -0.1388
v 0.5515 0.8809000000 -0.1334
v 0.5546 0.8801000000 -0.1384
v 0.5561 0.8809000000 -0.1400
v 0.5534 0.8799000000 -0.1369
v 0.5545 0.8795000000 -0.1354
v 0.5565 0.8793000000 -0.1368
v 0.5200 0.9216000000 -0.1129
v 0.5227 0.9226000000 -0.0048
v 0.5235 0.9259000000 -0.0004
v 0.5068 0.9143000000 -0.0029
v 0.5133 0.9155000000 -0.0064
v 0.5030 0.9162000000 0.0028
v 0.5084 0.9235000000 0.0095
v 0.5043 0.9198000000 0.0072
v 0.5192 0.9187000000 -0.0069
v 0.5213 0.9280000000 0.0048
v 0.5148 0.9270000000 0.0089
v 0.5255 0.9218000000 0.0107
v 0.5194 0.9201000000 0.0150
v 0.5122 0.9168000000 0.0160
v 0.5076 0.9131000000 0.0125
v 0.5061 0.9107000000 0.0072
v 0.5279 0.9204000000 0.0043
v 0.5265 0.9176000000 -0.0008
v 0.5216 0.9139000000 -0.0032
v 0.5318 0.9148000000 0.0091
v 0.5314 0.9136000000 0.0173
v 0.5226 0.9066000000 0.0270
v 0.5252 0.9039000000 0.0293
v 0.5223 0.9010000000 0.0272
v 0.5188 0.9044000000 0.0251
v 0.5221 0.9087000000 0.0247
v 0.5177 0.9092000000 0.0224
v 0.5286 0.9095000000 0.0268
v 0.5270 0.9109000000 0.0240
v 0.5314 0.9118000000 0.0221
v 0.5339 0.9104000000 0.0234
v 0.5309 0.9070000000 0.0297
v 0.5327 0.9033000000 0.0305
v 0.5282 0.9018000000 0.0306
v 0.5271 0.8990000000 0.0287
v 0.5250 0.9129000000 0.0209
v 0.5117 0.9076000000 0.0174
v 0.5158 0.9022000000 0.0212
v -0.0006 1.3701000000 -0.1272
v -0.0006 1.3825000000 -0.1241
v 0.5209 0.8983000000 0.0236
v 0.5268 0.8967000000 0.0248
v 0.5217 0.8968000000 0.0184
v 0.5153 0.9000000000 0.0155
v 0.5270 0.8963000000 0.0200
v 0.5241 0.8971000000 0.0143
v 0.5181 0.8997000000 0.0099
v 0.5115 0.9058000000 0.0044
v 0.5092 0.9061000000 0.0111
v 0.5274 0.8967000000 0.0169
v 0.5335 0.8994000000 0.0284
v 0.5328 0.8979000000 0.0239
v 0.5356 0.9099000000 0.0188
v 0.5375 0.9064000000 0.0216
v 0.5357 0.9078000000 0.0259
v 0.5356 0.9092000000 0.0133
v 0.5375 0.9045000000 0.0174
v 0.5363 0.9051000000 0.0281
v 0.5374 0.9029000000 0.0252
v 0.5089 0.9099000000 0.0011
v 0.5150 0.9112000000 -0.0026
v 0.5180 0.9074000000 0.0006
v 0.5237 0.9017000000 0.0063
v 0.5251 0.9100000000 0.0001
v 0.5305 0.9132000000 0.0033
v 0.5341 0.9071000000 0.0089
v 0.5298 0.9044000000 0.0060
v 0.5324 0.9007000000 0.0118
v 0.5356 0.9025000000 0.0139
v 0.5280 0.8987000000 0.0122
v 0.5347 0.8996000000 0.0175
v 0.5367 0.9008000000 0.0211
v 0.5328 0.8992000000 0.0153
v 0.5303 0.8977000000 0.0162
v 0.5316 0.8974000000 0.0196
v 0.5118 0.9188000000 -0.1054
v 0.5132 0.9159000000 -0.1001
v 0.5078 0.9205000000 -0.0983
v 0.5008 0.9255000000 -0.0965
v 0.4956 0.9332000000 -0.1005
v 0.5027 0.9248000000 -0.0900
v 0.5096 0.9196000000 -0.0921
v 0.5176 0.9137000000 -0.0940
v 0.4998 0.9292000000 -0.0829
v 0.0168 1.3430000000 0.0626
v 0.0174 1.3266000000 0.0744
v 0.2411 1.2387000000 0.0085
v 0.2527 1.2542000000 0.0065
v 0.2747 1.2860000000 -0.0447
v 0.2720 1.2870000000 -0.0711
v 0.0764 1.0326000000 0.1563
v 0.1220 1.0832000000 -0.0973
v 0.1240 1.1029000000 -0.1038
v 0.0393 1.1021000000 -0.1286
v 0.0612 1.0976000000 -0.1277
v 0.1620 1.0677000000 0.0373
v 0.1608 1.0887000000 0.0336
v 0.1197 1.0595000000 0.1103
v 0.1199 1.0834000000 0.1061
v 0.1536 1.0427000000 0.0688
v 0.0893 1.0493000000 -0.1124
v 0.1109 1.0472000000 -0.1037
v 0.1055 1.0679000000 -0.1068
v 0.0848 1.0708000000 -0.1169
v 0.0189 1.1062000000 -0.1239
v 0.0193 1.0818000000 -0.1164
v 0.1666 1.1102000000 0.0010
v 0.1658 1.1108000000 -0.0303
v 0.1451 1.1163000000 -0.0859
v 0.1275 1.1225000000 -0.1065
v 0.1072 1.1305000000 -0.1206
v 0.0854 1.1390000000 -0.1304
v 0.1027 1.1073000000 0.1230
v 0.0813 1.1312000000 0.1322
v 0.1608 1.1099000000 0.0314
v 0.0289 1.1071000000 0.1586
v 0.0664 1.1719000000 -0.1418
v 0.0416 1.1774000000 -0.1446
v 0.1583 1.1126000000 -0.0597
v 0.0349 1.2850000000 0.1042
v 0.0543 1.2881000000 0.1031
v 0.0538 1.2725000000 0.1145
v 0.0347 1.2685000000 0.1145
v 0.0724 1.2744000000 0.1126
v 0.0901 1.2752000000 0.1086
v 0.1062 1.2750000000 0.1032
v 0.1449 1.2685000000 0.0849
v 0.1335 1.2716000000 0.0912
v 0.1640 1.2576000000 0.0688
v 0.1551 1.2641000000 0.0776
v 0.1709 1.2466000000 0.0573
v 0.1753 1.2335000000 0.0423
v 0.1806 1.2345000000 0.0182
v 0.1789 1.2209000000 0.0243
v 0.1727 1.2199000000 0.0503
v 0.1678 1.2333000000 0.0646
v 0.1610 1.2438000000 0.0762
v 0.0217 1.2004000000 0.1306
v 0.0184 1.2252000000 0.1273
v 0.0158 1.3586000000 0.0510
v 0.3457 1.0923000000 -0.0964
v 0.4537 1.0306000000 -0.0315
v 0.0172 1.3847000000 -0.1248
v 0.0371 1.3895000000 -0.1249
v 0.1030 1.4020000000 -0.1102
v 0.1209 1.4116000000 -0.0901
v 0.0806 1.3925000000 -0.1227
v 0.0582 1.3838000000 -0.1278
v 0.1478 1.1296000000 0.0576
v 0.0382 1.3495000000 -0.1369
v 0.0596 1.3712000000 -0.1331
v 0.0838 1.3803000000 -0.1292
v 0.1090 1.3899000000 -0.1181
v 0.1344 1.3998000000 -0.0971
v 0.1516 1.3964000000 -0.0890
v 0.1721 1.3743000000 -0.0951
v 0.1905 1.3721000000 -0.0840
v 0.1958 1.3837000000 -0.0672
v 0.1851 1.3873000000 -0.0720
v 0.1814 1.3732000000 -0.0893
v 0.2519 1.3114000000 -0.0798
v 0.2543 1.2819000000 -0.0959
v 0.2571 1.2960000000 -0.0861
v 0.2458 1.2693000000 -0.1040
v 0.2386 1.2595000000 -0.1086
v 0.2292 1.2530000000 -0.1105
v 0.2169 1.2515000000 -0.1105
v 0.1859 1.2609000000 -0.1006
v 0.1786 1.2646000000 -0.0965
v 0.1783 1.2458000000 -0.1040
v 0.1744 1.2398000000 -0.1066
v 0.1573 1.2127000000 -0.1138
v 0.1476 1.1984000000 -0.1160
v -0.0013 1.4209000000 -0.1108
v 0.1345 1.1832000000 -0.1206
v -0.0002 1.2060000000 -0.1422
v -0.0001 1.2276000000 -0.1449
v -0.0001 1.1335000000 -0.1251
v -0.0001 1.1571000000 -0.1330
v 0.1302 0.9505000000 -0.1016
v 0.1268 0.9685000000 -0.0975
v 0.1052 0.9669000000 -0.1084
v 0.0001 0.9841000000 -0.1064
v 0.0002 1.0067000000 -0.0995
v -0.0001 1.0603000000 -0.1024
v -0.0000 1.0853000000 -0.1089
v 0.1091 0.9483000000 -0.1133
v 0.0503 1.0064000000 -0.1088
v -0.0003 1.2634000000 -0.1438
v -0.0003 1.2791000000 -0.1413
v -0.0004 1.2960000000 -0.1394
v 0.0254 1.0063000000 -0.1053
v 0.1742 0.9672000000 -0.0364
v 0.1783 0.9629000000 -0.0070
v 0.1465 0.9696000000 -0.0818
v 0.1627 0.9694000000 -0.0616
v 0.1744 0.9560000000 0.0230
v 0.1129 0.9199000000 0.1178
v 0.0915 0.9123000000 0.1361
v 0.0452 0.9020000000 0.1594
v 0.0221 0.8989000000 0.1638
v 0.1644 0.9472000000 0.0504
v 0.0685 0.9063000000 0.1503
v 0.1501 0.9377000000 0.0745
v 0.1325 0.9284000000 0.0970
v 0.0741 1.0062000000 -0.1088
v 0.0781 0.9853000000 -0.1108
v -0.0010 1.4054000000 0.0296
v -0.0010 1.3963000000 0.0297
v 0.1005 0.9859000000 -0.1059
v 0.0595 1.2499000000 -0.1529
v 0.0380 1.2484000000 -0.1514
v 0.0812 1.2535000000 -0.1530
v 0.0978 1.2787000000 -0.1519
v 0.1011 1.2604000000 -0.1502
v 0.1196 1.2670000000 -0.1453
v -0.0007 1.4143000000 0.0322
v -0.0008 1.3416000000 0.0641
v -0.0008 1.3247000000 0.0756
v 0.1170 1.2842000000 -0.1468
v -0.0001 1.2216000000 0.1252
v -0.0002 1.1972000000 0.1295
v -0.0008 1.3568000000 0.0520
v -0.0002 1.1733000000 0.1330
v 0.1512 1.2923000000 -0.1331
v 0.1517 1.2786000000 -0.1323
v 0.1636 1.2824000000 -0.1271
v 0.1640 1.2950000000 -0.1280
v 0.1793 1.2883000000 -0.1171
v 0.1731 1.2852000000 -0.1222
v 0.1844 1.2909000000 -0.1114
v 0.1919 1.2904000000 -0.1116
v 0.1987 1.3155000000 -0.1129
v 0.1904 1.3158000000 -0.1151
v 0.1530 1.3069000000 -0.1320
v 0.1359 1.3047000000 -0.1387
v 0.0364 1.2843000000 -0.1482
v 0.0173 1.2812000000 -0.1443
v 0.1827 1.2136000000 0.0027
v 0.1847 1.2081000000 -0.0214
v 0.1847 1.2056000000 -0.0443
v 0.1823 1.2064000000 -0.0646
v 0.1789 1.2097000000 -0.0831
v 0.1727 1.2155000000 -0.0986
v 0.1702 1.2325000000 -0.1092
v 0.1650 1.2235000000 -0.1114
v -0.0000 0.7814000000 -0.1288
v 0.1642 1.2418000000 -0.1181
v 0.1564 1.2335000000 -0.1215
v 0.1416 1.2588000000 -0.1353
v 0.1486 1.2453000000 -0.1294
v 0.1366 1.2734000000 -0.1387
v 0.1346 1.2891000000 -0.1398
v 0.1168 1.3023000000 -0.1460
v 0.0972 1.2982000000 -0.1512
v 0.0797 1.3314000000 -0.1472
v 0.0779 1.3128000000 -0.1510
v 0.0771 1.2934000000 -0.1534
v 0.0776 1.2731000000 -0.1544
v 0.0808 1.4282000000 -0.0890
v 0.0614 1.4226000000 -0.1019
v 0.2160 1.2603000000 -0.1121
v 0.2238 1.2630000000 -0.1121
v -0.0001 0.8324000000 -0.1503
v 0.0001 0.8562000000 -0.1513
v 0.2187 1.2696000000 -0.1131
v 0.2150 1.2658000000 -0.1130
v 0.2303 1.2695000000 -0.1110
v 0.2369 1.2783000000 -0.1078
v 0.2294 1.2853000000 -0.1103
v 0.2224 1.2756000000 -0.1129
v 0.2433 1.2894000000 -0.1014
v 0.2342 1.2954000000 -0.1053
v 0.2458 1.3011000000 -0.0946
v 0.2436 1.3126000000 -0.0897
v 0.2381 1.3129000000 -0.0950
v 0.2370 1.3054000000 -0.0997
v 0.2147 1.3344000000 -0.0993
v 0.2242 1.3277000000 -0.0973
v 0.2325 1.3196000000 -0.0957
v 0.2001 1.2882000000 -0.1132
v 0.2084 1.2856000000 -0.1141
v 0.2159 1.2815000000 -0.1140
v 0.2215 1.2913000000 -0.1122
v 0.2130 1.2958000000 -0.1132
v 0.0000 0.8116000000 -0.1452
v 0.2043 1.2992000000 -0.1137
v 0.0567 1.2699000000 -0.1533
v 0.0363 1.2669000000 -0.1502
v -0.0001 0.7787000000 0.1407
v -0.0001 0.7615000000 0.1348
v 0.1815 1.3000000000 -0.1180
v -0.0002 0.7468000000 0.1252
v -0.0002 0.7333000000 0.1132
v 0.1739 1.2979000000 -0.1231
v 0.1884 1.3018000000 -0.1141
v 0.1961 1.3021000000 -0.1135
v 0.1834 1.3141000000 -0.1181
v 0.1757 1.3116000000 -0.1222
v 0.1658 1.3092000000 -0.1269
v 0.0566 1.2881000000 -0.1518
v 0.0174 1.2645000000 -0.1465
v 0.0000 0.9046000000 -0.1426
v 0.0002 0.9271000000 -0.1345
v -0.0002 0.8738000000 0.1583
v -0.0005 1.4216000000 0.0353
v -0.0006 1.4676000000 -0.0840
v -0.0010 1.3868000000 0.0325
v -0.0010 1.3777000000 0.0379
v -0.0004 0.7342000000 -0.0046
v -0.0009 1.3669000000 0.0449
v -0.0003 0.7349000000 -0.0198
v -0.0001 1.1100000000 -0.1165
v 0.1888 1.3487000000 0.0246
v 0.1955 1.3721000000 0.0078
v 0.2015 1.3877000000 -0.0161
v 0.2010 1.3912000000 -0.0435
v 0.2793 1.1198000000 -0.0583
v 0.0208 1.0574000000 -0.1098
v 0.0229 1.0321000000 -0.1056
v 0.0464 1.0303000000 -0.1101
v 0.0198 1.1802000000 -0.1422
v 0.0183 1.2473000000 -0.1484
v 0.1180 1.2444000000 0.1191
v 0.1042 1.2457000000 0.1249
v 0.1050 1.2604000000 0.1149
v 0.1190 1.2590000000 0.1088
v 0.1407 1.2405000000 0.1032
v 0.1303 1.2427000000 0.1115
v 0.1316 1.2570000000 0.1016
v 0.1425 1.2542000000 0.0940
v 0.1499 1.2367000000 0.0943
v 0.1523 1.2502000000 0.0857
v 0.1291 1.2272000000 0.1199
v 0.1171 1.2287000000 0.1275
v 0.1034 1.2302000000 0.1325
v 0.1476 1.2231000000 0.1020
v 0.1391 1.2257000000 0.1112
v 0.0110 1.4236000000 0.0344
v 0.0134 1.3805000000 0.0367
v 0.0127 1.3901000000 0.0321
v 0.0170 1.2457000000 0.1210
v 0.0163 1.2800000000 0.1041
v 0.0167 1.2944000000 0.0940
v 0.0172 1.3102000000 0.0845
v 0.0147 1.3699000000 0.0429
v 0.0166 1.2631000000 0.1131
v 0.1693 0.7805000000 -0.0767
v 0.1503 0.7636000000 -0.0973
v 0.1579 0.7897000000 -0.0952
v 0.1430 0.7770000000 -0.1091
v 0.1733 0.8584000000 -0.0719
v 0.1704 0.8324000000 -0.0775
v 0.1756 0.8859000000 -0.0684
v 0.1225 0.7691000000 -0.1225
v 0.0965 0.7661000000 -0.1316
v 0.0949 0.7856000000 -0.1398
v 0.1587 0.8842000000 -0.0948
v 0.1576 0.8575000000 -0.0977
v 0.1661 0.8088000000 -0.0850
v 0.1531 0.8099000000 -0.1039
v 0.1501 0.7951000000 -0.1057
v 0.1201 0.7867000000 -0.1296
v 0.1386 0.7900000000 -0.1167
v 0.0359 0.9256000000 -0.1345
v 0.0657 0.9256000000 -0.1328
v 0.0628 0.9458000000 -0.1246
v 0.1344 0.9306000000 -0.1068
v 0.1499 0.9523000000 -0.0842
v 0.1379 0.8078000000 -0.1200
v 0.1186 0.8072000000 -0.1345
v 0.0929 0.8077000000 -0.1459
v 0.0928 0.8823000000 -0.1426
v 0.0917 0.8582000000 -0.1471
v 0.1164 0.8568000000 -0.1360
v 0.1175 0.8822000000 -0.1317
v 0.1380 0.9081000000 -0.1124
v 0.1391 0.8826000000 -0.1160
v 0.0927 0.9057000000 -0.1360
v 0.1164 0.9068000000 -0.1264
v 0.1131 0.9288000000 -0.1197
v 0.1387 0.8561000000 -0.1192
v 0.0620 0.8332000000 -0.1544
v 0.0917 0.8325000000 -0.1487
v 0.0314 0.8337000000 -0.1530
v 0.0905 0.9272000000 -0.1280
v 0.0873 0.9470000000 -0.1204
v 0.0825 0.9662000000 -0.1141
v 0.0702 1.0285000000 -0.1108
v 0.1193 0.5539000000 0.0785
v -0.0031 0.7140000000 0.0255
v -0.0025 0.7235000000 -0.0051
v 0.1849 0.8101000000 0.0493
v 0.1902 0.7969000000 -0.0298
v 0.1790 0.8044000000 -0.0603
v 0.0246 0.7122000000 0.0984
v 0.0069 0.7066000000 0.0753
v 0.1671 0.7994000000 0.0796
v 0.1111 0.7487000000 0.1149
v -0.0009 0.7079000000 0.0506
v 0.1556 0.8321000000 -0.1010
v 0.1384 0.8303000000 -0.1206
v 0.1172 0.8308000000 -0.1368
v 0.0628 0.8091000000 -0.1512
v 0.0311 0.8111000000 -0.1498
v 0.0240 0.7568000000 0.1305
v 0.0197 0.7675000000 0.1353
v 0.0104 0.7641000000 0.1352
v 0.0107 0.7489000000 0.1270
v 0.1122 0.8981000000 0.1161
v 0.0893 0.8898000000 0.1327
v 0.0426 0.8791000000 0.1534
v 0.0206 0.8760000000 0.1575
v 0.1680 0.9280000000 0.0510
v 0.0656 0.8834000000 0.1454
v 0.1533 0.9176000000 0.0751
v 0.1338 0.9073000000 0.0970
v 0.0719 0.1414000000 -0.0433
v 0.0724 0.1147000000 -0.0392
v 0.0734 0.1155000000 -0.0554
v 0.0707 0.1430000000 -0.0594
v 0.0897 0.1472000000 -0.0895
v 0.0771 0.1450000000 -0.0811
v 0.1060 0.1477000000 -0.0912
v 0.1026 0.1190000000 -0.0898
v 0.1145 0.1185000000 -0.0827
v 0.1200 0.1467000000 -0.0852
v 0.1286 0.1458000000 -0.0751
v 0.1313 0.1162000000 -0.0426
v 0.1365 0.1424000000 -0.0428
v 0.1343 0.1448000000 -0.0626
v 0.1295 0.1171000000 -0.0614
v 0.1299 0.1394000000 -0.0225
v 0.1260 0.1149000000 -0.0225
v 0.1147 0.1376000000 -0.0111
v 0.0778 0.1396000000 -0.0270
v 0.0766 0.1140000000 -0.0218
v 0.0880 0.1186000000 -0.0881
v 0.0781 0.1172000000 -0.0782
v 0.0714 0.1436000000 -0.0707
v 0.0755 0.1161000000 -0.0668
v 0.0729 0.0884000000 -0.0513
v 0.0653 0.0883000000 -0.0346
v 0.0861 0.0905000000 -0.0879
v 0.0798 0.0893000000 -0.0752
v 0.1105 0.0911000000 -0.0810
v 0.0995 0.0912000000 -0.0908
v 0.1299 0.0909000000 -0.0611
v 0.1228 0.1179000000 -0.0726
v 0.1205 0.0910000000 -0.0711
v 0.1315 0.0908000000 -0.0428
v 0.1256 0.0911000000 -0.0194
v 0.0717 0.0900000000 -0.0155
v 0.0772 0.0889000000 -0.0634
v 0.1270 0.0098000000 0.1364
v 0.1316 0.0099000000 0.1354
v 0.1330 0.0053000000 0.1360
v 0.1261 0.0045000000 0.1374
v 0.0814 0.0141000000 0.1482
v 0.0901 0.0157000000 0.1501
v 0.0922 0.0065000000 0.1483
v 0.0802 0.0041000000 0.1462
v 0.1168 0.0011000000 0.1428
v 0.1118 0.0012000000 0.1433
v 0.1109 0.0050000000 0.1470
v 0.1190 0.0051000000 0.1463
v 0.1582 0.0044000000 0.1009
v 0.1540 0.0041000000 0.1024
v 0.1538 0.0087000000 0.1050
v 0.1594 0.0084000000 0.1023
v 0.1454 0.0010000000 0.1191
v 0.1414 0.0004000000 0.1206
v 0.1411 0.0048000000 0.1236
v 0.1472 0.0046000000 0.1210
v 0.0929 0.0203000000 0.1262
v 0.0927 0.0194000000 0.1407
v 0.0794 0.0166000000 0.1383
v 0.0777 0.0214000000 0.1237
v 0.0725 0.0072000000 0.1345
v 0.0802 0.0015000000 0.1317
v 0.0786 0.0011000000 0.1170
v 0.0709 0.0098000000 0.1184
v 0.0932 0.0012000000 0.1339
v 0.0929 0.0015000000 0.1204
v 0.1002 0.0105000000 0.1250
v 0.1021 0.0102000000 0.1396
v 0.1202 0.0103000000 0.1257
v 0.1235 0.0078000000 0.1379
v 0.1173 0.0137000000 0.1393
v 0.1152 0.0181000000 0.1269
v 0.1089 0.0134000000 0.1405
v 0.1039 0.0175000000 0.1286
v 0.1004 0.0076000000 0.1273
v 0.1031 0.0064000000 0.1406
v 0.1085 0.0010000000 0.1367
v 0.1053 0.0020000000 0.1236
v 0.1149 0.0030000000 0.1230
v 0.1178 0.0011000000 0.1354
v 0.1251 0.0115000000 0.1305
v 0.1224 0.0163000000 0.1212
v 0.1329 0.0174000000 0.1189
v 0.1329 0.0122000000 0.1295
v 0.1241 0.0019000000 0.1182
v 0.1189 0.0066000000 0.1211
v 0.1206 0.0041000000 0.1307
v 0.1258 0.0002000000 0.1288
v 0.1335 0.0005000000 0.1279
v 0.1335 0.0029000000 0.1169
v 0.1377 0.0101000000 0.1185
v 0.1377 0.0065000000 0.1291
v 0.1482 0.0121000000 0.1153
v 0.1489 0.0174000000 0.1055
v 0.1523 0.0101000000 0.1042
v 0.1510 0.0061000000 0.1139
v 0.1409 0.0167000000 0.1092
v 0.1418 0.0124000000 0.1172
v 0.1402 0.0026000000 0.1072
v 0.1378 0.0101000000 0.1110
v 0.1370 0.0074000000 0.1179
v 0.1393 0.0003000000 0.1153
v 0.1472 0.0004000000 0.1134
v 0.1483 0.0026000000 0.1036
v 0.1624 0.0091000000 0.0953
v 0.1607 0.0150000000 0.0970
v 0.1618 0.0178000000 0.0882
v 0.1630 0.0107000000 0.0852
v 0.1553 0.0183000000 0.0932
v 0.1546 0.0154000000 0.0996
v 0.1528 0.0044000000 0.0911
v 0.1527 0.0120000000 0.0945
v 0.1508 0.0102000000 0.0996
v 0.1519 0.0034000000 0.0974
v 0.1593 0.0036000000 0.0952
v 0.1591 0.0049000000 0.0867
v 0.0776 0.0250000000 0.1092
v 0.0968 0.0210000000 0.1121
v 0.0830 0.0018000000 0.1413
v 0.0711 0.0114000000 0.1037
v 0.0901 0.0019000000 0.1424
v 0.0970 0.0020000000 0.1076
v 0.0794 0.0024000000 0.1023
v 0.0991 0.0102000000 0.1183
v 0.1170 0.0104000000 0.1458
v 0.1178 0.0096000000 0.1159
v 0.1176 0.0022000000 0.1062
v 0.1121 0.0103000000 0.1463
v 0.1163 0.0210000000 0.1101
v 0.1345 0.0200000000 0.1010
v 0.1280 0.0007000000 0.1346
v 0.1321 0.0011000000 0.1342
v 0.1363 0.0023000000 0.0993
v 0.1380 0.0115000000 0.1090
v 0.1468 0.0092000000 0.1208
v 0.1532 0.0123000000 0.0947
v 0.1507 0.0031000000 0.0879
v 0.1429 0.0094000000 0.1218
v 0.1508 0.0211000000 0.0892
v 0.1577 0.0117000000 0.1015
v 0.1599 0.0038000000 0.0758
v 0.1645 0.0115000000 0.0728
v 0.1549 0.0124000000 0.1034
v 0.1621 0.0206000000 0.0775
v 0.0868 0.1376000000 -0.0148
v 0.0860 0.1137000000 -0.0101
v 0.0994 0.1375000000 -0.0096
v 0.1120 0.1137000000 -0.0098
v 0.0985 0.1138000000 -0.0066
v 0.0834 0.0911000000 -0.0021
v 0.1117 0.0905000000 -0.0049
v 0.0978 0.0920000000 0.0004
v 0.1311 0.0711000000 -0.0636
v 0.1356 0.0709000000 -0.0452
v 0.1207 0.0715000000 -0.0746
v 0.0997 0.0713000000 -0.0938
v 0.1113 0.0715000000 -0.0851
v 0.0822 0.0734000000 0.0077
v 0.0713 0.0704000000 -0.0097
v 0.0976 0.0756000000 0.0127
v 0.1143 0.0743000000 0.0050
v 0.0731 0.0302000000 0.0924
v 0.0731 0.0313000000 0.0713
v 0.0886 0.0418000000 0.0746
v 0.0929 0.0323000000 0.0938
v 0.1084 0.0415000000 0.0713
v 0.1121 0.0299000000 0.0903
v 0.1257 0.0373000000 0.0632
v 0.1298 0.0280000000 0.0825
v 0.1415 0.0330000000 0.0535
v 0.1464 0.0265000000 0.0722
v 0.1550 0.0260000000 0.0434
v 0.1600 0.0230000000 0.0624
v 0.1630 0.0154000000 0.0380
v 0.1663 0.0129000000 0.0574
v 0.0670 0.0130000000 0.0865
v 0.0687 0.0152000000 0.0654
v 0.0780 0.0007000000 0.0834
v 0.0790 0.0014000000 0.0625
v 0.0962 0.0002000000 0.0822
v 0.0960 0.0004000000 0.0607
v 0.1587 0.0028000000 0.0393
v 0.1605 0.0018000000 0.0596
v 0.1157 0.0010000000 0.0781
v 0.1147 0.0018000000 0.0562
v 0.1335 -0.0001000000 0.0719
v 0.1320 0.0005000000 0.0500
v 0.1484 -0.0004000000 0.0652
v 0.1468 -0.0002000000 0.0438
v 0.0837 0.0488000000 0.0518
v 0.1041 0.0542000000 0.0506
v -0.0012 1.4354000000 -0.1028
v -0.0007 1.3564000000 -0.1301
v 0.1210 0.0491000000 0.0415
v 0.1361 0.0412000000 0.0306
v 0.1487 0.0305000000 0.0205
v 0.1579 0.0191000000 0.0155
v 0.1351 0.0523000000 0.0028
v 0.1431 0.0327000000 -0.0053
v 0.1498 0.0199000000 -0.0077
v 0.1392 0.0338000000 -0.0310
v 0.1433 0.0206000000 -0.0317
v -0.0000 0.7947000000 -0.1377
v -0.0005 1.3122000000 -0.1372
v 0.1300 0.0330000000 -0.0733
v 0.0001 0.8807000000 -0.1485
v -0.0008 1.3072000000 0.0845
v -0.0006 1.2911000000 0.0938
v -0.0004 1.2775000000 0.1043
v -0.0003 1.2603000000 0.1122
v -0.0008 0.9704000000 0.1712
v -0.0007 0.9861000000 0.1721
v 0.0000 1.0341000000 -0.0985
v -0.0004 0.9187000000 0.1694
v -0.0006 1.0039000000 0.1765
v -0.0002 1.1821000000 -0.1386
v -0.0002 1.2426000000 0.1193
v -0.0003 0.8965000000 0.1643
v -0.0001 1.2473000000 -0.1462
v -0.0003 1.0296000000 0.1766
v -0.0001 0.7993000000 0.1442
v -0.0001 1.1043000000 0.1599
v -0.0239 1.4268000000 0.0306
v -0.0361 1.4313000000 0.0245
v -0.0371 1.4241000000 0.0232
v -0.0250 1.4199000000 0.0289
v -0.0636 1.4460000000 -0.0310
v -0.0622 1.4529000000 -0.0258
v -0.0591 1.4585000000 -0.0428
v -0.0614 1.4512000000 -0.0480
v -0.0517 1.4615000000 -0.0577
v -0.0547 1.4539000000 -0.0628
v -0.0436 1.4543000000 -0.0742
v -0.0418 1.4632000000 -0.0692
v -0.0295 1.4627000000 -0.0780
v -0.0319 1.4532000000 -0.0824
v -0.0478 1.4366000000 0.0155
v -0.0572 1.4425000000 0.0032
v -0.0565 1.4337000000 0.0044
v -0.0473 1.4294000000 0.0155
v -0.0619 1.4487000000 -0.0108
v -0.0628 1.4404000000 -0.0123
v -0.0168 1.4544000000 -0.0871
v -0.0150 1.4655000000 -0.0824
v -0.0275 1.4029000000 0.0274
v -0.0141 1.3996000000 0.0301
v -0.0136 1.4086000000 0.0300
v -0.0266 1.4116000000 0.0277
v -0.0605 1.4063000000 0.0069
v -0.0759 1.4153000000 -0.0092
v -0.0815 1.4061000000 -0.0027
v -0.0657 1.3968000000 0.0131
v -0.0764 1.3727000000 0.0328
v -0.1011 1.3819000000 0.0159
v -0.0988 1.3603000000 0.0391
v -0.0781 1.3552000000 0.0473
v -0.0971 1.3414000000 0.0559
v -0.0783 1.3376000000 0.0613
v -0.0922 1.2899000000 0.0962
v -0.0742 1.2893000000 0.1004
v -0.0757 1.3051000000 0.0878
v -0.0940 1.3063000000 0.0835
v -0.1087 1.1932000000 0.1299
v -0.0936 1.1979000000 0.1354
v -0.1015 1.2140000000 0.1362
v -0.1152 1.2116000000 0.1323
v -0.1631 1.3082000000 0.0561
v -0.1640 1.3261000000 0.0460
v -0.1748 1.3125000000 0.0455
v -0.1733 1.2947000000 0.0533
v -0.1186 1.4176000000 -0.0383
v -0.1121 1.4032000000 -0.0125
v -0.0998 1.4090000000 -0.0181
v -0.1059 1.4218000000 -0.0411
v -0.1653 1.2195000000 0.0748
v -0.1602 1.2078000000 0.0845
v -0.1552 1.2182000000 0.0938
v -0.1589 1.2296000000 0.0858
v -0.1357 1.1075000000 0.0819
v -0.1196 1.1068000000 0.1028
v -0.1185 1.1280000000 0.1000
v -0.1338 1.1284000000 0.0804
v -0.1707 1.1468000000 0.0005
v -0.1700 1.1450000000 -0.0305
v -0.1678 1.1295000000 -0.0304
v -0.1682 1.1299000000 0.0004
v -0.1238 1.2886000000 0.0863
v -0.1089 1.2898000000 0.0912
v -0.1109 1.3065000000 0.0789
v -0.1260 1.3056000000 0.0746
v -0.2791 1.2104000000 -0.0015
v -0.2679 1.1955000000 0.0003
v -0.2541 1.2134000000 0.0044
v -0.2655 1.2286000000 0.0023
v -0.1717 1.0314000000 0.0163
v -0.1712 1.0358000000 -0.0145
v -0.1743 1.0165000000 -0.0118
v -0.1736 1.0114000000 0.0193
v -0.2046 1.3553000000 0.0081
v -0.2111 1.3723000000 -0.0138
v -0.2216 1.3573000000 -0.0132
v -0.2146 1.3398000000 0.0073
v -0.1596 1.2771000000 0.0710
v -0.1615 1.2922000000 0.0643
v -0.1709 1.2807000000 0.0587
v -0.1685 1.2682000000 0.0639
v -0.1798 1.1750000000 -0.0363
v -0.1808 1.1774000000 -0.0096
v -0.1835 1.1938000000 -0.0158
v -0.1833 1.1914000000 -0.0403
v -0.1768 1.1615000000 -0.0038
v -0.1755 1.1593000000 -0.0329
v -0.1492 1.2829000000 0.0764
v -0.1373 1.2864000000 0.0814
v -0.1393 1.3038000000 0.0707
v -0.1505 1.3005000000 0.0675
v -0.1026 1.1771000000 0.1229
v -0.0847 1.1831000000 0.1306
v -0.1658 1.0056000000 0.0492
v -0.1528 0.9995000000 0.0756
v -0.1540 1.0212000000 0.0732
v -0.1657 1.0264000000 0.0464
v -0.0999 1.1475000000 0.1122
v -0.0993 1.1634000000 0.1156
v -0.1161 1.1613000000 0.1045
v -0.1166 1.1460000000 0.0982
v -0.1359 0.9939000000 0.0990
v -0.1171 0.9885000000 0.1217
v -0.1184 1.0126000000 0.1190
v -0.1374 1.0165000000 0.0968
v -0.0956 1.3235000000 0.0703
v -0.0773 1.3211000000 0.0748
v -0.1346 1.1920000000 0.1134
v -0.1226 1.1918000000 0.1225
v -0.1278 1.2103000000 0.1250
v -0.1382 1.2097000000 0.1158
v -0.1808 1.2779000000 0.0453
v -0.1847 1.2930000000 0.0397
v -0.1845 1.2691000000 0.0264
v -0.1838 1.2623000000 0.0307
v -0.1756 0.9980000000 -0.0093
v -0.1738 0.9921000000 0.0215
v -0.1344 0.9711000000 0.1001
v -0.1158 0.9646000000 0.1225
v -0.1794 1.2444000000 -0.0355
v -0.1773 1.2460000000 -0.0388
v -0.1772 1.2420000000 -0.0556
v -0.1806 1.2406000000 -0.0534
v -0.0580 1.2165000000 0.1379
v -0.0740 1.2257000000 0.1383
v -0.0808 1.2087000000 0.1388
v -0.0679 1.1957000000 0.1361
v -0.1318 1.1752000000 0.1041
v -0.1309 1.1615000000 0.0927
v -0.1183 1.1751000000 0.1140
v -0.0411 1.2063000000 0.1340
v -0.0534 1.1799000000 0.1315
v -0.0578 1.3178000000 0.0788
v -0.0565 1.3031000000 0.0914
v -0.0583 1.3333000000 0.0664
v -0.0382 1.3297000000 0.0711
v -0.0372 1.3456000000 0.0595
v -0.0571 1.3497000000 0.0543
v -0.0349 1.3610000000 0.0486
v -0.0547 1.3657000000 0.0427
v -0.0438 1.3978000000 0.0193
v -0.0474 1.3890000000 0.0248
v -0.1778 1.2672000000 0.0493
v -0.1750 1.2569000000 0.0535
v -0.1515 0.9780000000 0.0766
v -0.1249 1.3389000000 -0.1377
v -0.1203 1.3205000000 -0.1434
v -0.1398 1.3227000000 -0.1359
v -0.1440 1.3406000000 -0.1295
v -0.1308 1.4172000000 -0.0363
v -0.1278 1.4039000000 -0.0092
v -0.1753 1.2512000000 -0.1115
v -0.1787 1.2544000000 -0.1076
v -0.1781 1.2632000000 -0.1117
v -0.1731 1.2610000000 -0.1167
v -0.1785 1.2512000000 -0.0904
v -0.1779 1.2446000000 -0.0820
v -0.1836 1.2409000000 -0.0850
v -0.1845 1.2476000000 -0.0936
v -0.1678 1.0206000000 -0.0405
v -0.1634 1.0395000000 -0.0434
v -0.1405 1.1577000000 -0.1062
v -0.1544 1.1503000000 -0.0840
v -0.1622 1.1663000000 -0.0838
v -0.1501 1.1743000000 -0.1038
v -0.0186 1.3141000000 -0.1402
v -0.0180 1.2979000000 -0.1424
v -0.0375 1.3013000000 -0.1468
v -0.0382 1.3182000000 -0.1445
v -0.0834 1.3484000000 -0.1433
v -0.0855 1.3652000000 -0.1375
v -0.0607 1.3576000000 -0.1393
v -0.0596 1.3418000000 -0.1440
v -0.1032 1.3354000000 -0.1449
v -0.0991 1.3168000000 -0.1498
v -0.1798 1.1926000000 -0.0628
v -0.1758 1.1770000000 -0.0610
v -0.1833 1.2234000000 -0.0489
v -0.1826 1.2234000000 -0.0679
v -0.1828 1.2157000000 -0.0667
v -0.1842 1.2156000000 -0.0469
v -0.0988 1.4271000000 -0.0461
v -0.0953 1.4316000000 -0.0680
v -0.1065 1.4271000000 -0.0655
v -0.0581 1.4105000000 -0.1130
v -0.0578 1.4038000000 -0.1181
v -0.0725 1.4091000000 -0.1123
v -0.0686 1.4147000000 -0.1081
v -0.0412 1.2266000000 -0.1510
v -0.0198 1.2267000000 -0.1478
v -0.0206 1.2042000000 -0.1457
v -0.0437 1.2025000000 -0.1487
v -0.1810 1.2403000000 -0.0936
v -0.1798 1.2363000000 -0.0957
v -0.1814 1.2315000000 -0.0837
v -0.1806 1.2353000000 -0.0826
v -0.1800 1.2183000000 -0.0833
v -0.1812 1.2259000000 -0.0836
v -0.1781 1.2308000000 -0.0967
v -0.1754 1.2235000000 -0.0976
v -0.1597 1.1897000000 -0.1012
v -0.1694 1.1824000000 -0.0826
v -0.1745 1.1972000000 -0.0826
v -0.1662 1.2040000000 -0.0993
v -0.0193 1.1305000000 -0.1309
v -0.0401 1.1270000000 -0.1342
v -0.0410 1.1521000000 -0.1396
v -0.0196 1.1551000000 -0.1372
v -0.1858 1.2534000000 -0.0100
v -0.1908 1.2613000000 0.0076
v -0.1942 1.2512000000 0.0025
v -0.1909 1.2422000000 -0.0160
v -0.2108 1.2653000000 -0.1131
v -0.2032 1.2692000000 -0.1126
v -0.1997 1.2620000000 -0.1106
v -0.2078 1.2590000000 -0.1120
v -0.1959 1.2193000000 -0.0378
v -0.1973 1.2280000000 -0.0204
v -0.2068 1.2116000000 -0.0242
v -0.2041 1.2031000000 -0.0419
v -0.1426 1.4155000000 -0.0661
v -0.1425 1.4173000000 -0.0345
v -0.1315 1.4192000000 -0.0655
v -0.1926 1.2131000000 -0.0692
v -0.1927 1.2170000000 -0.0832
v -0.1865 1.2278000000 -0.0781
v -0.1877 1.2259000000 -0.0641
v -0.2762 1.2425000000 -0.0094
v -0.2899 1.2244000000 -0.0123
v -0.2144 1.1847000000 -0.0615
v -0.2165 1.1872000000 -0.0767
v -0.2018 1.1987000000 -0.0738
v -0.2023 1.1980000000 -0.0585
v -0.1328 1.1410000000 -0.1057
v -0.1487 1.1345000000 -0.0842
v -0.1365 1.0251000000 -0.0849
v -0.1545 1.0233000000 -0.0654
v -0.1491 1.0429000000 -0.0683
v -0.1312 1.0454000000 -0.0880
v -0.1692 1.0020000000 -0.0381
v -0.1389 1.0056000000 -0.0811
v -0.1565 1.0046000000 -0.0622
v -0.0762 1.4399000000 -0.0640
v -0.0633 1.4402000000 -0.0809
v -0.0730 1.4341000000 -0.0845
v -0.0848 1.4356000000 -0.0695
v -0.1870 0.8865000000 -0.0370
v -0.1845 0.8583000000 -0.0415
v -0.1905 0.8557000000 -0.0089
v -0.1911 0.8824000000 -0.0040
v -0.0417 1.4250000000 -0.1051
v -0.0585 1.4310000000 -0.0949
v -0.0486 1.4372000000 -0.0920
v -0.0323 1.4322000000 -0.1003
v -0.1894 0.9074000000 -0.0036
v -0.1861 0.9134000000 -0.0355
v -0.0886 1.4314000000 -0.0465
v -0.0765 1.4350000000 -0.0414
v -0.0826 1.4240000000 -0.0262
v -0.0739 1.4276000000 -0.0224
v -0.0661 1.4203000000 -0.0053
v -0.1907 0.8472000000 0.0229
v -0.1886 0.8736000000 0.0256
v -0.0589 1.4466000000 -0.0701
v -0.0464 1.4457000000 -0.0821
v -0.0309 1.4432000000 -0.0919
v -0.0147 1.4431000000 -0.0961
v -0.1721 0.9838000000 -0.0372
v -0.1772 0.9796000000 -0.0079
v -0.1251 0.7530000000 -0.1126
v -0.0972 0.7491000000 -0.1211
v -0.0940 0.7353000000 -0.1111
v -0.1269 0.7374000000 -0.1019
v -0.0275 0.7594000000 -0.1243
v -0.0231 0.7448000000 -0.1083
v -0.0586 0.7384000000 -0.1117
v -0.0641 0.7519000000 -0.1247
v -0.0656 0.8820000000 -0.1480
v -0.0665 0.9047000000 -0.1409
v -0.0359 0.9044000000 -0.1424
v -0.0346 0.8813000000 -0.1489
v -0.1427 0.9873000000 -0.0811
v -0.1598 0.9867000000 -0.0617
v -0.1742 0.9733000000 0.0227
v -0.1924 0.7198000000 -0.0077
v -0.1868 0.6855000000 -0.0090
v -0.1841 0.6771000000 0.0313
v -0.1880 0.7117000000 0.0352
v -0.1511 0.6922000000 -0.0714
v -0.1558 0.7206000000 -0.0756
v -0.1233 0.7175000000 -0.0934
v -0.1188 0.6933000000 -0.0881
v -0.0958 0.9587000000 0.1432
v -0.1145 0.9418000000 0.1208
v -0.0941 0.9348000000 0.1405
v -0.0277 0.9462000000 0.1733
v -0.0525 0.9495000000 0.1688
v -0.0489 0.9248000000 0.1651
v -0.0249 0.9215000000 0.1694
v -0.0296 0.8016000000 0.1416
v -0.0135 0.8010000000 0.1440
v -0.0163 0.8251000000 0.1481
v -0.0356 0.8273000000 0.1456
v -0.1795 0.8633000000 0.0539
v -0.1620 0.8529000000 0.0785
v -0.1595 0.8754000000 0.0780
v -0.1762 0.8863000000 0.0540
v -0.0189 0.7333000000 -0.0885
v -0.0516 0.7264000000 -0.0953
v -0.1684 0.6698000000 0.0699
v -0.1702 0.7039000000 0.0740
v -0.1413 0.6646000000 0.0981
v -0.1069 0.6646000000 0.1101
v -0.1095 0.6938000000 0.1133
v -0.1433 0.6971000000 0.1009
v -0.0295 0.7289000000 0.1091
v -0.0121 0.7158000000 0.0820
v -0.0118 0.7178000000 0.0893
v -0.0260 0.7374000000 0.1179
v -0.0303 0.7742000000 -0.1353
v -0.0646 0.7683000000 -0.1355
v -0.0642 0.7873000000 -0.1444
v -0.0312 0.7913000000 -0.1437
v -0.1182 1.0060000000 -0.0947
v -0.1222 0.9867000000 -0.0958
v -0.0964 1.0061000000 -0.1038
v -0.1161 1.0265000000 -0.0986
v -0.0938 1.0273000000 -0.1068
v -0.0911 1.1602000000 -0.1339
v -0.1133 1.1494000000 -0.1222
v -0.1215 1.1670000000 -0.1239
v -0.0999 1.1802000000 -0.1366
v -0.0577 1.3068000000 -0.1505
v -0.0585 1.3244000000 -0.1478
v -0.0806 0.6985000000 -0.0940
v -0.0394 0.7117000000 -0.0823
v -0.0469 0.6753000000 -0.0818
v -0.0833 0.6703000000 -0.0890
v -0.1690 0.6599000000 -0.0440
v -0.1755 0.6912000000 -0.0447
v -0.1467 0.6634000000 -0.0691
v -0.1807 0.6530000000 -0.0096
v -0.1793 0.6445000000 0.0299
v -0.1371 0.6339000000 0.0950
v -0.1021 0.6351000000 0.1057
v -0.0173 0.6688000000 0.0731
v -0.0401 0.6673000000 0.0923
v -0.0383 0.6426000000 0.0839
v -0.0163 0.6473000000 0.0621
v -0.0734 0.7997000000 0.1278
v -0.1099 0.8228000000 0.1145
v -0.1108 0.7985000000 0.1141
v -0.0799 0.7763000000 0.1230
v -0.0337 0.9716000000 0.1751
v -0.0546 0.9756000000 0.1706
v -0.0744 0.9537000000 0.1591
v -0.0757 0.9797000000 0.1605
v -0.0971 0.9838000000 0.1435
v -0.0551 1.0828000000 0.1595
v -0.0803 1.0833000000 0.1465
v -0.0784 1.0582000000 0.1525
v -0.0536 1.0568000000 0.1655
v -0.0566 1.1086000000 0.1517
v -0.0817 1.1084000000 0.1395
v -0.0552 1.1564000000 0.1311
v -0.0788 1.1686000000 0.1253
v -0.0795 1.1510000000 0.1233
v -0.0379 1.3143000000 0.0826
v -0.0370 1.2996000000 0.0937
v -0.1825 0.8386000000 0.0525
v -0.0095 0.7018000000 -0.0529
v 0.0010 0.6907000000 -0.0183
v -0.0018 0.6672000000 -0.0290
v -0.0176 0.6737000000 -0.0601
v -0.1858 0.8974000000 0.0265
v -0.1650 0.9853000000 0.0507
v -0.1643 0.9656000000 0.0512
v -0.1606 1.1319000000 0.0313
v -0.1628 1.1530000000 0.0370
v -0.0891 1.2308000000 0.1358
v -0.0907 1.2181000000 0.1381
v -0.1815 0.7240000000 -0.0460
v -0.1257 0.5787000000 0.0850
v -0.0913 0.5796000000 0.0928
v -0.0972 0.6064000000 0.1001
v -0.1325 0.6055000000 0.0906
v -0.0056 0.6277000000 0.0236
v -0.0166 0.6227000000 0.0506
v -0.0185 0.5969000000 0.0396
v -0.0104 0.6016000000 0.0128
v -0.0148 0.5749000000 0.0046
v -0.0205 0.5698000000 0.0319
v -0.0209 0.5436000000 0.0222
v -0.0171 0.5493000000 -0.0036
v -0.1638 0.6367000000 0.0675
v -0.1671 0.5865000000 0.0298
v -0.1530 0.5807000000 0.0622
v -0.1589 0.6071000000 0.0653
v -0.1735 0.6139000000 0.0301
v -0.1176 0.6660000000 -0.0841
v -0.0028 0.6523000000 0.0354
v -0.0024 0.6721000000 0.0480
v -0.0176 0.6091000000 -0.0415
v -0.0342 0.6117000000 -0.0654
v -0.0261 0.6415000000 -0.0631
v -0.0092 0.6382000000 -0.0361
v -0.1443 0.6082000000 -0.0638
v -0.1621 0.6029000000 -0.0386
v -0.1654 0.6304000000 -0.0407
v -0.1454 0.6351000000 -0.0662
v -0.1696 0.5950000000 -0.0057
v -0.1754 0.6226000000 -0.0069
v -0.1551 0.5349000000 0.0281
v -0.1388 0.5298000000 0.0558
v -0.1461 0.5551000000 0.0588
v -0.1607 0.5607000000 0.0288
v -0.1590 0.5435000000 -0.0050
v -0.1639 0.5692000000 -0.0053
v -0.1588 0.5771000000 -0.0367
v -0.1555 0.5514000000 -0.0344
v -0.1405 0.5574000000 -0.0571
v -0.1427 0.5826000000 -0.0609
v -0.1200 0.5856000000 -0.0773
v -0.1202 0.5609000000 -0.0732
v -0.0935 0.5872000000 -0.0833
v -0.0659 0.5870000000 -0.0792
v -0.0714 0.5623000000 -0.0768
v -0.0966 0.5624000000 -0.0793
v -0.0306 0.5571000000 -0.0504
v -0.0481 0.5602000000 -0.0677
v -0.0416 0.5850000000 -0.0667
v -0.0250 0.5822000000 -0.0459
v -0.0548 0.4585000000 -0.0641
v -0.0739 0.4623000000 -0.0674
v -0.0665 0.4875000000 -0.0688
v -0.0461 0.4840000000 -0.0634
v -0.0920 0.4653000000 -0.0729
v -0.1111 0.4660000000 -0.0729
v -0.1057 0.4904000000 -0.0711
v -0.0865 0.4897000000 -0.0708
v -0.1379 0.4845000000 -0.0472
v -0.1234 0.4891000000 -0.0638
v -0.1284 0.4644000000 -0.0649
v -0.1413 0.4595000000 -0.0478
v -0.1530 0.4533000000 -0.0279
v -0.1524 0.4779000000 -0.0282
v -0.1499 0.4465000000 -0.0042
v -0.1534 0.4706000000 -0.0045
v -0.1385 0.4636000000 0.0221
v -0.1372 0.4400000000 0.0218
v -0.0279 0.4440000000 -0.0158
v -0.0283 0.4501000000 -0.0370
v -0.0213 0.4744000000 -0.0303
v -0.0227 0.4687000000 -0.0087
v -0.0520 0.4610000000 0.0313
v -0.0704 0.4591000000 0.0534
v -0.0700 0.4350000000 0.0428
v -0.0529 0.4371000000 0.0207
v -0.1559 0.5190000000 -0.0048
v -0.1493 0.5105000000 0.0266
v -0.1381 0.5329000000 -0.0529
v -0.1530 0.5266000000 -0.0318
v -0.0354 0.5329000000 -0.0551
v -0.0541 0.5361000000 -0.0685
v -0.0214 0.5178000000 0.0119
v -0.0183 0.5238000000 -0.0122
v -0.1058 0.5040000000 0.0694
v -0.1317 0.5055000000 0.0532
v -0.1265 0.4818000000 0.0509
v -0.1014 0.4801000000 0.0667
v -0.1549 0.4948000000 -0.0048
v -0.1519 0.5025000000 -0.0297
v -0.1369 0.5089000000 -0.0493
v -0.1211 0.5129000000 -0.0654
v -0.1020 0.5142000000 -0.0721
v -0.0818 0.5138000000 -0.0716
v -0.0602 0.5120000000 -0.0691
v -0.0402 0.5089000000 -0.0596
v -0.0189 0.4991000000 -0.0214
v -0.0218 0.4929000000 0.0013
v -0.0971 0.4572000000 0.0611
v -0.1236 0.4589000000 0.0473
v -0.1231 0.4368000000 0.0420
v -0.0946 0.4353000000 0.0510
v -0.0946 0.4151000000 0.0404
v -0.0736 0.4151000000 0.0314
v -0.0976 0.4396000000 -0.0761
v -0.1163 0.4400000000 -0.0744
v -0.1334 0.4386000000 -0.0658
v -0.1546 0.4294000000 -0.0291
v -0.1482 0.4217000000 -0.0021
v -0.1342 0.4157000000 0.0210
v -0.1183 0.4158000000 0.0359
v -0.0436 0.3982000000 -0.0447
v -0.0382 0.4242000000 -0.0401
v -0.0366 0.4198000000 -0.0209
v -0.0431 0.3939000000 -0.0248
v -0.0649 0.4066000000 -0.0730
v -0.0827 0.4104000000 -0.0825
v -0.0796 0.4371000000 -0.0703
v -0.0628 0.4328000000 -0.0628
v -0.1043 0.4133000000 -0.0855
v -0.1238 0.4134000000 -0.0813
v -0.1416 0.4125000000 -0.0717
v -0.1478 0.4353000000 -0.0506
v -0.1548 0.4093000000 -0.0542
v -0.1573 0.4030000000 -0.0293
v -0.1493 0.3953000000 0.0030
v -0.1298 0.3608000000 0.0207
v -0.1263 0.3887000000 0.0228
v -0.1529 0.3677000000 0.0030
v -0.1045 0.2693000000 0.0066
v -0.1304 0.2704000000 0.0077
v -0.1268 0.2376000000 0.0006
v -0.1040 0.2363000000 -0.0001
v -0.0450 0.3667000000 -0.0291
v -0.0445 0.3706000000 -0.0519
v -0.0661 0.3785000000 -0.0835
v -0.0865 0.3821000000 -0.0928
v -0.1681 0.3456000000 -0.0329
v -0.1634 0.3752000000 -0.0288
v -0.1616 0.3813000000 -0.0568
v -0.1656 0.3510000000 -0.0615
v -0.0455 0.2748000000 -0.0423
v -0.0453 0.2775000000 -0.0647
v -0.0426 0.3094000000 -0.0626
v -0.0426 0.3064000000 -0.0383
v -0.0649 0.3478000000 -0.0908
v -0.0648 0.3156000000 -0.0956
v -0.0848 0.3190000000 -0.1054
v -0.0849 0.3514000000 -0.1006
v -0.1647 0.2797000000 -0.0394
v -0.1686 0.3136000000 -0.0365
v -0.1667 0.3183000000 -0.0646
v -0.1635 0.2835000000 -0.0662
v -0.1570 0.3388000000 -0.0018
v -0.1569 0.3078000000 -0.0069
v -0.1332 0.3021000000 0.0129
v -0.1315 0.3328000000 0.0182
v -0.1048 0.3008000000 0.0128
v -0.1024 0.3305000000 0.0175
v -0.0607 0.2076000000 -0.0632
v -0.0529 0.2429000000 -0.0642
v -0.0527 0.2402000000 -0.0437
v -0.0606 0.2049000000 -0.0451
v -0.0878 0.2850000000 -0.1052
v -0.0674 0.2822000000 -0.0965
v -0.0729 0.2473000000 -0.0924
v -0.0908 0.2492000000 -0.1005
v -0.1516 0.2063000000 -0.0435
v -0.1587 0.2438000000 -0.0418
v -0.1573 0.2465000000 -0.0661
v -0.1497 0.2090000000 -0.0660
v -0.1239 0.2018000000 -0.0068
v -0.1489 0.2406000000 -0.0146
v -0.1435 0.2033000000 -0.0207
v -0.1196 0.1674000000 -0.0108
v -0.1016 0.1669000000 -0.0102
v -0.1027 0.2012000000 -0.0064
v -0.0676 0.1718000000 -0.0458
v -0.0660 0.1740000000 -0.0620
v -0.0920 0.1787000000 -0.0918
v -0.0928 0.2133000000 -0.0953
v -0.0769 0.2117000000 -0.0876
v -0.0778 0.1771000000 -0.0840
v -0.1285 0.2124000000 -0.0918
v -0.1109 0.2136000000 -0.0968
v -0.1093 0.1790000000 -0.0930
v -0.1253 0.1773000000 -0.0877
v -0.1416 0.1749000000 -0.0646
v -0.1418 0.2111000000 -0.0815
v -0.1353 0.1763000000 -0.0782
v -0.1443 0.1722000000 -0.0439
v -0.1374 0.1687000000 -0.0227
v -0.0005 0.7223000000 -0.0232
v 0.0023 0.7103000000 0.0110
v 0.0011 0.7043000000 -0.0040
v -0.0059 0.7182000000 -0.0384
v -0.0373 0.6163000000 0.0756
v -0.0359 0.5895000000 0.0659
v -0.0340 0.5372000000 0.0467
v -0.0352 0.5633000000 0.0572
v -0.0331 0.5124000000 0.0351
v -0.0329 0.4878000000 0.0234
v -0.0330 0.4639000000 0.0117
v -0.0370 0.4396000000 0.0026
v -0.0444 0.4151000000 -0.0021
v -0.0510 0.3898000000 -0.0042
v -0.0542 0.3346000000 -0.0117
v -0.0437 0.3373000000 -0.0338
v -0.0547 0.3634000000 -0.0079
v -0.0566 0.2722000000 -0.0186
v -0.0542 0.3041000000 -0.0150
v -0.0623 0.2377000000 -0.0227
v -0.0687 0.2022000000 -0.0276
v -0.0751 0.1693000000 -0.0299
v -0.0777 0.7151000000 0.1150
v -0.0473 0.7075000000 0.1067
v -0.0507 0.7230000000 0.1130
v -0.0801 0.7360000000 0.1179
v -0.0049 0.7149000000 0.0601
v -0.0009 0.7182000000 0.0409
v -0.0023 0.7192000000 0.0466
v -0.0056 0.7156000000 0.0664
v -0.1440 0.4875000000 0.0244
v -0.1203 0.5368000000 -0.0686
v -0.0994 0.5382000000 -0.0748
v -0.0766 0.5381000000 -0.0738
v -0.0518 0.5069000000 0.0576
v -0.0759 0.5047000000 0.0708
v -0.0720 0.4817000000 0.0629
v -0.0497 0.4828000000 0.0466
v -0.0987 0.3559000000 0.0203
v -0.0758 0.3321000000 0.0050
v -0.0740 0.3592000000 0.0095
v -0.0974 0.3786000000 0.0252
v -0.1310 0.3855000000 -0.0898
v -0.1492 0.3847000000 -0.0778
v -0.1341 0.3555000000 -0.0979
v -0.1086 0.3844000000 -0.0946
v -0.1101 0.3541000000 -0.1032
v -0.0576 0.5572000000 0.0763
v -0.0858 0.5539000000 0.0847
v -0.0808 0.5291000000 0.0770
v -0.0540 0.5322000000 0.0665
v -0.1424 1.0616000000 -0.0715
v -0.1253 1.0655000000 -0.0908
v -0.1553 1.1846000000 0.0822
v -0.1587 1.1702000000 0.0635
v -0.1456 1.1638000000 0.0786
v -0.1442 1.1779000000 0.0932
v -0.1639 1.1945000000 0.0718
v -0.1679 1.1808000000 0.0522
v -0.1697 1.2065000000 0.0616
v -0.1742 1.1934000000 0.0423
v -0.1810 1.2511000000 0.0115
v -0.1784 1.2563000000 0.0067
v -0.0569 1.1336000000 0.1423
v -0.0294 1.1323000000 0.1486
v -0.0288 1.1550000000 0.1372
v -0.0719 0.9289000000 0.1557
v -0.0485 0.8006000000 0.1368
v -0.0578 0.8299000000 0.1401
v -0.0830 0.8358000000 0.1303
v -0.0089 0.7336000000 0.1139
v -0.0636 1.1470000000 -0.1369
v -0.0622 1.1221000000 -0.1324
v -0.0387 1.3350000000 -0.1413
v -0.0188 1.3301000000 -0.1379
v -0.0394 1.3648000000 -0.1340
v -0.0391 1.3779000000 -0.1299
v -0.0191 1.3722000000 -0.1288
v -0.0193 1.3590000000 -0.1323
v -0.0215 1.4229000000 -0.1091
v -0.0178 1.4328000000 -0.1031
v 0.0003 0.7162000000 0.0349
v 0.0016 0.7238000000 0.0087
v 0.0009 0.7237000000 0.0204
v -0.0199 0.6869000000 0.0829
v -0.0041 0.6874000000 0.0595
v -0.0066 0.6984000000 0.0687
v -0.0232 0.7008000000 0.0911
v -0.1897 0.7460000000 0.0401
v -0.1957 0.7549000000 -0.0025
v -0.0878 0.7194000000 -0.1002
v -0.2468 1.1602000000 -0.0783
v -0.2537 1.1677000000 -0.0895
v -0.2371 1.1811000000 -0.0903
v -0.2313 1.1741000000 -0.0782
v -0.0657 1.2274000000 -0.1516
v -0.0745 1.1991000000 -0.1461
v -0.0922 1.4175000000 -0.0242
v -0.1651 1.4125000000 -0.0291
v -0.1620 1.4013000000 -0.0016
v -0.1517 1.4045000000 -0.0049
v -0.1536 1.4157000000 -0.0323
v -0.1613 1.3588000000 -0.1137
v -0.1626 1.3768000000 -0.1008
v -0.1500 1.3781000000 -0.1079
v -0.1475 1.3588000000 -0.1206
v -0.0335 0.8579000000 -0.1525
v -0.0642 0.8581000000 -0.1527
v -0.0427 1.0542000000 -0.1150
v -0.0661 1.0513000000 -0.1153
v -0.0631 1.0740000000 -0.1212
v -0.0407 1.0777000000 -0.1217
v -0.0991 1.2130000000 -0.1439
v -0.1159 1.1960000000 -0.1340
v -0.0355 1.2516000000 0.1238
v -0.0540 1.2558000000 0.1248
v -0.0546 1.2378000000 0.1334
v -0.0368 1.2314000000 0.1312
v -0.2346 1.2251000000 -0.1072
v -0.2155 1.2297000000 -0.1063
v -0.2091 1.2158000000 -0.0985
v -0.2256 1.2056000000 -0.1002
v -0.1844 0.7622000000 -0.0485
v -0.1577 0.7464000000 -0.0827
v -0.1565 1.0946000000 -0.0561
v -0.1424 1.0981000000 -0.0822
v -0.1398 1.0794000000 -0.0764
v -0.1546 1.0760000000 -0.0513
v -0.1640 1.1463000000 -0.0586
v -0.1610 1.1310000000 -0.0588
v -0.1705 1.1612000000 -0.0598
v -0.1813 1.2404000000 -0.0689
v -0.1769 1.2411000000 -0.0704
v -0.1823 1.2438000000 -0.0811
v -0.0437 0.6890000000 0.1003
v -0.0530 0.7513000000 0.1230
v -0.0480 0.7649000000 0.1283
v -0.0007 0.7249000000 0.0277
v -0.0667 1.4330000000 -0.0180
v -0.0605 1.4270000000 -0.0011
v -0.1890 1.2284000000 -0.0489
v -0.1943 1.2140000000 -0.0541
v -0.1786 1.2380000000 -0.0329
v -0.1797 1.2337000000 -0.0518
v -0.1818 1.2291000000 -0.0505
v -0.1807 1.2331000000 -0.0303
v -0.1800 1.2330000000 -0.0685
v -0.1819 1.2289000000 -0.0685
v -0.1404 1.3222000000 0.0594
v -0.1417 1.3404000000 0.0466
v -0.1532 1.3349000000 0.0460
v -0.1521 1.3172000000 0.0576
v -0.1276 1.3239000000 0.0621
v -0.1126 1.3243000000 0.0658
v -0.1142 1.3429000000 0.0512
v -0.1292 1.3425000000 0.0482
v -0.0715 1.3873000000 0.0222
v -0.0888 1.3968000000 0.0042
v -0.0513 1.3791000000 0.0335
v -0.0329 1.3736000000 0.0402
v -0.0239 1.4115000000 -0.1151
v -0.0198 1.3966000000 -0.1208
v -0.0399 1.4013000000 -0.1194
v -0.0456 1.4138000000 -0.1121
v -0.0534 1.4156000000 0.0089
v -0.0412 1.4076000000 0.0191
v -0.0286 1.3933000000 0.0289
v -0.2829 1.2512000000 -0.0264
v -0.2956 1.2336000000 -0.0275
v -0.0671 1.4447000000 -0.0542
v -0.0691 1.4393000000 -0.0359
v -0.2860 1.2562000000 -0.0456
v -0.2988 1.2378000000 -0.0460
v -0.1407 1.4048000000 -0.0071
v -0.1483 1.3835000000 0.0151
v -0.1369 1.3832000000 0.0142
v -0.0499 1.4231000000 0.0126
v -0.0392 1.4161000000 0.0211
v -0.1954 0.7895000000 0.0074
v -0.1884 0.7798000000 0.0454
v -0.1641 1.0470000000 0.0424
v -0.1685 1.0510000000 0.0125
v -0.0280 1.0812000000 0.1666
v -0.0267 1.0548000000 0.1725
v -0.0127 1.4171000000 0.0318
v -0.0532 1.0026000000 0.1712
v -0.0270 0.9977000000 0.1767
v -0.0266 1.0272000000 0.1756
v -0.0527 1.0301000000 0.1693
v -0.0156 0.9567000000 0.1745
v -0.0171 0.9699000000 0.1749
v -0.0119 0.7807000000 0.1406
v -0.0246 0.7808000000 0.1385
v -0.2249 1.2924000000 0.0166
v -0.2318 1.3095000000 0.0039
v -0.2416 1.2941000000 0.0007
v -0.2333 1.2782000000 0.0137
v -0.0763 1.0065000000 0.1598
v -0.0984 1.0095000000 0.1414
v -0.1821 1.2436000000 0.0154
v -0.1815 1.2538000000 0.0348
v -0.0273 1.1765000000 0.1326
v -0.0725 1.2426000000 0.1326
v -0.0724 1.2586000000 0.1237
v -0.0897 1.2601000000 0.1202
v -0.0892 1.2455000000 0.1295
v -0.0007 0.7272000000 0.0166
v -0.2166 1.3005000000 -0.1104
v -0.2251 1.2942000000 -0.1083
v -0.2286 1.3044000000 -0.1029
v -0.2201 1.3117000000 -0.1050
v 0.0018 0.6930000000 0.0294
v 0.0021 0.6795000000 0.0165
v -0.0136 0.7278000000 -0.0652
v -0.0025 0.7317000000 -0.0468
v -0.0678 0.6383000000 0.1004
v -0.0721 0.6661000000 0.1066
v -0.0630 0.6111000000 0.0932
v -0.0601 0.5840000000 0.0851
v -0.0592 0.4140000000 0.0146
v -0.0706 0.3871000000 0.0158
v -0.0775 0.3018000000 0.0003
v -0.0796 0.2703000000 -0.0047
v -0.0819 0.2367000000 -0.0102
v -0.0844 0.2017000000 -0.0152
v -0.0867 0.1675000000 -0.0177
v -0.2979 1.2355000000 -0.0647
v -0.2858 1.2553000000 -0.0668
v -0.2791 1.2453000000 -0.0839
v -0.2932 1.2273000000 -0.0802
v -0.2148 1.1874000000 -0.0451
v -0.2180 1.1949000000 -0.0278
v -0.2304 1.1793000000 -0.0303
v -0.2275 1.1736000000 -0.0472
v -0.2407 1.1583000000 -0.0491
v -0.2424 1.1575000000 -0.0646
v -0.2278 1.1719000000 -0.0635
v -0.2619 1.1791000000 -0.0975
v -0.2704 1.1922000000 -0.1006
v -0.2540 1.2079000000 -0.1032
v -0.2438 1.1924000000 -0.0989
v -0.2858 1.2169000000 -0.0923
v -0.2707 1.2327000000 -0.0952
v -0.2620 1.2204000000 -0.1018
v -0.2778 1.2047000000 -0.0991
v -0.2571 1.1817000000 -0.0059
v -0.2484 1.1705000000 -0.0173
v -0.2362 1.1886000000 -0.0148
v -0.2440 1.1998000000 -0.0023
v -0.2394 1.3252000000 -0.0150
v -0.2489 1.3071000000 -0.0179
v -0.1835 1.2745000000 0.0182
v -0.1879 1.2876000000 0.0313
v -0.1926 1.2808000000 0.0275
v -0.1822 1.2699000000 0.0124
v -0.2628 1.2604000000 -0.0059
v -0.2512 1.2780000000 -0.0021
v -0.2585 1.2885000000 -0.0204
v -0.2699 1.2695000000 -0.0234
v -0.2306 1.2167000000 0.0020
v -0.2233 1.2054000000 -0.0115
v -0.2110 1.2219000000 -0.0070
v -0.2184 1.2327000000 0.0079
v -0.2204 1.1938000000 -0.0899
v -0.2049 1.2055000000 -0.0872
v -0.2153 1.2745000000 0.0237
v -0.2219 1.2606000000 0.0191
v -0.1791 1.2438000000 0.0384
v -0.1842 1.2188000000 -0.0246
v -0.1829 1.2270000000 -0.0276
v -0.1449 1.1940000000 0.1037
v -0.1463 1.2097000000 0.1066
v -0.1785 1.1836000000 0.0178
v -0.1818 1.1991000000 0.0097
v -0.1533 1.1989000000 0.0942
v -0.1518 1.2095000000 0.0990
v -0.1016 1.1291000000 0.1171
v -0.0304 1.3840000000 0.0335
v -0.2419 1.2629000000 0.0104
v -0.2298 1.2469000000 0.0141
v -0.1902 1.2413000000 -0.0991
v -0.1873 1.2339000000 -0.0899
v -0.1963 1.2254000000 -0.0950
v -0.2015 1.2355000000 -0.1034
v -0.1339 1.2365000000 -0.1350
v -0.1185 1.2245000000 -0.1400
v -0.1316 1.2104000000 -0.1296
v -0.1443 1.2238000000 -0.1253
v -0.2368 1.3168000000 -0.0884
v -0.2427 1.3187000000 -0.0771
v -0.2330 1.3336000000 -0.0765
v -0.2279 1.3282000000 -0.0889
v -0.2489 1.3182000000 -0.0612
v -0.2522 1.3148000000 -0.0404
v -0.2425 1.3345000000 -0.0382
v -0.2385 1.3366000000 -0.0598
v -0.1823 0.8306000000 -0.0486
v -0.1908 0.8268000000 -0.0168
v -0.1501 0.9572000000 0.0762
v -0.1331 0.9493000000 0.0991
v -0.1116 0.8490000000 0.1157
v -0.0275 0.7210000000 0.1043
v -0.0099 0.7120000000 0.0783
v 0.0009 0.6592000000 0.0043
v -0.1930 0.8207000000 0.0161
v -0.0039 0.6331000000 -0.0057
v -0.0104 0.6057000000 -0.0144
v -0.0603 0.6131000000 -0.0809
v -0.0901 0.6127000000 -0.0861
v -0.0868 0.6404000000 -0.0876
v -0.0541 0.6423000000 -0.0814
v -0.1193 0.6111000000 -0.0802
v -0.1184 0.6379000000 -0.0822
v -0.1120 0.5286000000 0.0731
v -0.1098 0.3216000000 -0.1077
v -0.1329 0.2869000000 -0.1013
v -0.1344 0.3227000000 -0.1021
v -0.1105 0.2867000000 -0.1070
v -0.1539 0.3214000000 -0.0871
v -0.1530 0.3545000000 -0.0839
v -0.1536 0.2749000000 -0.0101
v -0.1115 0.2502000000 -0.1023
v -0.1315 0.2502000000 -0.0966
v -0.1476 0.2487000000 -0.0842
v -0.1520 0.2860000000 -0.0868
v 0.0008 0.7016000000 0.0414
v -0.1705 0.7371000000 0.0772
v -0.1687 0.7680000000 0.0802
v -0.1118 0.7735000000 0.1147
v -0.0813 0.7561000000 0.1203
v -0.1192 1.0361000000 0.1152
v -0.1380 1.0389000000 0.0933
v -0.1367 1.0850000000 0.0849
v -0.1515 1.0871000000 0.0615
v -0.1526 1.0649000000 0.0655
v -0.1377 1.0617000000 0.0890
v -0.1659 1.0906000000 0.0044
v -0.1644 1.0924000000 -0.0268
v -0.1637 1.0732000000 -0.0225
v -0.1659 1.0707000000 0.0083
v -0.1664 1.0548000000 -0.0183
v -0.1575 1.0582000000 -0.0469
v -0.0836 1.0931000000 -0.1209
v -0.1040 1.0884000000 -0.1104
v -0.1049 1.1099000000 -0.1167
v -0.0841 1.1163000000 -0.1264
v -0.0371 0.7756000000 0.1343
v -0.0028 0.7119000000 0.0558
v -0.0751 0.6922000000 0.1116
v -0.1110 0.7221000000 0.1151
v -0.1437 0.7286000000 0.1030
v -0.1902 1.2341000000 -0.0329
v -0.1702 1.2465000000 -0.1151
v -0.1670 1.2573000000 -0.1213
v -0.2597 1.3000000000 -0.0643
v -0.2625 1.2965000000 -0.0432
v -0.2096 1.2472000000 0.0141
v -0.2231 1.3244000000 0.0062
v -0.2166 1.3057000000 0.0192
v -0.2078 1.3192000000 0.0221
v -0.1383 0.8394000000 0.0980
v -0.1647 0.8279000000 0.0794
v -0.1398 0.8147000000 0.0996
v -0.0001 0.7319000000 -0.0286
v -0.0531 0.7376000000 0.1182
v -0.0158 0.5788000000 -0.0213
v -0.0198 0.5533000000 -0.0283
v -0.0228 0.5288000000 -0.0353
v -0.0255 0.5044000000 -0.0426
v -0.0299 0.4796000000 -0.0496
v -0.0385 0.4545000000 -0.0541
v -0.0475 0.4292000000 -0.0543
v -0.0513 0.4026000000 -0.0609
v -0.0432 0.3406000000 -0.0580
v -0.0507 0.3440000000 -0.0764
v -0.0515 0.3744000000 -0.0697
v -0.0508 0.3125000000 -0.0811
v -0.0529 0.2797000000 -0.0821
v -0.0602 0.2453000000 -0.0798
v -0.0700 0.1755000000 -0.0743
v -0.0669 0.2100000000 -0.0768
v 0.0001 0.7309000000 0.0024
v 0.0001 0.7316000000 -0.0122
v -0.1221 1.3819000000 0.0136
v -0.1799 1.2415000000 -0.0095
v -0.1773 1.2459000000 -0.0134
v -0.2029 1.2600000000 0.0195
v -0.2559 1.2475000000 -0.0993
v -0.2656 1.2616000000 -0.0893
v -0.2006 1.2378000000 -0.0021
v -0.1758 1.2610000000 -0.0046
v -0.1790 1.2625000000 0.0018
v -0.4208 1.0938000000 -0.0431
v -0.4219 1.0988000000 -0.0577
v -0.4330 1.0818000000 -0.0559
v -0.4307 1.0764000000 -0.0425
v -0.4144 1.0850000000 -0.0320
v -0.4239 1.0682000000 -0.0328
v -0.3665 1.0365000000 -0.0500
v -0.3733 1.0439000000 -0.0372
v -0.3866 1.0301000000 -0.0419
v -0.3805 1.0237000000 -0.0548
v -0.4249 1.0424000000 -0.0289
v -0.4153 1.0331000000 -0.0300
v -0.4045 1.0482000000 -0.0271
v -0.4149 1.0582000000 -0.0272
v -0.3652 1.0396000000 -0.0828
v -0.3704 1.0489000000 -0.0948
v -0.3543 1.0593000000 -0.0921
v -0.3499 1.0503000000 -0.0785
v -0.3169 1.0983000000 -0.0287
v -0.3106 1.0882000000 -0.0400
v -0.3014 1.1001000000 -0.0340
v -0.3085 1.1120000000 -0.0247
v -0.3993 1.1294000000 -0.0444
v -0.3971 1.1324000000 -0.0605
v -0.4099 1.1158000000 -0.0591
v -0.4102 1.1116000000 -0.0436
v -0.3716 1.0974000000 -0.0194
v -0.3586 1.0853000000 -0.0217
v -0.3470 1.1039000000 -0.0202
v -0.3596 1.1161000000 -0.0191
v -0.3875 1.1466000000 -0.0462
v -0.3835 1.1479000000 -0.0618
v -0.3937 1.0637000000 -0.0239
v -0.3825 1.0534000000 -0.0285
v -0.3705 1.0687000000 -0.0245
v -0.3829 1.0799000000 -0.0210
v -0.3967 1.0188000000 -0.0868
v -0.4024 1.0278000000 -0.0961
v -0.3865 1.0385000000 -0.0961
v -0.3810 1.0292000000 -0.0855
v -0.4069 1.0248000000 -0.0363
v -0.4000 1.0175000000 -0.0462
v -0.3947 1.0389000000 -0.0326
v -0.4380 1.0645000000 -0.0816
v -0.4427 1.0667000000 -0.0682
v -0.4305 1.0831000000 -0.0709
v -0.4243 1.0799000000 -0.0850
v -0.3397 1.0652000000 -0.0391
v -0.3478 1.0742000000 -0.0280
v -0.3603 1.0584000000 -0.0324
v -0.3527 1.0501000000 -0.0448
v -0.3941 1.1215000000 -0.0306
v -0.4045 1.1031000000 -0.0311
v -0.4100 1.0944000000 -0.0876
v -0.4176 1.0989000000 -0.0732
v -0.4040 1.1145000000 -0.0747
v -0.3951 1.1086000000 -0.0892
v -0.3686 1.1105000000 -0.0975
v -0.3566 1.0965000000 -0.0984
v -0.3727 1.0856000000 -0.1000
v -0.3844 1.0988000000 -0.0977
v -0.3278 1.0816000000 -0.0337
v -0.3219 1.0740000000 -0.0477
v -0.3348 1.0615000000 -0.0729
v -0.3386 1.0698000000 -0.0879
v -0.3233 1.0799000000 -0.0821
v -0.3202 1.0726000000 -0.0659
v -0.3512 1.1616000000 -0.0255
v -0.3597 1.1713000000 -0.0367
v -0.3705 1.1576000000 -0.0340
v -0.3613 1.1484000000 -0.0235
v -0.3740 1.1639000000 -0.0492
v -0.3610 1.1766000000 -0.0528
v -0.3365 1.1870000000 -0.0714
v -0.3281 1.1779000000 -0.0798
v -0.3353 1.1707000000 -0.0774
v -0.3455 1.1809000000 -0.0698
v -0.3364 1.1294000000 -0.0967
v -0.3238 1.1149000000 -0.0936
v -0.3401 1.1063000000 -0.0963
v -0.3525 1.1208000000 -0.0974
v -0.3009 1.1066000000 -0.0827
v -0.2970 1.0957000000 -0.0691
v -0.3088 1.0887000000 -0.0754
v -0.3143 1.1006000000 -0.0876
v -0.2669 1.1314000000 -0.0683
v -0.2638 1.1279000000 -0.0532
v -0.2719 1.1177000000 -0.0548
v -0.2755 1.1222000000 -0.0699
v -0.2710 1.1393000000 -0.0222
v -0.2804 1.1506000000 -0.0128
v -0.2887 1.1408000000 -0.0151
v -0.2791 1.1288000000 -0.0240
v -0.3219 1.2005000000 -0.0289
v -0.3245 1.2064000000 -0.0461
v -0.3338 1.1984000000 -0.0439
v -0.3297 1.1914000000 -0.0280
v -0.3233 1.1362000000 -0.0953
v -0.3081 1.1226000000 -0.0905
v -0.2865 1.1195000000 -0.0266
v -0.2953 1.1315000000 -0.0178
v -0.3016 1.1223000000 -0.0209
v -0.2937 1.1106000000 -0.0296
v -0.3158 1.1588000000 -0.0180
v -0.3266 1.1704000000 -0.0197
v -0.3326 1.1622000000 -0.0214
v -0.3214 1.1502000000 -0.0207
v -0.3366 1.1835000000 -0.0273
v -0.3423 1.1909000000 -0.0412
v -0.3503 1.1829000000 -0.0391
v -0.3433 1.1738000000 -0.0267
v -0.3171 1.1543000000 -0.0917
v -0.3094 1.1440000000 -0.0956
v -0.3162 1.1412000000 -0.0953
v -0.3241 1.1518000000 -0.0914
v -0.2917 1.1113000000 -0.0770
v -0.2883 1.1027000000 -0.0627
v -0.3278 1.1381000000 -0.0223
v -0.3178 1.1245000000 -0.0212
v -0.3112 1.1361000000 -0.0188
v -0.3511 1.1860000000 -0.0553
v -0.2731 1.1380000000 -0.0802
v -0.2797 1.1457000000 -0.0904
v -0.2694 1.1550000000 -0.0898
v -0.2628 1.1473000000 -0.0792
v -0.2570 1.1420000000 -0.0665
v -0.2542 1.1408000000 -0.0513
v -0.2615 1.1530000000 -0.0198
v -0.2700 1.1642000000 -0.0096
v -0.2814 1.1779000000 -0.0047
v -0.2929 1.1928000000 -0.0064
v -0.3044 1.1791000000 -0.0115
v -0.2922 1.1645000000 -0.0093
v -0.3117 1.2200000000 -0.0462
v -0.3090 1.2157000000 -0.0284
v -0.3107 1.2175000000 -0.0634
v -0.3226 1.2056000000 -0.0616
v -0.2811 1.1114000000 -0.0407
v -0.2734 1.1204000000 -0.0381
v -0.3999 1.0859000000 -0.0972
v -0.3886 1.0738000000 -0.1006
v -0.4044 1.0614000000 -0.0997
v -0.4152 1.0725000000 -0.0951
v -0.4104 1.0383000000 -0.0994
v -0.3947 1.0499000000 -0.1006
v -0.4050 1.0745000000 -0.0251
v -0.3948 1.0915000000 -0.0232
v -0.4336 1.0517000000 -0.0332
v -0.3395 1.1503000000 -0.0221
v -0.3482 1.1356000000 -0.0206
v -0.3191 1.1681000000 -0.0865
v -0.3203 1.1842000000 -0.0825
v -0.3125 1.1740000000 -0.0902
v -0.3485 1.1423000000 -0.0905
v -0.3590 1.1519000000 -0.0759
v -0.3420 1.1602000000 -0.0777
v -0.3340 1.1486000000 -0.0908
v -0.3030 1.1464000000 -0.0958
v -0.3112 1.1579000000 -0.0931
v -0.3045 1.1627000000 -0.0950
v -0.2959 1.1506000000 -0.0961
v -0.3207 1.1801000000 -0.0185
v -0.3139 1.1905000000 -0.0176
v -0.3118 1.1914000000 -0.0852
v -0.3178 1.1997000000 -0.0745
v -0.3069 1.2099000000 -0.0777
v -0.3004 1.2014000000 -0.0890
v -0.3273 1.1931000000 -0.0726
v -0.3045 1.1813000000 -0.0932
v -0.2933 1.1909000000 -0.0962
v -0.3025 1.2061000000 -0.0146
v -0.2875 1.1570000000 -0.0964
v -0.2963 1.1694000000 -0.0969
v -0.2853 1.1788000000 -0.0988
v -0.2769 1.1661000000 -0.0968
v -0.3786 1.0613000000 -0.1004
v -0.3625 1.0722000000 -0.0988
v -0.2968 1.0929000000 -0.0506
v -0.3070 1.0834000000 -0.0578
v -0.2887 1.1025000000 -0.0447
v -0.3635 1.0344000000 -0.0665
v -0.3786 1.0234000000 -0.0706
v -0.3348 1.0597000000 -0.0549
v -0.3490 1.0467000000 -0.0611
v -0.3798 1.1217000000 -0.0900
v -0.2895 1.1253000000 -0.0832
v -0.2843 1.1163000000 -0.0723
v -0.2968 1.1228000000 -0.0862
v -0.2555 1.1454000000 -0.0343
v -0.2656 1.1313000000 -0.0363
v -0.3082 1.1330000000 -0.0933
v -0.2426 1.1623000000 -0.0323
v -0.3551 1.1720000000 -0.0673
v -0.3419 1.1924000000 -0.0575
v -0.3324 1.1987000000 -0.0595
v -0.4437 1.0651000000 -0.0539
v -0.3841 1.1097000000 -0.0220
v -0.3359 1.1231000000 -0.0209
v -0.3255 1.1104000000 -0.0226
v -0.2952 1.1350000000 -0.0920
v -0.2880 1.1388000000 -0.0911
v -0.2820 1.1303000000 -0.0812
v -0.3111 1.1685000000 -0.0154
v -0.2995 1.1543000000 -0.0127
v -0.3939 1.0130000000 -0.0735
v -0.3055 1.1449000000 -0.0158
v -0.3689 1.1608000000 -0.0640
v -0.0190 1.3452000000 -0.1352
v -0.1727 1.1687000000 0.0264
v -0.1316 1.1464000000 0.0821
v -0.1469 1.1484000000 0.0629
v -0.1826 1.2250000000 -0.0016
v -0.1815 1.2343000000 -0.0056
v -0.1773 1.2514000000 -0.0167
v -0.1753 1.2522000000 -0.0218
v -0.1779 1.2071000000 0.0327
v -0.0150 0.9842000000 0.1754
v -0.0539 0.9839000000 -0.1117
v -0.0274 0.9837000000 -0.1096
v -0.0300 0.9654000000 -0.1169
v -0.0580 0.9650000000 -0.1165
v -0.0327 0.9463000000 -0.1260
v -0.1754 0.9130000000 -0.0656
v -0.1710 0.9348000000 -0.0637
v -0.1545 0.9330000000 -0.0881
v -0.1583 0.9102000000 -0.0920
v -0.1772 0.9512000000 -0.0360
v -0.1658 0.9533000000 -0.0624
v -0.1815 0.9338000000 -0.0351
v -0.1852 0.9283000000 -0.0045
v -0.1811 0.9464000000 -0.0058
v -0.1818 0.9188000000 0.0254
v -0.1775 0.9385000000 0.0241
v -0.1724 0.9079000000 0.0529
v -0.1570 0.8970000000 0.0774
v -0.1374 0.8631000000 0.0979
v -0.1129 0.8751000000 0.1171
v -0.1363 0.8859000000 0.0988
v -0.0629 0.8583000000 0.1430
v -0.0876 0.8652000000 0.1322
v -0.0189 0.8512000000 0.1527
v -0.0401 0.8540000000 0.1495
v -0.1173 1.3618000000 0.0340
v -0.1096 1.4187000000 -0.0889
v -0.1200 1.4229000000 -0.0649
v -0.0959 1.4240000000 -0.0875
v -0.1294 1.3576000000 -0.1293
v -0.1331 1.3778000000 -0.1177
v -0.1103 1.3721000000 -0.1299
v -0.1072 1.3536000000 -0.1385
v -0.0841 1.4163000000 -0.1030
v -0.0765 1.4188000000 -0.1026
v -0.0949 1.4107000000 -0.1065
v -0.0570 1.3944000000 -0.1235
v -0.0776 1.4019000000 -0.1180
v -0.1655 1.4089000000 -0.0585
v -0.1641 1.3949000000 -0.0830
v -0.1744 1.3917000000 -0.0773
v -0.1777 1.4055000000 -0.0533
v -0.1594 1.3413000000 -0.1228
v -0.1565 1.3241000000 -0.1290
v -0.1688 1.3255000000 -0.1237
v -0.1706 1.3419000000 -0.1174
v -0.2115 1.3798000000 -0.0389
v -0.2064 1.3760000000 -0.0620
v -0.2176 1.3656000000 -0.0599
v -0.2225 1.3665000000 -0.0374
v -0.1715 1.3589000000 -0.1078
v -0.0884 1.2334000000 -0.1507
v -0.1250 1.2503000000 -0.1422
v -0.1088 1.2412000000 -0.1473
v -0.1643 1.2690000000 -0.1255
v -0.1543 1.2647000000 -0.1302
v -0.1581 1.2517000000 -0.1253
v -0.1785 1.2742000000 -0.1154
v -0.1730 1.2723000000 -0.1204
v -0.2017 1.2990000000 0.0315
v -0.1941 1.3093000000 0.0348
v -0.1979 1.3329000000 0.0244
v -0.1818 1.2634000000 -0.1024
v -0.1820 1.2634000000 -0.1007
v -0.1844 1.2694000000 -0.1042
v -0.1821 1.2700000000 -0.1055
v -0.1538 1.4121000000 -0.0630
v -0.2016 1.3653000000 -0.0792
v -0.1979 1.3532000000 -0.0928
v -0.2081 1.3469000000 -0.0909
v -0.2126 1.3577000000 -0.0768
v -0.1959 1.3401000000 -0.1036
v -0.1936 1.3267000000 -0.1110
v -0.2026 1.3241000000 -0.1081
v -0.2050 1.3358000000 -0.1010
v -0.1881 1.2762000000 -0.1075
v -0.1828 1.2781000000 -0.1083
v -0.2306 1.3419000000 -0.0132
v -0.1883 1.3997000000 -0.0192
v -0.1824 1.3850000000 0.0060
v -0.1720 1.3952000000 0.0026
v -0.1769 1.4078000000 -0.0244
v -0.1839 1.2404000000 -0.0443
v -0.1843 1.2466000000 -0.0276
v -0.1835 1.2367000000 -0.0601
v -0.1819 1.2500000000 -0.0911
v -0.1828 1.2365000000 -0.0738
v -0.1976 1.2713000000 0.0237
v -0.2086 1.2874000000 0.0273
v -0.1761 1.3601000000 0.0228
v -0.1667 1.3711000000 0.0202
v -0.2327 1.3516000000 -0.0372
v -0.2283 1.3522000000 -0.0594
v -0.1895 1.2591000000 -0.1043
v -0.1965 1.2556000000 -0.1084
v -0.1925 1.2652000000 -0.1077
v -0.1795 1.2469000000 -0.1018
v -0.1804 1.2574000000 -0.0978
v -0.1889 1.4002000000 -0.0479
v -0.2225 1.3470000000 -0.0764
v -0.2177 1.3379000000 -0.0906
v -0.1874 1.3420000000 -0.1077
v -0.1885 1.3565000000 -0.0971
v -0.1801 1.3582000000 -0.1023
v -0.1793 1.3424000000 -0.1124
v -0.2116 1.3189000000 -0.1066
v -0.2080 1.3060000000 -0.1116
v -0.1860 1.3274000000 -0.1148
v -0.1782 1.3267000000 -0.1192
v -0.1957 1.2725000000 -0.1106
v -0.1578 1.3793000000 0.0174
v -0.1549 1.3556000000 0.0318
v -0.1444 1.3605000000 0.0309
v -0.1743 1.3354000000 0.0360
v -0.1643 1.3470000000 0.0339
v -0.1850 1.3212000000 0.0366
v -0.1325 1.3613000000 0.0319
v -0.3027 1.1333000000 -0.0930
v -0.2057 1.2524000000 -0.1106
v -0.1936 1.2488000000 -0.1051
v -0.2042 1.2447000000 -0.1082
v -0.2477 1.2365000000 -0.1048
v -0.3250 1.1627000000 -0.0839
v -0.3297 1.1582000000 -0.0837
v -0.3643 1.1332000000 -0.0904
v -0.3895 1.1287000000 -0.0757
v -0.3748 1.1417000000 -0.0760
v -0.3832 1.1407000000 -0.0313
v -0.3730 1.1291000000 -0.0217
v -0.3362 1.0916000000 -0.0247
v -0.3299 1.0921000000 -0.0924
v -0.4613 1.0278000000 -0.0376
v -0.4661 1.0331000000 -0.0485
v -0.4775 1.0175000000 -0.0454
v -0.4714 1.0116000000 -0.0358
v -0.4729 0.9892000000 -0.0312
v -0.4632 1.0040000000 -0.0312
v -0.4815 0.9963000000 -0.0337
v -0.4651 0.9824000000 -0.0332
v -0.4553 0.9963000000 -0.0322
v -0.4591 0.9768000000 -0.0398
v -0.4545 0.9734000000 -0.0491
v -0.4435 0.9854000000 -0.0464
v -0.4486 0.9899000000 -0.0376
v -0.4402 0.9822000000 -0.0568
v -0.4383 0.9805000000 -0.0680
v -0.4237 0.9907000000 -0.0652
v -0.4269 0.9938000000 -0.0535
v -0.4582 0.9779000000 -0.0881
v -0.4642 0.9845000000 -0.0919
v -0.4498 0.9952000000 -0.0932
v -0.4431 0.9876000000 -0.0886
v -0.4509 1.0231000000 -0.0915
v -0.4421 1.0149000000 -0.0950
v -0.4578 1.0033000000 -0.0928
v -0.4661 1.0110000000 -0.0890
v -0.4803 0.9997000000 -0.0873
v -0.4864 1.0044000000 -0.0786
v -0.4730 1.0164000000 -0.0815
v -0.4405 1.0596000000 -0.0417
v -0.4509 1.0436000000 -0.0399
v -0.4436 1.0357000000 -0.0324
v -0.4260 1.0183000000 -0.0327
v -0.4346 1.0268000000 -0.0301
v -0.4448 1.0114000000 -0.0309
v -0.4371 1.0039000000 -0.0350
v -0.3949 1.0124000000 -0.0590
v -0.4134 1.0057000000 -0.0502
v -0.4094 1.0016000000 -0.0623
v -0.4314 0.9982000000 -0.0432
v -0.4191 1.0115000000 -0.0400
v -0.4239 0.9922000000 -0.0777
v -0.4392 0.9824000000 -0.0794
v -0.4669 1.0352000000 -0.0612
v -0.4644 1.0342000000 -0.0738
v -0.4775 1.0190000000 -0.0702
v -0.4794 1.0198000000 -0.0578
v -0.4091 1.0027000000 -0.0756
v -0.4515 1.0492000000 -0.0777
v -0.4548 1.0507000000 -0.0647
v -0.4590 1.0305000000 -0.0846
v -0.4447 1.0442000000 -0.0881
v -0.4910 1.0057000000 -0.0546
v -0.4883 1.0026000000 -0.0425
v -0.4549 1.0494000000 -0.0514
v -0.4275 0.9978000000 -0.0883
v -0.4340 1.0061000000 -0.0945
v -0.4182 1.0169000000 -0.0953
v -0.4122 1.0083000000 -0.0876
v -0.4199 1.0486000000 -0.0975
v -0.4262 1.0266000000 -0.0972
v -0.4354 1.0357000000 -0.0944
v -0.4720 0.9922000000 -0.0914
v -0.4301 1.0582000000 -0.0919
v -0.5023 0.9146000000 -0.0341
v -0.5112 0.9107000000 -0.0366
v -0.5086 0.9155000000 -0.0459
v -0.4998 0.9198000000 -0.0442
v -0.4794 0.9318000000 -0.0184
v -0.4872 0.9258000000 -0.0094
v -0.4894 0.9178000000 -0.0164
v -0.4827 0.9227000000 -0.0264
v -0.5056 0.9120000000 -0.0256
v -0.5150 0.9094000000 -0.0279
v -0.5239 0.9075000000 -0.0291
v -0.5175 0.9147000000 -0.0219
v -0.5289 0.9133000000 -0.0248
v -0.5332 0.9255000000 -0.0258
v -0.5421 0.9175000000 -0.0302
v -0.5368 0.9098000000 -0.0269
v -0.5370 0.9382000000 -0.0511
v -0.5349 0.9404000000 -0.0623
v -0.5437 0.9286000000 -0.0632
v -0.5453 0.9262000000 -0.0516
v -0.5332 0.9313000000 -0.0824
v -0.5394 0.9292000000 -0.0728
v -0.5310 0.9416000000 -0.0713
v -0.5261 0.9430000000 -0.0801
v -0.4985 0.9254000000 -0.0542
v -0.5066 0.9203000000 -0.0546
v -0.5055 0.9221000000 -0.0608
v -0.4976 0.9280000000 -0.0611
v -0.5225 0.9213000000 -0.0192
v -0.5161 0.9163000000 -0.0122
v -0.5181 0.9202000000 -0.0102
v -0.5217 0.9283000000 -0.0169
v -0.4703 0.9488000000 -0.0638
v -0.4756 0.9398000000 -0.0667
v -0.4751 0.9386000000 -0.0745
v -0.4688 0.9485000000 -0.0727
v -0.4698 0.9498000000 -0.0415
v -0.4742 0.9610000000 -0.0309
v -0.4767 0.9555000000 -0.0254
v -0.4702 0.9439000000 -0.0337
v -0.4797 0.9494000000 -0.0198
v -0.4850 0.9425000000 -0.0136
v -0.4737 0.9379000000 -0.0266
v -0.4919 0.9343000000 -0.0054
v -0.4743 0.9443000000 -0.0872
v -0.4710 0.9520000000 -0.0843
v -0.5607 0.8709000000 -0.0373
v -0.5618 0.8727000000 -0.0318
v -0.5652 0.8685000000 -0.0324
v -0.5644 0.8668000000 -0.0378
v -0.4909 0.9705000000 -0.0915
v -0.4830 0.9641000000 -0.0929
v -0.4875 0.9601000000 -0.0944
v -0.4956 0.9662000000 -0.0913
v -0.4933 0.9545000000 -0.0970
v -0.5020 0.9606000000 -0.0918
v -0.5699 0.8793000000 -0.0291
v -0.5740 0.8819000000 -0.0319
v -0.5771 0.8768000000 -0.0314
v -0.5728 0.8742000000 -0.0291
v -0.5162 0.9099000000 -0.0459
v -0.5189 0.9060000000 -0.0370
v -0.5262 0.9009000000 -0.0357
v -0.5335 0.8961000000 -0.0340
v -0.5329 0.8936000000 -0.0403
v -0.5245 0.9019000000 -0.0452
v -0.5151 0.9135000000 -0.0578
v -0.5223 0.9052000000 -0.0582
v -0.5193 0.9086000000 -0.0655
v -0.5121 0.9162000000 -0.0652
v -0.5117 0.9091000000 -0.0851
v -0.5052 0.9146000000 -0.0838
v -0.5071 0.9160000000 -0.0777
v -0.5145 0.9095000000 -0.0783
v -0.5379 0.8928000000 -0.0795
v -0.5294 0.8971000000 -0.0790
v -0.5306 0.8962000000 -0.0735
v -0.5390 0.8911000000 -0.0741
v -0.4870 0.9758000000 -0.0916
v -0.4791 0.9691000000 -0.0925
v -0.5171 0.9219000000 -0.1087
v -0.5260 0.9247000000 -0.1028
v -0.5209 0.9323000000 -0.0993
v -0.5121 0.9300000000 -0.1052
v -0.5034 0.9704000000 -0.0842
v -0.4989 0.9757000000 -0.0848
v -0.5766 0.8830000000 -0.0372
v -0.5798 0.8779000000 -0.0367
v -0.4948 0.9502000000 -0.0154
v -0.5008 0.9402000000 -0.0068
v -0.4902 0.9579000000 -0.0219
v -0.4849 0.9698000000 -0.0285
v -0.4873 0.9639000000 -0.0260
v -0.5277 0.8984000000 -0.0504
v -0.5128 0.9151000000 -0.0532
v -0.5039 0.9229000000 -0.0655
v -0.4913 0.9225000000 -0.0849
v -0.4965 0.9185000000 -0.0876
v -0.4944 0.9200000000 -0.0949
v -0.4890 0.9255000000 -0.0945
v -0.5073 0.9118000000 -0.1039
v -0.5101 0.9166000000 -0.1087
v -0.5043 0.9237000000 -0.1060
v -0.5011 0.9176000000 -0.1018
v -0.5191 0.9241000000 -0.0060
v -0.5184 0.9335000000 -0.0127
v -0.4759 0.9575000000 -0.0904
v -0.4798 0.9523000000 -0.0935
v -0.4729 0.9635000000 -0.0887
v -0.4758 0.9387000000 -0.0543
v -0.4872 0.9330000000 -0.0594
v -0.4864 0.9339000000 -0.0644
v -0.4761 0.9404000000 -0.0612
v -0.4887 0.9227000000 -0.0421
v -0.4780 0.9286000000 -0.0370
v -0.4923 0.9171000000 -0.0315
v -0.4704 0.9494000000 -0.0546
v -0.4674 0.9573000000 -0.0520
v -0.4670 0.9568000000 -0.0624
v -0.4666 0.9570000000 -0.0729
v -0.4691 0.9594000000 -0.0827
v -0.4628 0.9640000000 -0.0510
v -0.4621 0.9631000000 -0.0615
v -0.4625 0.9636000000 -0.0725
v -0.4647 0.9661000000 -0.0818
v -0.4948 0.9825000000 -0.0853
v -0.4897 0.9907000000 -0.0860
v -0.4815 0.9835000000 -0.0916
v -0.4697 0.9585000000 -0.0414
v -0.4665 0.9662000000 -0.0413
v -0.4719 0.9706000000 -0.0330
v -0.4812 0.9774000000 -0.0304
v -0.5032 0.9098000000 -0.0093
v -0.5006 0.9129000000 -0.0150
v -0.4942 0.9153000000 -0.0093
v -0.4980 0.9118000000 -0.0037
v -0.5379 0.8999000000 -0.0293
v -0.5310 0.9044000000 -0.0292
v -0.5437 0.9050000000 -0.0285
v -0.4805 0.9322000000 -0.0803
v -0.4794 0.9372000000 -0.0910
v -0.5346 0.8921000000 -0.0458
v -0.5559 0.8937000000 -0.0289
v -0.5610 0.8971000000 -0.0320
v -0.5694 0.8875000000 -0.0322
v -0.5653 0.8845000000 -0.0290
v -0.5463 0.8839000000 -0.0431
v -0.5510 0.8852000000 -0.0477
v -0.5441 0.8890000000 -0.0491
v -0.5405 0.8887000000 -0.0437
v -0.5334 0.8943000000 -0.0861
v -0.5266 0.8978000000 -0.0858
v -0.5521 0.9145000000 -0.0407
v -0.5456 0.9242000000 -0.0396
v -0.5507 0.9117000000 -0.0524
v -0.5218 0.9030000000 -0.0788
v -0.5168 0.9096000000 -0.0723
v -0.5235 0.9026000000 -0.0731
v -0.5339 0.8942000000 -0.0571
v -0.5278 0.8992000000 -0.0582
v -0.5302 0.8963000000 -0.0531
v -0.5357 0.8922000000 -0.0508
v -0.5061 0.9393000000 -0.1024
v -0.4960 0.9309000000 -0.1035
v -0.5654 0.8759000000 -0.0290
v -0.5685 0.8712000000 -0.0295
v -0.4739 0.9761000000 -0.0920
v -0.4685 0.9700000000 -0.0883
v -0.5095 0.9168000000 -0.0714
v -0.5369 0.9345000000 -0.0387
v -0.5017 0.9229000000 -0.0706
v -0.5376 0.9022000000 -0.0952
v -0.5429 0.9066000000 -0.0940
v -0.5377 0.9122000000 -0.0929
v -0.5322 0.9075000000 -0.0970
v -0.5628 0.8717000000 -0.0428
v -0.5670 0.8743000000 -0.0466
v -0.5612 0.8785000000 -0.0468
v -0.5570 0.8760000000 -0.0427
v -0.5461 0.8863000000 -0.0323
v -0.5448 0.8841000000 -0.0376
v -0.5389 0.8899000000 -0.0384
v -0.5397 0.8922000000 -0.0330
v -0.5440 0.8958000000 -0.0295
v -0.5506 0.8901000000 -0.0293
v -0.5625 0.8958000000 -0.0455
v -0.5579 0.8897000000 -0.0487
v -0.5669 0.8826000000 -0.0481
v -0.5713 0.8871000000 -0.0443
v -0.5192 0.9543000000 -0.0780
v -0.5144 0.9540000000 -0.0866
v -0.5209 0.9430000000 -0.0891
v -0.5272 0.9319000000 -0.0918
v -0.5319 0.9202000000 -0.0939
v -0.5401 0.9210000000 -0.0846
v -0.5151 0.9424000000 -0.0961
v -0.5534 0.9030000000 -0.0567
v -0.5498 0.8975000000 -0.0552
v -0.5543 0.9018000000 -0.0484
v -0.4984 0.9219000000 -0.0777
v -0.5606 0.8810000000 -0.0289
v -0.5051 0.9746000000 -0.0388
v -0.5090 0.9782000000 -0.0513
v -0.5143 0.9703000000 -0.0517
v -0.5091 0.9674000000 -0.0373
v -0.5551 0.8755000000 -0.0372
v -0.5563 0.8771000000 -0.0317
v -0.5336 0.8971000000 -0.0957
v -0.5282 0.8998000000 -0.0979
v -0.5259 0.8986000000 -0.0927
v -0.5324 0.8958000000 -0.0916
v -0.5090 0.9527000000 -0.0933
v -0.5294 0.9196000000 -0.1063
v -0.5211 0.9157000000 -0.1117
v -0.5089 0.9722000000 -0.0746
v -0.5086 0.9635000000 -0.0848
v -0.5134 0.9645000000 -0.0760
v -0.5468 0.9148000000 -0.0739
v -0.5232 0.9532000000 -0.0699
v -0.5166 0.9638000000 -0.0679
v -0.5117 0.9726000000 -0.0651
v -0.5080 0.9794000000 -0.0641
v -0.5050 0.9786000000 -0.0742
v -0.5761 0.8817000000 -0.0435
v -0.5721 0.8887000000 -0.0379
v -0.5004 0.9858000000 -0.0744
v -0.4949 0.9944000000 -0.0758
v -0.5035 0.9869000000 -0.0640
v -0.4978 0.9955000000 -0.0648
v -0.5195 0.9623000000 -0.0588
v -0.5204 0.9603000000 -0.0490
v -0.5264 0.9519000000 -0.0611
v -0.5284 0.9493000000 -0.0506
v -0.5510 0.9173000000 -0.0636
v -0.5715 0.8701000000 -0.0465
v -0.5782 0.8640000000 -0.0463
v -0.5820 0.8669000000 -0.0453
v -0.5762 0.8734000000 -0.0460
v -0.5720 0.8781000000 -0.0470
v -0.5797 0.8767000000 -0.0426
v -0.5279 0.9452000000 -0.0379
v -0.5411 0.8907000000 -0.0563
v -0.5161 0.9558000000 -0.0341
v -0.5271 0.9377000000 -0.0248
v -0.5185 0.9444000000 -0.0213
v -0.5007 0.9642000000 -0.0267
v -0.5050 0.9553000000 -0.0213
v -0.4943 0.9762000000 -0.0319
v -0.4974 0.9703000000 -0.0300
v -0.4895 0.9841000000 -0.0326
v -0.5095 0.9450000000 -0.0128
v -0.5701 0.8619000000 -0.0335
v -0.5699 0.8609000000 -0.0391
v -0.4960 0.9896000000 -0.0408
v -0.5010 0.9810000000 -0.0400
v -0.4969 0.9139000000 -0.0223
v -0.4940 0.9284000000 -0.0696
v -0.4909 0.9272000000 -0.0750
v -0.4863 0.9267000000 -0.0827
v -0.4845 0.9307000000 -0.0937
v -0.4990 0.9941000000 -0.0526
v -0.4527 0.9713000000 -0.0596
v -0.4524 0.9712000000 -0.0705
v -0.4895 1.0058000000 -0.0671
v -0.5733 0.8643000000 -0.0302
v -0.5457 0.8933000000 -0.0761
v -0.5454 0.8954000000 -0.0787
v -0.4925 0.9213000000 -0.0031
v -0.4978 0.9165000000 0.0013
v -0.4970 0.9276000000 0.0003
v -0.5050 0.9323000000 -0.0007
v -0.5094 0.9244000000 0.0033
v -0.5024 0.9206000000 0.0037
v -0.4852 0.9334000000 -0.0684
v -0.4836 0.9323000000 -0.0735
v -0.4902 0.9393000000 -0.1010
v -0.4999 0.9477000000 -0.0997
v -0.5495 0.9003000000 -0.0290
v -0.5489 0.9104000000 -0.0321
v -0.5543 0.9041000000 -0.0326
v -0.5635 0.8987000000 -0.0386
v -0.5510 0.8933000000 -0.0503
v -0.5472 0.8928000000 -0.0545
v -0.4762 0.9341000000 -0.0462
v -0.4878 0.9289000000 -0.0520
v -0.5080 0.9127000000 -0.0188
v -0.5106 0.9120000000 -0.0133
v -0.5252 0.9017000000 -0.0656
v -0.5539 0.9053000000 -0.0717
v -0.5567 0.9084000000 -0.0638
v -0.5319 0.8959000000 -0.0654
v -0.5819 0.8693000000 -0.0315
v -0.5775 0.8667000000 -0.0295
v -0.5571 0.9063000000 -0.0398
v -0.5190 0.9031000000 -0.0858
v -0.5479 0.9065000000 -0.0787
v -0.5505 0.8994000000 -0.0749
v -0.5144 0.9120000000 -0.1101
v -0.5044 0.9848000000 -0.0518
v -0.5726 0.8615000000 -0.0442
v -0.5668 0.8674000000 -0.0435
v -0.5842 0.8695000000 -0.0421
v -0.5843 0.8707000000 -0.0367
v -0.4848 0.9462000000 -0.0975
v -0.4961 0.9287000000 -0.0654
v -0.4543 0.9735000000 -0.0806
v -0.5161 0.9262000000 -0.0005
v -0.5127 0.9354000000 -0.0057
v -0.5382 0.8911000000 -0.0655
v -0.5319 0.9146000000 -0.1001
v -0.5493 0.9089000000 -0.0886
v -0.5514 0.9047000000 -0.0821
v -0.5451 0.9140000000 -0.0867
v -0.5500 0.8987000000 -0.0803
v -0.5881 0.8641000000 -0.0419
v -0.5882 0.8653000000 -0.0367
v -0.5859 0.8637000000 -0.0315
v -0.5814 0.8615000000 -0.0299
v -0.5771 0.8597000000 -0.0309
v -0.5860 0.8617000000 -0.0450
v -0.5824 0.8591000000 -0.0460
v -0.5767 0.8574000000 -0.0442
v -0.5892 0.8571000000 -0.0449
v -0.5922 0.8584000000 -0.0416
v -0.5932 0.8559000000 -0.0336
v -0.5951 0.8526000000 -0.0333
v -0.5925 0.8523000000 -0.0310
v -0.5905 0.8578000000 -0.0315
v -0.5949 0.8480000000 -0.0320
v -0.5978 0.8490000000 -0.0338
v -0.5937 0.8573000000 -0.0365
v -0.5966 0.8537000000 -0.0370
v -0.5989 0.8497000000 -0.0414
v -0.5996 0.8499000000 -0.0376
v -0.5959 0.8533000000 -0.0408
v -0.5939 0.8564000000 -0.0398
v -0.5918 0.8602000000 -0.0363
v -0.6015 0.8464000000 -0.0378
v -0.5998 0.8436000000 -0.0383
v -0.5975 0.8448000000 -0.0341
v -0.5996 0.8465000000 -0.0346
v -0.5850 0.8568000000 -0.0300
v -0.5888 0.8512000000 -0.0308
v -0.5918 0.8465000000 -0.0324
v -0.5947 0.8433000000 -0.0349
v -0.5894 0.8451000000 -0.0342
v -0.5856 0.8492000000 -0.0323
v -0.5921 0.8427000000 -0.0365
v -0.5881 0.8440000000 -0.0369
v -0.5837 0.8474000000 -0.0355
v -0.5776 0.8537000000 -0.0344
v -0.5805 0.8555000000 -0.0311
v -0.5906 0.8427000000 -0.0378
v -0.5970 0.8423000000 -0.0391
v -0.5945 0.8532000000 -0.0435
v -0.5973 0.8488000000 -0.0438
v -0.5924 0.8521000000 -0.0452
v -0.5952 0.8475000000 -0.0450
v -0.6009 0.8470000000 -0.0413
v -0.5996 0.8453000000 -0.0427
v -0.5738 0.8580000000 -0.0342
v -0.5739 0.8572000000 -0.0398
v -0.5776 0.8529000000 -0.0398
v -0.5835 0.8467000000 -0.0405
v -0.5805 0.8536000000 -0.0441
v -0.5857 0.8551000000 -0.0458
v -0.5897 0.8503000000 -0.0456
v -0.5860 0.8483000000 -0.0444
v -0.5900 0.8447000000 -0.0437
v -0.5925 0.8461000000 -0.0450
v -0.5884 0.8437000000 -0.0405
v -0.5942 0.8433000000 -0.0433
v -0.5972 0.8440000000 -0.0433
v -0.5921 0.8432000000 -0.0427
v -0.5915 0.8426000000 -0.0403
v -0.5941 0.8422000000 -0.0399
v -0.5648 0.8695000000 -0.0689
v -0.5660 0.8702000000 -0.0637
v -0.5708 0.8651000000 -0.0651
v -0.5698 0.8644000000 -0.0705
v -0.5730 0.8762000000 -0.0597
v -0.5772 0.8806000000 -0.0617
v -0.5813 0.8749000000 -0.0624
v -0.5769 0.8705000000 -0.0608
v -0.5790 0.8832000000 -0.0677
v -0.5830 0.8774000000 -0.0682
v -0.5566 0.8915000000 -0.0573
v -0.5613 0.8966000000 -0.0587
v -0.5721 0.8868000000 -0.0605
v -0.5677 0.8821000000 -0.0585
v -0.5472 0.8858000000 -0.0722
v -0.5513 0.8881000000 -0.0755
v -0.5690 0.8727000000 -0.0608
v -0.5733 0.8671000000 -0.0620
v -0.5659 0.8706000000 -0.0738
v -0.5690 0.8733000000 -0.0773
v -0.5626 0.8788000000 -0.0763
v -0.5594 0.8760000000 -0.0728
v -0.5480 0.8855000000 -0.0596
v -0.5461 0.8849000000 -0.0660
v -0.5523 0.8880000000 -0.0575
v -0.5618 0.8979000000 -0.0724
v -0.5572 0.8929000000 -0.0758
v -0.5673 0.8829000000 -0.0772
v -0.5717 0.8872000000 -0.0742
v -0.5634 0.8784000000 -0.0594
v -0.5583 0.8749000000 -0.0675
v -0.5598 0.8756000000 -0.0622
v -0.5768 0.8808000000 -0.0748
v -0.5738 0.8894000000 -0.0670
v -0.5741 0.8682000000 -0.0785
v -0.5812 0.8611000000 -0.0796
v -0.5846 0.8647000000 -0.0787
v -0.5779 0.8717000000 -0.0783
v -0.5730 0.8768000000 -0.0777
v -0.5814 0.8756000000 -0.0750
v -0.5779 0.8567000000 -0.0674
v -0.5772 0.8563000000 -0.0728
v -0.5801 0.8586000000 -0.0641
v -0.5642 0.9004000000 -0.0650
v -0.5872 0.8665000000 -0.0640
v -0.5832 0.8619000000 -0.0629
v -0.5781 0.8578000000 -0.0773
v -0.5710 0.8655000000 -0.0754
v -0.5875 0.8680000000 -0.0756
v -0.5888 0.8695000000 -0.0694
v -0.5918 0.8617000000 -0.0765
v -0.5933 0.8629000000 -0.0710
v -0.5921 0.8601000000 -0.0658
v -0.5879 0.8563000000 -0.0645
v -0.5844 0.8538000000 -0.0656
v -0.5892 0.8591000000 -0.0793
v -0.5859 0.8563000000 -0.0802
v -0.5823 0.8537000000 -0.0782
v -0.5936 0.8539000000 -0.0808
v -0.5969 0.8556000000 -0.0784
v -0.6023 0.8493000000 -0.0716
v -0.6059 0.8457000000 -0.0726
v -0.6035 0.8439000000 -0.0710
v -0.6004 0.8484000000 -0.0691
v -0.6002 0.8525000000 -0.0712
v -0.5976 0.8540000000 -0.0684
v -0.6002 0.8538000000 -0.0742
v -0.6035 0.8509000000 -0.0754
v -0.6058 0.8472000000 -0.0805
v -0.6076 0.8472000000 -0.0767
v -0.6018 0.8504000000 -0.0788
v -0.5994 0.8533000000 -0.0773
v -0.6067 0.8409000000 -0.0740
v -0.6085 0.8430000000 -0.0741
v -0.5978 0.8572000000 -0.0730
v -0.5923 0.8519000000 -0.0664
v -0.5969 0.8465000000 -0.0684
v -0.6007 0.8420000000 -0.0712
v -0.6039 0.8391000000 -0.0747
v -0.5981 0.8403000000 -0.0724
v -0.5937 0.8443000000 -0.0696
v -0.6011 0.8385000000 -0.0757
v -0.5962 0.8393000000 -0.0751
v -0.5910 0.8426000000 -0.0727
v -0.5853 0.8487000000 -0.0703
v -0.5882 0.8500000000 -0.0672
v -0.5992 0.8385000000 -0.0766
v -0.6090 0.8407000000 -0.0784
v -0.6058 0.8391000000 -0.0789
v -0.6109 0.8436000000 -0.0777
v -0.5999 0.8499000000 -0.0804
v -0.6038 0.8459000000 -0.0818
v -0.5980 0.8490000000 -0.0822
v -0.6021 0.8447000000 -0.0832
v -0.6089 0.8445000000 -0.0811
v -0.6075 0.8428000000 -0.0820
v -0.5820 0.8525000000 -0.0688
v -0.5811 0.8524000000 -0.0738
v -0.5842 0.8486000000 -0.0751
v -0.5902 0.8428000000 -0.0775
v -0.5857 0.8501000000 -0.0793
v -0.5900 0.8521000000 -0.0813
v -0.5951 0.8473000000 -0.0826
v -0.5919 0.8450000000 -0.0813
v -0.5968 0.8415000000 -0.0820
v -0.5996 0.8433000000 -0.0831
v -0.5956 0.8397000000 -0.0789
v -0.6023 0.8403000000 -0.0822
v -0.6052 0.8413000000 -0.0825
v -0.5997 0.8398000000 -0.0815
v -0.5994 0.8387000000 -0.0792
v -0.6026 0.8385000000 -0.0791
v -0.5551 0.8764000000 -0.0938
v -0.5586 0.8774000000 -0.0897
v -0.5626 0.8733000000 -0.0915
v -0.5591 0.8720000000 -0.0956
v -0.5659 0.8836000000 -0.0882
v -0.5676 0.8877000000 -0.0901
v -0.5715 0.8822000000 -0.0925
v -0.5697 0.8792000000 -0.0904
v -0.5670 0.8897000000 -0.0954
v -0.5714 0.8840000000 -0.0973
v -0.5535 0.8945000000 -0.0827
v -0.5563 0.8998000000 -0.0847
v -0.5634 0.8925000000 -0.0877
v -0.5613 0.8876000000 -0.0856
v -0.5626 0.8800000000 -0.0882
v -0.5666 0.8760000000 -0.0902
v -0.5541 0.8774000000 -0.0984
v -0.5555 0.8797000000 -0.1015
v -0.5496 0.8842000000 -0.0994
v -0.5485 0.8820000000 -0.0961
v -0.5400 0.8894000000 -0.0879
v -0.5438 0.8893000000 -0.0837
v -0.5489 0.8910000000 -0.0824
v -0.5499 0.9010000000 -0.0965
v -0.5444 0.8963000000 -0.0974
v -0.5534 0.8883000000 -0.1014
v -0.5584 0.8933000000 -0.0995
v -0.5578 0.8838000000 -0.0857
v -0.5496 0.8805000000 -0.0915
v -0.5534 0.8812000000 -0.0873
v -0.5633 0.8880000000 -0.1010
v -0.5624 0.8951000000 -0.0934
v -0.5597 0.8751000000 -0.1036
v -0.5680 0.8682000000 -0.1065
v -0.5713 0.8716000000 -0.1068
v -0.5633 0.8790000000 -0.1046
v -0.5587 0.8835000000 -0.1031
v -0.5680 0.8828000000 -0.1024
v -0.5689 0.8660000000 -0.0945
v -0.5660 0.8649000000 -0.0987
v -0.5724 0.8686000000 -0.0931
v -0.5552 0.9029000000 -0.0907
v -0.5397 0.8922000000 -0.0960
v -0.5775 0.8739000000 -0.0952
v -0.5754 0.8712000000 -0.0934
v -0.5657 0.8658000000 -0.1035
v -0.5581 0.8729000000 -0.1004
v -0.5751 0.8748000000 -0.1045
v -0.5778 0.8761000000 -0.0996
v -0.5793 0.8698000000 -0.1062
v -0.5819 0.8709000000 -0.1012
v -0.5818 0.8687000000 -0.0968
v -0.5792 0.8661000000 -0.0952
v -0.5760 0.8639000000 -0.0950
v -0.5759 0.8667000000 -0.1083
v -0.5728 0.8640000000 -0.1079
v -0.5699 0.8622000000 -0.1048
v -0.5788 0.8626000000 -0.1098
v -0.5832 0.8648000000 -0.1075
v -0.5896 0.8584000000 -0.1012
v -0.5931 0.8553000000 -0.1024
v -0.5922 0.8541000000 -0.1006
v -0.5890 0.8579000000 -0.0992
v -0.5876 0.8617000000 -0.1008
v -0.5860 0.8634000000 -0.0987
v -0.5871 0.8633000000 -0.1036
v -0.5902 0.8601000000 -0.1048
v -0.5905 0.8565000000 -0.1095
v -0.5934 0.8567000000 -0.1060
v -0.5872 0.8596000000 -0.1081
v -0.5857 0.8628000000 -0.1066
v -0.5946 0.8516000000 -0.1030
v -0.5953 0.8533000000 -0.1037
v -0.5851 0.8662000000 -0.1027
v -0.5826 0.8616000000 -0.0965
v -0.5864 0.8565000000 -0.0979
v -0.5898 0.8523000000 -0.0998
v -0.5919 0.8497000000 -0.1027
v -0.5867 0.8509000000 -0.1004
v -0.5830 0.8547000000 -0.0983
v -0.5886 0.8488000000 -0.1030
v -0.5840 0.8500000000 -0.1019
v -0.5798 0.8534000000 -0.0999
v -0.5753 0.8588000000 -0.0981
v -0.5788 0.8600000000 -0.0966
v -0.5864 0.8488000000 -0.1036
v -0.5949 0.8512000000 -0.1074
v -0.5919 0.8491000000 -0.1074
v -0.5959 0.8538000000 -0.1071
v -0.5851 0.8595000000 -0.1100
v -0.5884 0.8556000000 -0.1109
v -0.5823 0.8581000000 -0.1108
v -0.5862 0.8541000000 -0.1115
v -0.5932 0.8544000000 -0.1099
v -0.5919 0.8530000000 -0.1106
v -0.5726 0.8623000000 -0.0965
v -0.5700 0.8617000000 -0.1003
v -0.5727 0.8582000000 -0.1016
v -0.5777 0.8527000000 -0.1036
v -0.5726 0.8589000000 -0.1060
v -0.5757 0.8603000000 -0.1089
v -0.5798 0.8561000000 -0.1101
v -0.5776 0.8541000000 -0.1077
v -0.5821 0.8508000000 -0.1088
v -0.5839 0.8525000000 -0.1107
v -0.5823 0.8497000000 -0.1052
v -0.5870 0.8501000000 -0.1099
v -0.5896 0.8514000000 -0.1107
v -0.5850 0.8494000000 -0.1087
v -0.5858 0.8486000000 -0.1061
v -0.5886 0.8485000000 -0.1067
v -0.5389 0.8909000000 -0.0924
v -0.5332 0.8901000000 -0.1176
v -0.5363 0.8903000000 -0.1149
v -0.5388 0.8869000000 -0.1179
v -0.5355 0.8869000000 -0.1206
v -0.5436 0.8949000000 -0.1138
v -0.5453 0.8987000000 -0.1165
v -0.5475 0.8944000000 -0.1199
v -0.5461 0.8911000000 -0.1173
v -0.5433 0.9011000000 -0.1213
v -0.5459 0.8970000000 -0.1244
v -0.5345 0.9047000000 -0.1038
v -0.5360 0.9099000000 -0.1057
v -0.5421 0.9028000000 -0.1126
v -0.5404 0.8987000000 -0.1101
v -0.5216 0.9006000000 -0.1122
v -0.5215 0.9037000000 -0.1154
v -0.5178 0.9083000000 -0.1118
v -0.5171 0.9053000000 -0.1079
v -0.5402 0.8919000000 -0.1135
v -0.5426 0.8885000000 -0.1169
v -0.5311 0.8912000000 -0.1210
v -0.5310 0.8937000000 -0.1242
v -0.5277 0.8972000000 -0.1211
v -0.5279 0.8943000000 -0.1179
v -0.5268 0.8992000000 -0.1051
v -0.5235 0.8990000000 -0.1087
v -0.5187 0.9026000000 -0.1041
v -0.5224 0.9009000000 -0.1003
v -0.5305 0.9006000000 -0.1038
v -0.5276 0.9119000000 -0.1161
v -0.5234 0.9074000000 -0.1169
v -0.5300 0.9010000000 -0.1227
v -0.5347 0.9044000000 -0.1217
v -0.5371 0.8953000000 -0.1101
v -0.5299 0.8930000000 -0.1145
v -0.5333 0.8934000000 -0.1114
v -0.5384 0.9003000000 -0.1251
v -0.5400 0.9058000000 -0.1174
v -0.5332 0.8902000000 -0.1275
v -0.5371 0.8854000000 -0.1320
v -0.5397 0.8881000000 -0.1333
v -0.5359 0.8934000000 -0.1292
v -0.5334 0.8971000000 -0.1260
v -0.5407 0.8960000000 -0.1283
v -0.5424 0.8819000000 -0.1220
v -0.5388 0.8820000000 -0.1247
v -0.5460 0.8834000000 -0.1212
v -0.5341 0.9141000000 -0.1109
v -0.5507 0.8886000000 -0.1241
v -0.5492 0.8856000000 -0.1217
v -0.5370 0.8833000000 -0.1285
v -0.5334 0.8880000000 -0.1241
v -0.5441 0.8904000000 -0.1322
v -0.5489 0.8909000000 -0.1283
v -0.5467 0.8862000000 -0.1352
v -0.5515 0.8869000000 -0.1311
v -0.5529 0.8847000000 -0.1267
v -0.5512 0.8822000000 -0.1242
v -0.5481 0.8804000000 -0.1236
v -0.5424 0.8839000000 -0.1361
v -0.5401 0.8818000000 -0.1344
v -0.5399 0.8804000000 -0.1309
v -0.5454 0.8805000000 -0.1380
v -0.5503 0.8821000000 -0.1374
v -0.5577 0.8768000000 -0.1323
v -0.5599 0.8741000000 -0.1336
v -0.5594 0.8728000000 -0.1321
v -0.5575 0.8761000000 -0.1303
v -0.5562 0.8798000000 -0.1317
v -0.5553 0.8808000000 -0.1294
v -0.5549 0.8813000000 -0.1342
v -0.5572 0.8785000000 -0.1356
v -0.5564 0.8750000000 -0.1402
v -0.5596 0.8759000000 -0.1372
v -0.5543 0.8782000000 -0.1388
v -0.5532 0.8808000000 -0.1370
v -0.5611 0.8706000000 -0.1348
v -0.5616 0.8724000000 -0.1352
v -0.5534 0.8836000000 -0.1331
v -0.5534 0.8792000000 -0.1266
v -0.5561 0.8748000000 -0.1288
v -0.5583 0.8709000000 -0.1314
v -0.5592 0.8687000000 -0.1346
v -0.5558 0.8701000000 -0.1313
v -0.5533 0.8740000000 -0.1284
v -0.5567 0.8682000000 -0.1343
v -0.5531 0.8700000000 -0.1319
v -0.5500 0.8734000000 -0.1291
v -0.5466 0.8773000000 -0.1264
v -0.5503 0.8781000000 -0.1258
v -0.5548 0.8684000000 -0.1340
v -0.5604 0.8703000000 -0.1387
v -0.5582 0.8686000000 -0.1380
v -0.5614 0.8731000000 -0.1387
v -0.5518 0.8776000000 -0.1400
v -0.5544 0.8738000000 -0.1413
v -0.5487 0.8764000000 -0.1397
v -0.5522 0.8722000000 -0.1409
v -0.5586 0.8732000000 -0.1408
v -0.5574 0.8713000000 -0.1411
v -0.5445 0.8793000000 -0.1245
v -0.5414 0.8794000000 -0.1272
v -0.5434 0.8770000000 -0.1289
v -0.5470 0.8731000000 -0.1313
v -0.5420 0.8777000000 -0.1327
v -0.5427 0.8789000000 -0.1361
v -0.5466 0.8748000000 -0.1381
v -0.5456 0.8734000000 -0.1350
v -0.5499 0.8700000000 -0.1367
v -0.5507 0.8709000000 -0.1392
v -0.5509 0.8697000000 -0.1338
v -0.5541 0.8688000000 -0.1386
v -0.5557 0.8696000000 -0.1402
v -0.5529 0.8687000000 -0.1371
v -0.5539 0.8683000000 -0.1356
v -0.5560 0.8680000000 -0.1369
v -0.5202 0.9107000000 -0.1136
v -0.5227 0.9125000000 -0.0044
v -0.5234 0.9158000000 0.0001
v -0.5068 0.9039000000 -0.0027
v -0.5132 0.9052000000 -0.0060
v -0.5029 0.9056000000 0.0031
v -0.5081 0.9128000000 0.0097
v -0.5041 0.9092000000 0.0074
v -0.5192 0.9084000000 -0.0066
v -0.5211 0.9178000000 0.0054
v -0.5145 0.9166000000 0.0092
v -0.5249 0.9115000000 0.0110
v -0.5188 0.9096000000 0.0152
v -0.5117 0.9058000000 0.0160
v -0.5075 0.9026000000 0.0126
v -0.5060 0.9003000000 0.0073
v -0.5276 0.9104000000 0.0047
v -0.5263 0.9077000000 -0.0004
v -0.5215 0.9041000000 -0.0028
v -0.5311 0.9046000000 0.0094
v -0.5305 0.9031000000 0.0176
v -0.5219 0.8952000000 0.0270
v -0.5245 0.8926000000 0.0291
v -0.5218 0.8897000000 0.0271
v -0.5184 0.8929000000 0.0250
v -0.5215 0.8973000000 0.0248
v -0.5171 0.8977000000 0.0223
v -0.5277 0.8983000000 0.0268
v -0.5262 0.8998000000 0.0241
v -0.5305 0.9010000000 0.0223
v -0.5328 0.8996000000 0.0236
v -0.5298 0.8958000000 0.0296
v -0.5317 0.8923000000 0.0304
v -0.5273 0.8906000000 0.0304
v -0.5265 0.8879000000 0.0285
v -0.5241 0.9019000000 0.0210
v -0.5115 0.8960000000 0.0173
v -0.5156 0.8907000000 0.0210
v -0.5207 0.8870000000 0.0234
v -0.5264 0.8859000000 0.0245
v -0.5216 0.8859000000 0.0183
v -0.5154 0.8889000000 0.0153
v -0.5267 0.8856000000 0.0199
v -0.5240 0.8865000000 0.0142
v -0.5183 0.8890000000 0.0098
v -0.5118 0.8951000000 0.0044
v -0.5093 0.8948000000 0.0109
v -0.5271 0.8861000000 0.0168
v -0.5326 0.8887000000 0.0282
v -0.5321 0.8873000000 0.0238
v -0.5346 0.8996000000 0.0190
v -0.5365 0.8961000000 0.0217
v -0.5346 0.8971000000 0.0260
v -0.5348 0.8992000000 0.0137
v -0.5366 0.8944000000 0.0176
v -0.5352 0.8944000000 0.0281
v -0.5364 0.8925000000 0.0252
v -0.5089 0.8997000000 0.0014
v -0.5150 0.9012000000 -0.0022
v -0.5182 0.8973000000 0.0008
v -0.5237 0.8914000000 0.0064
v -0.5248 0.9002000000 0.0004
v -0.5299 0.9034000000 0.0037
v -0.5335 0.8973000000 0.0092
v -0.5294 0.8944000000 0.0062
v -0.5319 0.8906000000 0.0119
v -0.5348 0.8925000000 0.0140
v -0.5278 0.8884000000 0.0122
v -0.5340 0.8894000000 0.0175
v -0.5359 0.8905000000 0.0211
v -0.5322 0.8889000000 0.0153
v -0.5299 0.8873000000 0.0161
v -0.5310 0.8870000000 0.0195
v -0.5121 0.9078000000 -0.1056
v -0.5134 0.9050000000 -0.1003
v -0.5079 0.9094000000 -0.0984
v -0.5009 0.9146000000 -0.0964
v -0.4958 0.9222000000 -0.1004
v -0.5028 0.9139000000 -0.0900
v -0.5097 0.9086000000 -0.0922
v -0.5177 0.9028000000 -0.0942
v -0.4998 0.9182000000 -0.0828
v -0.0184 1.3431000000 0.0626
v -0.0189 1.3266000000 0.0744
v -0.2409 1.2306000000 0.0087
v -0.2523 1.2458000000 0.0063
v -0.2742 1.2767000000 -0.0451
v -0.2715 1.2781000000 -0.0717
v -0.0770 1.0328000000 0.1569
v -0.1226 1.0834000000 -0.0962
v -0.1246 1.1033000000 -0.1028
v -0.0397 1.1020000000 -0.1283
v -0.0617 1.0975000000 -0.1272
v -0.1623 1.0679000000 0.0381
v -0.1616 1.0891000000 0.0344
v -0.1200 1.0598000000 0.1108
v -0.1200 1.0838000000 0.1063
v -0.1538 1.0429000000 0.0695
v -0.0895 1.0490000000 -0.1114
v -0.1112 1.0471000000 -0.1025
v -0.1059 1.0678000000 -0.1056
v -0.0852 1.0707000000 -0.1157
v -0.0192 1.1060000000 -0.1239
v -0.0195 1.0815000000 -0.1165
v -0.1676 1.1109000000 0.0016
v -0.1666 1.1116000000 -0.0296
v -0.1455 1.1171000000 -0.0850
v -0.1280 1.1231000000 -0.1056
v -0.1078 1.1309000000 -0.1199
v -0.0860 1.1391000000 -0.1299
v -0.1026 1.1075000000 0.1226
v -0.0813 1.1316000000 0.1316
v -0.1617 1.1105000000 0.0321
v -0.0292 1.1072000000 0.1584
v -0.0671 1.1717000000 -0.1419
v -0.0422 1.1772000000 -0.1447
v -0.1589 1.1135000000 -0.0589
v -0.0357 1.2851000000 0.1043
v -0.0553 1.2879000000 0.1031
v -0.0544 1.2723000000 0.1145
v -0.0350 1.2687000000 0.1145
v -0.0730 1.2740000000 0.1126
v -0.0908 1.2747000000 0.1088
v -0.1070 1.2743000000 0.1036
v -0.1464 1.2677000000 0.0855
v -0.1347 1.2708000000 0.0920
v -0.1653 1.2564000000 0.0701
v -0.1565 1.2631000000 0.0787
v -0.1722 1.2454000000 0.0588
v -0.1764 1.2325000000 0.0437
v -0.1814 1.2331000000 0.0193
v -0.1795 1.2202000000 0.0256
v -0.1737 1.2196000000 0.0513
v -0.1688 1.2325000000 0.0661
v -0.1621 1.2430000000 0.0777
v -0.0219 1.2006000000 0.1305
v -0.0186 1.2252000000 0.1271
v -0.0170 1.3581000000 0.0510
v -0.3462 1.0827000000 -0.0961
v -0.4537 1.0200000000 -0.0313
v -0.0191 1.3843000000 -0.1252
v -0.0383 1.3886000000 -0.1257
v -0.1037 1.4023000000 -0.1120
v -0.1212 1.4117000000 -0.0919
v -0.0815 1.3924000000 -0.1237
v -0.0593 1.3836000000 -0.1292
v -0.1482 1.1303000000 0.0580
v -0.0390 1.3494000000 -0.1382
v -0.0606 1.3712000000 -0.1346
v -0.0856 1.3807000000 -0.1304
v -0.1109 1.3905000000 -0.1190
v -0.1354 1.4004000000 -0.0980
v -0.1520 1.3977000000 -0.0894
v -0.1726 1.3755000000 -0.0950
v -0.1911 1.3706000000 -0.0839
v -0.1952 1.3833000000 -0.0663
v -0.1847 1.3881000000 -0.0716
v -0.1814 1.3736000000 -0.0891
v -0.2514 1.3030000000 -0.0801
v -0.2538 1.2728000000 -0.0960
v -0.2568 1.2870000000 -0.0867
v -0.2452 1.2597000000 -0.1039
v -0.2373 1.2492000000 -0.1080
v -0.2274 1.2422000000 -0.1096
v -0.2161 1.2423000000 -0.1099
v -0.1850 1.2533000000 -0.1003
v -0.1777 1.2578000000 -0.0967
v -0.1776 1.2429000000 -0.1047
v -0.1740 1.2376000000 -0.1071
v -0.1553 1.2133000000 -0.1141
v -0.1463 1.1992000000 -0.1167
v -0.1339 1.1835000000 -0.1208
v -0.1301 0.9507000000 -0.1016
v -0.1263 0.9683000000 -0.0974
v -0.1047 0.9668000000 -0.1081
v -0.1092 0.9487000000 -0.1132
v -0.0501 1.0059000000 -0.1087
v -0.0248 1.0059000000 -0.1050
v -0.1739 0.9673000000 -0.0364
v -0.1782 0.9628000000 -0.0070
v -0.1461 0.9697000000 -0.0816
v -0.1623 0.9695000000 -0.0616
v -0.1742 0.9561000000 0.0231
v -0.1129 0.9200000000 0.1186
v -0.0917 0.9123000000 0.1367
v -0.0458 0.9017000000 0.1595
v -0.0227 0.8987000000 0.1639
v -0.1641 0.9475000000 0.0509
v -0.0689 0.9061000000 0.1508
v -0.1499 0.9382000000 0.0753
v -0.1322 0.9288000000 0.0978
v -0.0739 1.0061000000 -0.1085
v -0.0777 0.9850000000 -0.1108
v -0.1002 0.9859000000 -0.1056
v -0.0600 1.2498000000 -0.1538
v -0.0383 1.2482000000 -0.1518
v -0.0818 1.2532000000 -0.1542
v -0.0983 1.2778000000 -0.1536
v -0.1017 1.2592000000 -0.1520
v -0.1197 1.2662000000 -0.1469
v -0.1171 1.2836000000 -0.1483
v -0.1512 1.2921000000 -0.1339
v -0.1516 1.2780000000 -0.1333
v -0.1635 1.2814000000 -0.1279
v -0.1642 1.2948000000 -0.1284
v -0.1793 1.2860000000 -0.1172
v -0.1731 1.2839000000 -0.1226
v -0.1842 1.2872000000 -0.1111
v -0.1918 1.2853000000 -0.1111
v -0.1989 1.3111000000 -0.1126
v -0.1906 1.3129000000 -0.1146
v -0.1531 1.3076000000 -0.1325
v -0.1363 1.3051000000 -0.1397
v -0.0370 1.2840000000 -0.1487
v -0.0178 1.2810000000 -0.1443
v -0.1824 1.2126000000 0.0036
v -0.1841 1.2070000000 -0.0206
v -0.1840 1.2045000000 -0.0438
v -0.1826 1.2053000000 -0.0649
v -0.1775 1.2089000000 -0.0829
v -0.1713 1.2147000000 -0.0987
v -0.1695 1.2309000000 -0.1093
v -0.1634 1.2228000000 -0.1117
v -0.1635 1.2403000000 -0.1187
v -0.1555 1.2329000000 -0.1219
v -0.1415 1.2580000000 -0.1362
v -0.1482 1.2446000000 -0.1300
v -0.1367 1.2726000000 -0.1401
v -0.1349 1.2885000000 -0.1411
v -0.1172 1.3018000000 -0.1471
v -0.0974 1.2973000000 -0.1529
v -0.0801 1.3308000000 -0.1485
v -0.0781 1.3115000000 -0.1527
v -0.0774 1.2925000000 -0.1548
v -0.0779 1.2735000000 -0.1552
v -0.0827 1.4273000000 -0.0897
v -0.0633 1.4216000000 -0.1025
v -0.2148 1.2509000000 -0.1114
v -0.2226 1.2534000000 -0.1115
v -0.2176 1.2603000000 -0.1126
v -0.2139 1.2567000000 -0.1124
v -0.2289 1.2595000000 -0.1104
v -0.2363 1.2690000000 -0.1076
v -0.2283 1.2761000000 -0.1100
v -0.2214 1.2666000000 -0.1123
v -0.2429 1.2804000000 -0.1016
v -0.2338 1.2869000000 -0.1056
v -0.2454 1.2925000000 -0.0951
v -0.2431 1.3046000000 -0.0901
v -0.2379 1.3052000000 -0.0955
v -0.2369 1.2973000000 -0.1002
v -0.2148 1.3291000000 -0.0994
v -0.2241 1.3214000000 -0.0975
v -0.2323 1.3124000000 -0.0960
v -0.1997 1.2815000000 -0.1127
v -0.2077 1.2778000000 -0.1138
v -0.2146 1.2722000000 -0.1134
v -0.2205 1.2824000000 -0.1118
v -0.2126 1.2884000000 -0.1132
v -0.2041 1.2930000000 -0.1133
v -0.0571 1.2697000000 -0.1539
v -0.0366 1.2667000000 -0.1506
v -0.1817 1.2984000000 -0.1180
v -0.1740 1.2971000000 -0.1232
v -0.1886 1.2990000000 -0.1137
v -0.1961 1.2975000000 -0.1129
v -0.1837 1.3126000000 -0.1180
v -0.1761 1.3114000000 -0.1223
v -0.1661 1.3096000000 -0.1272
v -0.0571 1.2885000000 -0.1525
v -0.0178 1.2643000000 -0.1467
v -0.1867 1.3469000000 0.0245
v -0.1933 1.3709000000 0.0080
v -0.1999 1.3871000000 -0.0154
v -0.2002 1.3910000000 -0.0427
v -0.2803 1.1100000000 -0.0578
v -0.0205 1.0572000000 -0.1098
v -0.0223 1.0317000000 -0.1054
v -0.0459 1.0297000000 -0.1097
v -0.0201 1.1800000000 -0.1424
v -0.0186 1.2471000000 -0.1487
v -0.1184 1.2444000000 0.1197
v -0.1044 1.2457000000 0.1254
v -0.1055 1.2600000000 0.1154
v -0.1198 1.2586000000 0.1094
v -0.1414 1.2404000000 0.1045
v -0.1307 1.2426000000 0.1126
v -0.1324 1.2565000000 0.1027
v -0.1437 1.2536000000 0.0952
v -0.1508 1.2365000000 0.0956
v -0.1536 1.2495000000 0.0871
v -0.1296 1.2276000000 0.1208
v -0.1173 1.2290000000 0.1281
v -0.1035 1.2304000000 0.1330
v -0.1484 1.2233000000 0.1029
v -0.1399 1.2259000000 0.1121
v -0.0119 1.4238000000 0.0343
v -0.0150 1.3805000000 0.0366
v -0.0143 1.3902000000 0.0321
v -0.0173 1.2454000000 0.1209
v -0.0172 1.2806000000 0.1042
v -0.0179 1.2943000000 0.0943
v -0.0186 1.3100000000 0.0847
v -0.0160 1.3703000000 0.0426
v -0.0169 1.2630000000 0.1131
v -0.1697 0.7803000000 -0.0757
v -0.1505 0.7636000000 -0.0964
v -0.1579 0.7896000000 -0.0941
v -0.1432 0.7769000000 -0.1082
v -0.1732 0.8585000000 -0.0707
v -0.1702 0.8323000000 -0.0762
v -0.1757 0.8862000000 -0.0676
v -0.1227 0.7691000000 -0.1216
v -0.0967 0.7661000000 -0.1309
v -0.0950 0.7856000000 -0.1390
v -0.1589 0.8842000000 -0.0939
v -0.1576 0.8574000000 -0.0964
v -0.1661 0.8087000000 -0.0838
v -0.1530 0.8098000000 -0.1026
v -0.1502 0.7951000000 -0.1045
v -0.1202 0.7866000000 -0.1288
v -0.1388 0.7900000000 -0.1157
v -0.0358 0.9257000000 -0.1345
v -0.0660 0.9258000000 -0.1326
v -0.0623 0.9458000000 -0.1246
v -0.1349 0.9314000000 -0.1064
v -0.1498 0.9525000000 -0.0846
v -0.1381 0.8077000000 -0.1190
v -0.1187 0.8073000000 -0.1337
v -0.0933 0.8078000000 -0.1452
v -0.0933 0.8825000000 -0.1420
v -0.0923 0.8584000000 -0.1466
v -0.1169 0.8571000000 -0.1353
v -0.1178 0.8825000000 -0.1309
v -0.1383 0.9086000000 -0.1116
v -0.1394 0.8829000000 -0.1149
v -0.0929 0.9059000000 -0.1354
v -0.1167 0.9071000000 -0.1257
v -0.1134 0.9293000000 -0.1193
v -0.1389 0.8563000000 -0.1181
v -0.0626 0.8336000000 -0.1539
v -0.0923 0.8329000000 -0.1480
v -0.0318 0.8341000000 -0.1529
v -0.0906 0.9274000000 -0.1278
v -0.0871 0.9471000000 -0.1204
v -0.0821 0.9662000000 -0.1141
v -0.0703 1.0282000000 -0.1101
v -0.1185 0.5535000000 0.0788
v 0.0019 0.7137000000 0.0252
v 0.0016 0.7231000000 -0.0052
v -0.1856 0.8101000000 0.0503
v -0.1904 0.7969000000 -0.0291
v -0.1790 0.8042000000 -0.0595
v -0.0260 0.7118000000 0.0982
v -0.0086 0.7063000000 0.0749
v -0.1675 0.7997000000 0.0801
v -0.1121 0.7481000000 0.1154
v -0.0006 0.7076000000 0.0504
v -0.1554 0.8319000000 -0.0995
v -0.1386 0.8303000000 -0.1194
v -0.1176 0.8309000000 -0.1361
v -0.0629 0.8090000000 -0.1510
v -0.0311 0.8110000000 -0.1498
v -0.0243 0.7567000000 0.1305
v -0.0199 0.7674000000 0.1353
v -0.0106 0.7641000000 0.1352
v -0.0109 0.7490000000 0.1270
v -0.1122 0.8982000000 0.1170
v -0.0895 0.8898000000 0.1335
v -0.0430 0.8788000000 0.1538
v -0.0209 0.8758000000 0.1577
v -0.1678 0.9283000000 0.0515
v -0.0660 0.8833000000 0.1460
v -0.1531 0.9179000000 0.0759
v -0.1335 0.9076000000 0.0979
v -0.0725 0.1422000000 -0.0438
v -0.0729 0.1154000000 -0.0400
v -0.0742 0.1166000000 -0.0561
v -0.0712 0.1440000000 -0.0598
v -0.0899 0.1478000000 -0.0893
v -0.0776 0.1461000000 -0.0811
v -0.1062 0.1482000000 -0.0911
v -0.1036 0.1201000000 -0.0899
v -0.1155 0.1194000000 -0.0828
v -0.1205 0.1472000000 -0.0852
v -0.1291 0.1461000000 -0.0752
v -0.1320 0.1166000000 -0.0428
v -0.1370 0.1426000000 -0.0430
v -0.1348 0.1450000000 -0.0627
v -0.1304 0.1178000000 -0.0615
v -0.1303 0.1396000000 -0.0228
v -0.1263 0.1152000000 -0.0229
v -0.1152 0.1381000000 -0.0119
v -0.0782 0.1401000000 -0.0277
v -0.0768 0.1143000000 -0.0227
v -0.0889 0.1199000000 -0.0884
v -0.0785 0.1182000000 -0.0785
v -0.0719 0.1446000000 -0.0709
v -0.0763 0.1174000000 -0.0673
v -0.0728 0.0886000000 -0.0518
v -0.0660 0.0890000000 -0.0350
v -0.0873 0.0917000000 -0.0883
v -0.0804 0.0904000000 -0.0755
v -0.1117 0.0921000000 -0.0811
v -0.1010 0.0925000000 -0.0909
v -0.1306 0.0914000000 -0.0613
v -0.1237 0.1187000000 -0.0727
v -0.1215 0.0918000000 -0.0712
v -0.1321 0.0912000000 -0.0431
v -0.1262 0.0914000000 -0.0197
v -0.0721 0.0902000000 -0.0160
v -0.0772 0.0895000000 -0.0641
v -0.1270 0.0094000000 0.1368
v -0.1315 0.0095000000 0.1359
v -0.1331 0.0050000000 0.1365
v -0.1258 0.0040000000 0.1378
v -0.0814 0.0137000000 0.1484
v -0.0901 0.0153000000 0.1504
v -0.0922 0.0062000000 0.1485
v -0.0802 0.0038000000 0.1464
v -0.1167 0.0009000000 0.1432
v -0.1118 0.0010000000 0.1436
v -0.1108 0.0048000000 0.1473
v -0.1192 0.0050000000 0.1466
v -0.1580 0.0041000000 0.1016
v -0.1536 0.0038000000 0.1030
v -0.1536 0.0084000000 0.1056
v -0.1587 0.0079000000 0.1031
v -0.1456 0.0009000000 0.1196
v -0.1417 0.0003000000 0.1211
v -0.1413 0.0047000000 0.1241
v -0.1469 0.0041000000 0.1216
v -0.0930 0.0200000000 0.1266
v -0.0926 0.0190000000 0.1410
v -0.0792 0.0163000000 0.1386
v -0.0778 0.0211000000 0.1240
v -0.0725 0.0069000000 0.1346
v -0.0802 0.0013000000 0.1319
v -0.0787 0.0009000000 0.1172
v -0.0709 0.0096000000 0.1186
v -0.0932 0.0010000000 0.1341
v -0.0929 0.0014000000 0.1207
v -0.1002 0.0103000000 0.1254
v -0.1021 0.0099000000 0.1399
v -0.1202 0.0101000000 0.1261
v -0.1237 0.0076000000 0.1383
v -0.1174 0.0135000000 0.1397
v -0.1150 0.0178000000 0.1273
v -0.1089 0.0130000000 0.1409
v -0.1039 0.0172000000 0.1290
v -0.1005 0.0074000000 0.1276
v -0.1031 0.0062000000 0.1409
v -0.1086 0.0008000000 0.1370
v -0.1054 0.0019000000 0.1240
v -0.1151 0.0030000000 0.1234
v -0.1179 0.0010000000 0.1358
v -0.1251 0.0113000000 0.1310
v -0.1227 0.0163000000 0.1217
v -0.1332 0.0173000000 0.1195
v -0.1326 0.0118000000 0.1300
v -0.1243 0.0018000000 0.1187
v -0.1190 0.0064000000 0.1215
v -0.1208 0.0040000000 0.1311
v -0.1258 0.0000000000 0.1292
v -0.1334 0.0002000000 0.1284
v -0.1337 0.0028000000 0.1174
v -0.1381 0.0102000000 0.1191
v -0.1377 0.0062000000 0.1296
v -0.1476 0.0116000000 0.1159
v -0.1489 0.0171000000 0.1061
v -0.1526 0.0100000000 0.1049
v -0.1506 0.0056000000 0.1145
v -0.1409 0.0164000000 0.1098
v -0.1418 0.0122000000 0.1178
v -0.1405 0.0026000000 0.1077
v -0.1381 0.0100000000 0.1115
v -0.1374 0.0074000000 0.1184
v -0.1396 0.0003000000 0.1158
v -0.1470 0.0002000000 0.1140
v -0.1486 0.0026000000 0.1042
v -0.1627 0.0092000000 0.0961
v -0.1609 0.0149000000 0.0978
v -0.1621 0.0176000000 0.0890
v -0.1632 0.0105000000 0.0860
v -0.1554 0.0181000000 0.0940
v -0.1547 0.0153000000 0.1003
v -0.1532 0.0044000000 0.0918
v -0.1530 0.0119000000 0.0952
v -0.1512 0.0102000000 0.1003
v -0.1522 0.0035000000 0.0981
v -0.1592 0.0034000000 0.0959
v -0.1594 0.0049000000 0.0874
v -0.0777 0.0246000000 0.1095
v -0.0969 0.0208000000 0.1125
v -0.0829 0.0016000000 0.1414
v -0.0712 0.0111000000 0.1038
v -0.0901 0.0017000000 0.1425
v -0.0971 0.0019000000 0.1079
v -0.0794 0.0021000000 0.1024
v -0.0992 0.0100000000 0.1187
v -0.1172 0.0102000000 0.1462
v -0.1179 0.0094000000 0.1164
v -0.1177 0.0021000000 0.1066
v -0.1120 0.0100000000 0.1467
v -0.1164 0.0209000000 0.1107
v -0.1349 0.0199000000 0.1017
v -0.1278 0.0003000000 0.1350
v -0.1319 0.0007000000 0.1347
v -0.1367 0.0022000000 0.0998
v -0.1380 0.0112000000 0.1096
v -0.1460 0.0085000000 0.1214
v -0.1533 0.0121000000 0.0954
v -0.1512 0.0032000000 0.0885
v -0.1429 0.0092000000 0.1224
v -0.1514 0.0210000000 0.0900
v -0.1578 0.0116000000 0.1023
v -0.1603 0.0037000000 0.0765
v -0.1650 0.0115000000 0.0735
v -0.1550 0.0122000000 0.1041
v -0.1626 0.0204000000 0.0783
v -0.0872 0.1382000000 -0.0157
v -0.0858 0.1136000000 -0.0110
v -0.0997 0.1378000000 -0.0104
v -0.1126 0.1141000000 -0.0104
v -0.0988 0.1141000000 -0.0071
v -0.0827 0.0905000000 -0.0025
v -0.1119 0.0905000000 -0.0051
v -0.0971 0.0914000000 0.0004
v -0.1310 0.0708000000 -0.0639
v -0.1362 0.0710000000 -0.0453
v -0.1205 0.0709000000 -0.0748
v -0.0998 0.0713000000 -0.0940
v -0.1114 0.0713000000 -0.0852
v -0.0816 0.0730000000 0.0074
v -0.0714 0.0703000000 -0.0101
v -0.0976 0.0756000000 0.0125
v -0.1145 0.0743000000 0.0047
v -0.0733 0.0297000000 0.0926
v -0.0732 0.0308000000 0.0713
v -0.0889 0.0414000000 0.0748
v -0.0932 0.0320000000 0.0942
v -0.1087 0.0413000000 0.0716
v -0.1123 0.0298000000 0.0908
v -0.1263 0.0372000000 0.0636
v -0.1302 0.0279000000 0.0831
v -0.1422 0.0331000000 0.0538
v -0.1470 0.0264000000 0.0728
v -0.1557 0.0262000000 0.0436
v -0.1607 0.0230000000 0.0629
v -0.1633 0.0157000000 0.0381
v -0.1668 0.0131000000 0.0578
v -0.0670 0.0125000000 0.0865
v -0.0686 0.0146000000 0.0652
v -0.0779 0.0002000000 0.0834
v -0.0789 0.0009000000 0.0623
v -0.0963 -0.0001000000 0.0824
v -0.0961 0.0000000000 0.0607
v -0.1590 0.0030000000 0.0396
v -0.1610 0.0018000000 0.0601
v -0.1159 0.0008000000 0.0784
v -0.1150 0.0014000000 0.0563
v -0.1338 -0.0003000000 0.0723
v -0.1324 0.0004000000 0.0503
v -0.1488 -0.0004000000 0.0657
v -0.1472 -0.0002000000 0.0441
v -0.0837 0.0485000000 0.0518
v -0.1042 0.0541000000 0.0507
v -0.1214 0.0492000000 0.0415
v -0.1365 0.0415000000 0.0305
v -0.1490 0.0307000000 0.0204
v -0.1581 0.0193000000 0.0155
v -0.1353 0.0524000000 0.0026
v -0.1432 0.0329000000 -0.0055
v -0.1499 0.0200000000 -0.0078
v -0.1391 0.0337000000 -0.0313
v -0.1433 0.0207000000 -0.0317
v -0.1297 0.0330000000 -0.0734
v -0.1340 0.0186000000 -0.0748
v -0.1389 0.0208000000 -0.0554
v -0.1342 0.0338000000 -0.0548
v -0.1357 0.0519000000 -0.0259
v -0.1321 0.0522000000 -0.0502
v -0.1267 0.0525000000 -0.0684
v -0.1273 0.0176000000 -0.0877
v -0.1241 0.0325000000 -0.0865
v -0.1154 0.0328000000 -0.0980
v -0.1168 0.0174000000 -0.0974
v -0.0981 0.0319000000 -0.1049
v -0.0996 0.0159000000 -0.1021
v -0.0822 0.0299000000 -0.0953
v -0.0830 0.0144000000 -0.0938
v -0.1128 0.0528000000 -0.0911
v -0.1201 0.0521000000 -0.0803
v -0.0993 0.0527000000 -0.0988
v -0.0847 0.0511000000 -0.0913
v -0.0795 0.0494000000 -0.0743
v -0.0765 0.0287000000 -0.0759
v -0.0748 0.0137000000 -0.0763
v -0.0739 0.0322000000 0.0464
v -0.0734 0.0183000000 0.0412
v -0.1184 0.0629000000 0.0217
v -0.0999 0.0656000000 0.0299
v -0.0797 0.0569000000 0.0230
v -0.0712 0.0345000000 0.0193
v -0.0756 0.0193000000 0.0146
v -0.0759 0.0186000000 -0.0092
v -0.0699 0.0321000000 -0.0067
v -0.0819 0.0073000000 0.0378
v -0.0848 0.0120000000 0.0119
v -0.0840 0.0114000000 -0.0115
v -0.0739 0.0167000000 -0.0303
v -0.0700 0.0303000000 -0.0286
v -0.0735 0.0155000000 -0.0474
v -0.0731 0.0301000000 -0.0466
v -0.0748 0.0293000000 -0.0608
v -0.0732 0.0144000000 -0.0614
v -0.0737 0.0493000000 -0.0475
v -0.0766 0.0494000000 -0.0605
v -0.0702 0.0490000000 -0.0288
v -0.0705 0.0517000000 -0.0054
v -0.1546 0.0063000000 0.0160
v -0.1485 0.0091000000 -0.0074
v -0.1413 0.0108000000 -0.0305
v -0.1359 0.0095000000 -0.0535
v -0.1295 0.0074000000 -0.0718
v -0.1229 0.0066000000 -0.0830
v -0.0996 0.0068000000 -0.0943
v -0.1137 0.0067000000 -0.0914
v -0.0873 0.0060000000 -0.0888
v -0.0817 0.0043000000 -0.0746
v -0.0795 0.0038000000 -0.0616
v -0.0812 0.0079000000 -0.0323
v -0.0796 0.0048000000 -0.0485
v -0.0652 0.0679000000 -0.0316
v -0.0705 0.0679000000 -0.0496
v -0.0754 0.0685000000 -0.0620
v -0.0858 0.0705000000 -0.0886
v -0.0797 0.0691000000 -0.0736
v -0.0965 0.0034000000 0.0350
v -0.1142 0.0037000000 0.0305
v -0.1305 0.0029000000 0.0248
v -0.1440 0.0027000000 0.0198
v -0.1394 0.0051000000 -0.0046
v -0.1272 0.0049000000 -0.0009
v -0.1118 0.0048000000 0.0038
v -0.0965 0.0075000000 0.0087
v -0.1331 0.0060000000 -0.0276
v -0.1222 0.0050000000 -0.0241
v -0.1078 0.0045000000 -0.0202
v -0.0946 0.0063000000 -0.0149
v -0.0907 0.0031000000 -0.0358
v -0.1021 0.0023000000 -0.0413
v -0.1157 0.0033000000 -0.0451
v -0.1262 0.0048000000 -0.0495
v -0.1203 0.0039000000 -0.0664
v -0.1104 0.0028000000 -0.0613
v -0.0986 0.0017000000 -0.0572
v -0.0887 0.0018000000 -0.0521
v -0.1151 0.0037000000 -0.0760
v -0.1005 0.0036000000 -0.0864
v -0.1091 0.0036000000 -0.0830
v -0.0923 0.0028000000 -0.0834
v -0.0891 0.0020000000 -0.0736
v -0.0884 0.0016000000 -0.0632
v -0.0970 0.0020000000 -0.0664
v -0.0962 0.0024000000 -0.0738
v -0.1075 0.0028000000 -0.0703
v -0.1041 0.0031000000 -0.0770
v -0.0962 0.0027000000 -0.0796
v -0.1006 0.0032000000 -0.0811
v -0.1282 0.0701000000 -0.0165
v -0.0963 0.3979000000 0.0308
v -0.0810 0.4006000000 0.0259
v -0.1134 0.4000000000 0.0313
v -0.1418 0.7876000000 0.1022
v -0.0996 1.0345000000 0.1376
v -0.1022 1.0835000000 0.1278
v -0.1008 1.0590000000 0.1330
v -0.1429 0.7580000000 0.1037
v -0.1505 1.1090000000 0.0590
v -0.1217 1.2730000000 0.0979
v 0.1343 0.0185000000 -0.0749
v 0.1391 0.0208000000 -0.0553
v 0.1343 0.0339000000 -0.0546
v -0.0068 1.5560000000 0.0902
v -0.0712 1.5245000000 0.0231
v -0.0707 1.5165000000 0.0162
v -0.0668 1.5056000000 0.0234
v -0.0678 1.5146000000 0.0310
v -0.0612 1.4958000000 0.0315
v -0.0641 1.5063000000 0.0373
v -0.0551 1.4877000000 0.0410
v -0.0595 1.4986000000 0.0449
v -0.0500 1.4829000000 0.0515
v -0.0548 1.4935000000 0.0536
v -0.0343 1.4807000000 0.0729
v -0.0320 1.4751000000 0.0694
v -0.0250 1.4731000000 0.0767
v -0.0262 1.4776000000 0.0808
v -0.0178 1.4714000000 0.0834
v -0.0188 1.4755000000 0.0875
v -0.0097 1.4706000000 0.0873
v -0.0100 1.4743000000 0.0917
v -0.0001 1.4704000000 0.0891
v -0.0002 1.4744000000 0.0934
v -0.0001 1.4843000000 0.0967
v -0.0093 1.4841000000 0.0957
v -0.0098 1.4790000000 0.0946
v -0.0002 1.4788000000 0.0958
v -0.0172 1.4849000000 0.0917
v -0.0185 1.4797000000 0.0901
v -0.0240 1.4872000000 0.0859
v -0.0258 1.4821000000 0.0838
v -0.0322 1.4912000000 0.0790
v -0.0341 1.4859000000 0.0761
v -0.0389 1.4963000000 0.0752
v -0.0422 1.4926000000 0.0710
v -0.0085 1.4671000000 0.0811
v -0.0001 1.4672000000 0.0835
v -0.0158 1.4676000000 0.0776
v -0.0226 1.4687000000 0.0721
v -0.0284 1.4698000000 0.0658
v -0.0427 1.4800000000 0.0614
v -0.0356 1.4713000000 0.0580
v -0.0445 1.4753000000 0.0494
v -0.0506 1.4800000000 0.0378
v -0.0580 1.4886000000 0.0266
v -0.0652 1.4994000000 0.0166
v -0.0693 1.5114000000 0.0085
v -0.0722 1.5243000000 0.0105
v -0.0161 1.4895000000 0.0915
v -0.0087 1.4891000000 0.0952
v -0.0224 1.4913000000 0.0866
v -0.0297 1.4956000000 0.0809
v -0.0354 1.5001000000 0.0779
v -0.0405 1.5122000000 0.0771
v -0.0392 1.5058000000 0.0770
v -0.0386 1.5248000000 0.0795
v -0.0400 1.5186000000 0.0781
v -0.0469 1.5313000000 0.0749
v -0.0489 1.5222000000 0.0719
v -0.0445 1.5198000000 0.0754
v -0.0429 1.5275000000 0.0775
v -0.0503 1.5369000000 0.0717
v -0.0531 1.5264000000 0.0678
v -0.0076 1.4633000000 0.0763
v -0.0001 1.4631000000 0.0774
v -0.0140 1.4637000000 0.0729
v -0.0198 1.4637000000 0.0678
v -0.0245 1.4635000000 0.0615
v -0.0301 1.4637000000 0.0543
v -0.0373 1.4655000000 0.0456
v -0.0457 1.4706000000 0.0344
v -0.0549 1.4798000000 0.0219
v -0.0635 1.4939000000 0.0106
v -0.0677 1.5067000000 0.0025
v -0.0228 1.4540000000 0.0491
v -0.0180 1.4552000000 0.0559
v -0.0142 1.4567000000 0.0611
v -0.0109 1.4581000000 0.0651
v -0.0065 1.4564000000 0.0649
v 0.0000 1.4552000000 0.0651
v -0.0060 1.4516000000 0.0580
v 0.0001 1.4513000000 0.0585
v -0.0087 1.4483000000 0.0532
v 0.0001 1.4474000000 0.0536
v -0.0112 1.4451000000 0.0487
v 0.0001 1.4427000000 0.0494
v -0.0434 1.5034000000 0.0739
v -0.0477 1.5020000000 0.0692
v -0.0495 1.5122000000 0.0697
v -0.0541 1.5149000000 0.0645
v -0.0525 1.5025000000 0.0631
v -0.0449 1.5115000000 0.0740
v -0.0580 1.5060000000 0.0553
v -0.0588 1.5193000000 0.0585
v -0.0570 1.5320000000 0.0633
v -0.0620 1.5246000000 0.0530
v -0.0621 1.5116000000 0.0479
v -0.0605 1.5362000000 0.0583
v -0.0633 1.5402000000 0.0537
v -0.0643 1.5293000000 0.0482
v -0.0649 1.5176000000 0.0427
v -0.0465 1.4891000000 0.0643
v -0.0672 1.5237000000 0.0372
v -0.0655 1.5444000000 0.0490
v -0.0663 1.5344000000 0.0430
v -0.0677 1.5500000000 0.0433
v -0.0693 1.5405000000 0.0353
v -0.0705 1.5316000000 0.0286
v -0.0737 1.5329000000 0.0142
v -0.0001 1.4894000000 0.0963
v 0.1358 0.0521000000 -0.0256
v 0.1318 0.0519000000 -0.0500
v 0.1265 0.0524000000 -0.0683
v 0.1277 0.0176000000 -0.0879
v 0.1243 0.0325000000 -0.0866
v 0.1157 0.0328000000 -0.0980
v 0.1172 0.0174000000 -0.0975
v 0.0984 0.0318000000 -0.1049
v 0.1000 0.0157000000 -0.1022
v 0.0824 0.0297000000 -0.0954
v 0.0833 0.0142000000 -0.0940
v 0.1128 0.0528000000 -0.0910
v 0.1202 0.0522000000 -0.0802
v 0.0994 0.0527000000 -0.0987
v 0.0850 0.0512000000 -0.0912
v 0.0796 0.0495000000 -0.0740
v 0.0768 0.0287000000 -0.0758
v 0.0751 0.0136000000 -0.0763
v 0.0740 0.0325000000 0.0465
v 0.0736 0.0188000000 0.0414
v 0.1182 0.0628000000 0.0219
v 0.0999 0.0657000000 0.0300
v 0.0797 0.0569000000 0.0232
v 0.0713 0.0346000000 0.0194
v 0.0757 0.0194000000 0.0147
v 0.0760 0.0185000000 -0.0092
v 0.0699 0.0321000000 -0.0066
v 0.0819 0.0077000000 0.0380
v 0.0848 0.0121000000 0.0120
v 0.0841 0.0113000000 -0.0115
v 0.0740 0.0166000000 -0.0303
v 0.0701 0.0303000000 -0.0285
v 0.0736 0.0154000000 -0.0474
v 0.0733 0.0301000000 -0.0465
v 0.0752 0.0294000000 -0.0606
v 0.0735 0.0144000000 -0.0615
v 0.0739 0.0495000000 -0.0473
v 0.0767 0.0496000000 -0.0603
v 0.0708 0.0497000000 -0.0287
v 0.0709 0.0521000000 -0.0053
v 0.1545 0.0061000000 0.0159
v 0.1484 0.0090000000 -0.0074
v 0.1413 0.0108000000 -0.0305
v 0.1362 0.0093000000 -0.0535
v 0.1298 0.0073000000 -0.0719
v 0.1232 0.0064000000 -0.0831
v 0.1002 0.0065000000 -0.0945
v 0.1142 0.0064000000 -0.0915
v 0.0879 0.0057000000 -0.0890
v 0.0820 0.0040000000 -0.0748
v 0.0800 0.0034000000 -0.0618
v 0.0813 0.0077000000 -0.0324
v 0.0798 0.0046000000 -0.0486
v 0.0652 0.0682000000 -0.0313
v 0.0705 0.0679000000 -0.0495
v 0.0751 0.0682000000 -0.0616
v 0.0855 0.0703000000 -0.0883
v 0.0794 0.0686000000 -0.0732
v 0.0964 0.0038000000 0.0351
v 0.1139 0.0039000000 0.0304
v 0.1303 0.0029000000 0.0247
v 0.1438 0.0026000000 0.0196
v 0.1394 0.0049000000 -0.0047
v 0.1272 0.0048000000 -0.0010
v 0.1118 0.0048000000 0.0038
v 0.0965 0.0076000000 0.0087
v 0.1331 0.0059000000 -0.0276
v 0.1222 0.0048000000 -0.0242
v 0.1078 0.0044000000 -0.0203
v 0.0947 0.0062000000 -0.0149
v 0.0911 0.0028000000 -0.0360
v 0.1027 0.0020000000 -0.0414
v 0.1161 0.0031000000 -0.0452
v 0.1264 0.0046000000 -0.0496
v 0.1206 0.0037000000 -0.0665
v 0.1109 0.0026000000 -0.0614
v 0.0989 0.0014000000 -0.0574
v 0.0893 0.0014000000 -0.0522
v 0.1157 0.0034000000 -0.0761
v 0.1011 0.0032000000 -0.0866
v 0.1098 0.0033000000 -0.0831
v 0.0930 0.0024000000 -0.0836
v 0.0897 0.0016000000 -0.0737
v 0.0890 0.0012000000 -0.0633
v 0.0976 0.0017000000 -0.0666
v 0.0969 0.0020000000 -0.0740
v 0.1078 0.0026000000 -0.0704
v -0.0661 1.5223000000 -0.0149
v -0.0218 1.5325000000 0.0860
v -0.0166 1.5352000000 0.0886
v 0.1048 0.0028000000 -0.0771
v 0.0969 0.0024000000 -0.0798
v -0.0115 1.5363000000 0.0919
v -0.0075 1.5368000000 0.0944
v -0.0036 1.5367000000 0.0958
v 0.1012 0.0029000000 -0.0813
v 0.1279 0.0702000000 -0.0163
v 0.0966 0.3981000000 0.0317
v 0.0814 0.4006000000 0.0269
v -0.0001 1.4327000000 0.0425
v -0.0000 1.6053000000 0.0838
v 0.0001 1.4385000000 0.0466
v 0.0000 1.5026000000 0.0791
v -0.0003 1.6887000000 0.0040
v -0.0001 1.4946000000 0.0953
v -0.0000 1.5074000000 0.0814
v -0.0001 1.5665000000 0.1055
v 0.0000 1.4997000000 0.0937
v -0.0001 1.5106000000 0.0966
v -0.0001 1.5161000000 0.0948
v -0.0001 1.6409000000 0.0728
v -0.0001 1.5137000000 0.0963
v 0.0001 1.5392000000 0.0958
v -0.0001 1.5626000000 0.1089
v -0.0000 1.5176000000 0.0934
v 0.0001 1.5078000000 -0.0856
v -0.0001 1.5072000000 0.0952
v 0.0000 1.5137000000 0.0860
v -0.0000 1.5173000000 0.0913
v 0.0003 1.5223000000 0.0802
v 0.0002 1.5363000000 0.0957
v -0.0000 1.5828000000 0.0911
v 0.0003 1.5428000000 -0.1081
v -0.0001 1.5800000000 0.0936
v -0.0002 1.6656000000 0.0552
v -0.0001 1.6511000000 0.0673
v -0.0001 1.5702000000 0.1021
v 0.0003 1.6055000000 -0.1231
v 0.0002 1.6230000000 -0.1216
v -0.0001 1.6240000000 0.0790
v -0.0001 1.6856000000 -0.0608
v -0.0000 1.5587000000 0.1112
v 0.0001 1.5444000000 0.1012
v -0.0003 1.6822000000 0.0295
v 0.0006 1.5711000000 -0.1172
v -0.0000 1.6739000000 -0.0863
v 0.0002 1.5200000000 0.0955
v -0.0002 1.6860000000 0.0173
v 0.0002 1.5183000000 0.0927
v 0.0000 1.5482000000 0.1086
v 0.0004 1.5552000000 -0.1132
v 0.0003 1.5844000000 -0.1206
v 0.0002 1.5297000000 0.0965
v 0.0002 1.5337000000 0.0958
v -0.0000 1.6813000000 -0.0742
v -0.0000 1.6116000000 0.0828
v 0.0002 1.5274000000 0.0975
v 0.0000 1.5913000000 0.0853
v 0.0001 1.5247000000 0.0979
v -0.0003 1.4272000000 0.0382
v 0.0001 1.6499000000 -0.1076
v 0.0002 1.5222000000 0.0968
v 0.0002 1.5194000000 0.0877
v -0.0001 1.5738000000 0.0989
v 0.0003 1.5207000000 0.0832
v -0.0001 1.6313000000 0.0763
v 0.0001 1.5419000000 0.0970
v 0.0001 1.5427000000 0.0976
v 0.0000 1.5884000000 0.0866
v -0.0001 1.6587000000 0.0615
v 0.0001 1.5941000000 0.0847
v 0.0001 1.5410000000 0.0964
v 0.0002 1.6395000000 -0.1147
v -0.0002 1.6897000000 -0.0429
v -0.0002 1.6907000000 -0.0294
v -0.0000 1.5855000000 0.0886
v -0.0001 1.5771000000 0.0960
v 0.0002 1.5004000000 -0.0838
v -0.0000 1.5518000000 0.1111
v -0.0000 1.5548000000 0.1118
v -0.0003 1.6772000000 0.0398
v 0.0001 1.5331000000 -0.1037
v -0.0002 1.6905000000 -0.0117
v -0.0003 1.6717000000 0.0481
v -0.0000 1.5170000000 -0.0927
v 0.0002 1.5256000000 -0.0996
v 0.0000 1.5468000000 0.1069
v 0.0000 1.5975000000 0.0843
v 0.0001 1.5453000000 0.1038
v 0.0000 1.6643000000 -0.0969
v 0.0001 1.5436000000 0.0991
v 0.1137 0.4002000000 0.0323
v 0.1411 0.7877000000 0.1016
v 0.0991 1.0348000000 0.1372
v 0.1020 1.0835000000 0.1279
v 0.1004 1.0591000000 0.1328
v 0.1420 0.7585000000 0.1028
v 0.1499 1.1085000000 0.0584
v 0.1207 1.2736000000 0.0972
v 0.0069 1.5561000000 0.0901
v 0.0715 1.5249000000 0.0233
v 0.0710 1.5168000000 0.0163
v 0.0671 1.5059000000 0.0235
v 0.0681 1.5149000000 0.0311
v 0.0615 1.4960000000 0.0317
v 0.0644 1.5065000000 0.0376
v 0.0553 1.4879000000 0.0412
v 0.0598 1.4988000000 0.0451
v -0.0044 1.5480000000 0.1061
v -0.0033 1.5465000000 0.1036
v 0.0502 1.4832000000 0.0518
v 0.0550 1.4938000000 0.0539
v -0.0154 1.5823000000 0.0700
v -0.0083 1.5452000000 0.0937
v -0.0071 1.5676000000 0.0984
v -0.0140 1.5825000000 0.0706
v 0.0342 1.4809000000 0.0730
v 0.0319 1.4752000000 0.0695
v 0.0250 1.4732000000 0.0768
v 0.0261 1.4777000000 0.0808
v -0.0105 1.5453000000 0.0924
v 0.0176 1.4714000000 0.0835
v 0.0185 1.4755000000 0.0876
v 0.0095 1.4706000000 0.0874
v 0.0097 1.4744000000 0.0917
v -0.0065 1.5740000000 0.0929
v -0.0082 1.5819000000 0.0800
v 0.0091 1.4842000000 0.0957
v 0.0096 1.4791000000 0.0946
v -0.0067 1.5708000000 0.0958
v -0.0157 1.5479000000 0.0929
v -0.0141 1.5453000000 0.0916
v -0.0069 1.5543000000 0.1084
v -0.0078 1.5571000000 0.1073
v 0.0170 1.4850000000 0.0917
v -0.0077 1.5509000000 0.1067
v -0.0050 1.5492000000 0.1072
v 0.0183 1.4798000000 0.0902
v -0.0171 1.5821000000 0.0706
v -0.0276 1.5833000000 0.0642
v -0.0061 1.5522000000 0.1084
v -0.0033 1.5501000000 0.1090
v -0.0203 1.5830000000 0.0682
v -0.0164 1.5822000000 0.0703
v -0.0119 1.5524000000 0.1016
v -0.0069 1.5811000000 0.0843
v 0.0238 1.4873000000 0.0860
v 0.0256 1.4822000000 0.0838
v 0.0321 1.4914000000 0.0790
v 0.0340 1.4860000000 0.0762
v -0.0145 1.5506000000 0.0972
v 0.0389 1.4965000000 0.0754
v 0.0422 1.4928000000 0.0711
v 0.0084 1.4671000000 0.0812
v -0.0180 1.5823000000 0.0705
v -0.0185 1.5824000000 0.0702
v -0.0078 1.5639000000 0.1015
v 0.0157 1.4676000000 0.0776
v 0.0225 1.4687000000 0.0722
v 0.0285 1.4698000000 0.0660
v 0.0429 1.4801000000 0.0615
v -0.0228 1.5831000000 0.0683
v -0.0029 1.5448000000 0.0988
v -0.0101 1.5518000000 0.1040
v -0.0088 1.5513000000 0.1055
v -0.0035 1.5443000000 0.0968
v 0.0358 1.4713000000 0.0582
v 0.0448 1.4754000000 0.0496
v -0.0118 1.5822000000 0.0729
v 0.0508 1.4801000000 0.0380
v -0.0066 1.5792000000 0.0879
v -0.0065 1.5767000000 0.0908
v 0.0583 1.4889000000 0.0268
v 0.0655 1.4998000000 0.0167
v -0.0029 1.5456000000 0.1012
v 0.0697 1.5118000000 0.0085
v 0.0725 1.5245000000 0.0107
v 0.0159 1.4896000000 0.0916
v 0.0086 1.4892000000 0.0953
v 0.0223 1.4915000000 0.0867
v -0.0082 1.5604000000 0.1049
v 0.0297 1.4957000000 0.0809
v 0.0354 1.5003000000 0.0780
v 0.0406 1.5124000000 0.0773
v -0.0059 1.5448000000 0.0953
v 0.0393 1.5060000000 0.0772
v 0.0388 1.5250000000 0.0797
v 0.0402 1.5189000000 0.0783
v 0.0471 1.5316000000 0.0750
v 0.0491 1.5225000000 0.0720
v 0.0447 1.5201000000 0.0755
v 0.0000 1.5498000000 0.1100
v -0.0055 1.5505000000 0.1079
v 0.0431 1.5278000000 0.0776
v 0.0504 1.5372000000 0.0717
v 0.0532 1.5267000000 0.0679
v 0.0076 1.4632000000 0.0763
v -0.0296 1.5965000000 0.0755
v -0.0296 1.5937000000 0.0741
v 0.0140 1.4637000000 0.0730
v 0.0199 1.4637000000 0.0679
v 0.0246 1.4635000000 0.0617
v 0.0303 1.4637000000 0.0545
v 0.0377 1.4654000000 0.0458
v 0.0459 1.4707000000 0.0346
v -0.0223 1.6006000000 0.0791
v -0.0045 1.6013000000 0.0834
v -0.0095 1.6013000000 0.0824
v 0.0550 1.4802000000 0.0221
v -0.0299 1.5896000000 0.0722
v -0.0302 1.5875000000 0.0708
v -0.0295 1.5915000000 0.0724
v -0.0302 1.5879000000 0.0723
v -0.0302 1.5887000000 0.0727
v 0.0638 1.4941000000 0.0107
v -0.0292 1.5909000000 0.0713
v 0.0681 1.5070000000 0.0025
v -0.0293 1.5907000000 0.0712
v 0.0230 1.4540000000 0.0493
v -0.0274 1.5994000000 0.0771
v 0.0182 1.4552000000 0.0560
v 0.0145 1.4567000000 0.0613
v -0.0295 1.5903000000 0.0715
v -0.0304 1.5870000000 0.0691
v 0.0111 1.4581000000 0.0653
v -0.0312 1.5852000000 0.0646
v 0.0067 1.4563000000 0.0651
v 0.0000 1.6013000000 0.0840
v -0.0213 1.6115000000 0.0813
v -0.0520 1.6088000000 0.0603
v 0.0063 1.4515000000 0.0581
v -0.0551 1.6032000000 0.0578
v 0.0090 1.4482000000 0.0533
v -0.0489 1.5675000000 0.0658
v -0.0517 1.5683000000 0.0632
v -0.0184 1.6055000000 0.0823
v 0.0115 1.4451000000 0.0488
v 0.0435 1.5036000000 0.0740
v 0.0477 1.5022000000 0.0693
v 0.0496 1.5125000000 0.0698
v 0.0543 1.5152000000 0.0647
v -0.0268 1.6306000000 0.0716
v -0.0317 1.6759000000 0.0225
v -0.0251 1.6236000000 0.0753
v -0.0398 1.6154000000 0.0702
v 0.0527 1.5028000000 0.0633
v -0.0319 1.6718000000 0.0319
v 0.0450 1.5117000000 0.0742
v 0.0583 1.5062000000 0.0556
v 0.0589 1.5196000000 0.0587
v 0.0571 1.5323000000 0.0634
v 0.0622 1.5249000000 0.0532
v -0.0473 1.6135000000 0.0644
v 0.0624 1.5118000000 0.0481
v -0.0564 1.5732000000 0.0554
v -0.0065 1.6175000000 0.0812
v -0.0577 1.5787000000 0.0526
v 0.0606 1.5365000000 0.0585
v -0.0146 1.6175000000 0.0808
v -0.0276 1.6838000000 -0.0414
v 0.0634 1.5405000000 0.0538
v 0.0645 1.5296000000 0.0484
v 0.0651 1.5179000000 0.0429
v 0.0466 1.4894000000 0.0644
v -0.0129 1.5973000000 0.0798
v 0.0675 1.5241000000 0.0373
v -0.0387 1.5686000000 0.0710
v -0.0419 1.5681000000 0.0697
v 0.0656 1.5448000000 0.0492
v -0.0313 1.6832000000 -0.0300
v -0.0555 1.5709000000 0.0578
v -0.0307 1.6487000000 0.0608
v -0.0092 1.5906000000 0.0780
v -0.0106 1.5936000000 0.0780
v -0.0315 1.6556000000 0.0541
v 0.0665 1.5348000000 0.0431
v 0.0679 1.5503000000 0.0434
v 0.0695 1.5408000000 0.0354
v -0.0319 1.6617000000 0.0473
v 0.0707 1.5320000000 0.0288
v 0.0740 1.5332000000 0.0144
v -0.0317 1.6790000000 0.0115
v -0.0215 1.5722000000 0.0737
v 0.0666 1.5224000000 -0.0147
v 0.0221 1.5327000000 0.0861
v 0.0169 1.5353000000 0.0887
v -0.0574 1.5970000000 0.0555
v -0.0583 1.5905000000 0.0538
v -0.0320 1.6828000000 -0.0158
v -0.0312 1.5697000000 0.0731
v -0.0583 1.5844000000 0.0527
v -0.0159 1.6861000000 -0.0497
v 0.0119 1.5364000000 0.0920
v -0.0540 1.5693000000 0.0605
v 0.0079 1.5369000000 0.0945
v 0.0039 1.5368000000 0.0958
v -0.0321 1.6167000000 0.0749
v -0.0351 1.5690000000 0.0720
v -0.0087 1.5874000000 0.0773
v -0.0169 1.5745000000 0.0740
v -0.0135 1.5775000000 0.0745
v -0.0320 1.6670000000 0.0400
v -0.0110 1.5803000000 0.0755
v -0.0091 1.5839000000 0.0768
v -0.0263 1.5706000000 0.0737
v -0.0289 1.6396000000 0.0672
v -0.0317 1.6814000000 -0.0015
v -0.0454 1.5678000000 0.0680
v -0.0002 1.6875000000 -0.0527
v -0.0001 1.6175000000 0.0812
v -0.0098 1.5820000000 0.0763
v -0.0156 1.6012000000 0.0810
v -0.0234 1.6173000000 0.0787
v -0.0000 1.5036000000 0.0939
v -0.0274 1.5215000000 0.0846
v -0.0288 1.5191000000 0.0832
v -0.0283 1.5127000000 0.0812
v -0.0198 1.5274000000 0.0895
v -0.0244 1.5242000000 0.0866
v -0.0185 1.5055000000 0.0882
v -0.0293 1.5170000000 0.0821
v -0.0127 1.5042000000 0.0915
v -0.0293 1.5147000000 0.0814
v -0.0069 1.5037000000 0.0932
v 0.0002 1.5317000000 0.0962
v -0.0094 1.5318000000 0.0950
v -0.0045 1.5322000000 0.0964
v -0.0145 1.5302000000 0.0925
v -0.0263 1.5103000000 0.0820
v -0.0233 1.5078000000 0.0843
v 0.0044 1.5480000000 0.1061
v 0.0034 1.5465000000 0.1036
v 0.0156 1.5825000000 0.0701
v 0.0084 1.5452000000 0.0937
v 0.0070 1.5676000000 0.0985
v 0.0142 1.5827000000 0.0706
v 0.0107 1.5454000000 0.0923
v 0.0064 1.5740000000 0.0929
v 0.0084 1.5821000000 0.0801
v 0.0066 1.5709000000 0.0959
v 0.0159 1.5479000000 0.0929
v 0.0143 1.5453000000 0.0916
v 0.0069 1.5543000000 0.1085
v 0.0078 1.5571000000 0.1074
v 0.0077 1.5509000000 0.1067
v 0.0050 1.5492000000 0.1072
v 0.0172 1.5823000000 0.0706
v 0.0277 1.5835000000 0.0644
v 0.0062 1.5522000000 0.1084
v 0.0033 1.5501000000 0.1090
v 0.0205 1.5832000000 0.0683
v 0.0166 1.5824000000 0.0704
v 0.0120 1.5524000000 0.1016
v 0.0070 1.5812000000 0.0844
v 0.0146 1.5507000000 0.0973
v 0.0181 1.5825000000 0.0705
v 0.0187 1.5826000000 0.0703
v 0.0078 1.5639000000 0.1015
v 0.0229 1.5833000000 0.0684
v 0.0031 1.5449000000 0.0988
v 0.0102 1.5518000000 0.1040
v 0.0088 1.5513000000 0.1055
v 0.0037 1.5443000000 0.0968
v 0.0119 1.5825000000 0.0731
v 0.0067 1.5792000000 0.0880
v 0.0065 1.5768000000 0.0909
v 0.0030 1.5456000000 0.1012
v 0.0082 1.5605000000 0.1050
v 0.0061 1.5449000000 0.0952
v 0.0055 1.5505000000 0.1079
v 0.0296 1.5967000000 0.0756
v 0.0297 1.5940000000 0.0741
v 0.0223 1.6007000000 0.0791
v 0.0045 1.6013000000 0.0834
v 0.0095 1.6013000000 0.0824
v 0.0300 1.5898000000 0.0724
v 0.0302 1.5878000000 0.0710
v 0.0295 1.5918000000 0.0724
v 0.0303 1.5882000000 0.0725
v 0.0303 1.5889000000 0.0729
v 0.0293 1.5912000000 0.0714
v 0.0294 1.5910000000 0.0713
v 0.0275 1.5996000000 0.0770
v 0.0296 1.5906000000 0.0717
v 0.0304 1.5872000000 0.0693
v 0.0313 1.5854000000 0.0648
v 0.0211 1.6116000000 0.0812
v 0.0520 1.6091000000 0.0604
v 0.0551 1.6036000000 0.0579
v 0.0490 1.5679000000 0.0659
v 0.0518 1.5687000000 0.0632
v 0.0183 1.6055000000 0.0822
v 0.0265 1.6308000000 0.0714
v 0.0310 1.6758000000 0.0225
v 0.0249 1.6238000000 0.0753
v 0.0397 1.6157000000 0.0704
v 0.0313 1.6719000000 0.0319
v 0.0471 1.6138000000 0.0644
v 0.0565 1.5736000000 0.0554
v 0.0063 1.6175000000 0.0811
v 0.0578 1.5792000000 0.0526
v 0.0144 1.6176000000 0.0806
v 0.0273 1.6836000000 -0.0413
v 0.0130 1.5973000000 0.0799
v 0.0389 1.5689000000 0.0711
v 0.0420 1.5684000000 0.0698
v 0.0310 1.6831000000 -0.0298
v 0.0556 1.5713000000 0.0579
v 0.0303 1.6488000000 0.0608
v 0.0094 1.5907000000 0.0780
v 0.0107 1.5937000000 0.0781
v 0.0310 1.6558000000 0.0541
v 0.0314 1.6619000000 0.0472
v 0.0312 1.6792000000 0.0116
v 0.0217 1.5724000000 0.0738
v 0.0574 1.5974000000 0.0556
v 0.0584 1.5910000000 0.0540
v 0.0315 1.6829000000 -0.0157
v 0.0314 1.5700000000 0.0731
v 0.0583 1.5849000000 0.0528
v 0.0155 1.6860000000 -0.0496
v 0.0542 1.5696000000 0.0606
v 0.0320 1.6169000000 0.0750
v 0.0352 1.5693000000 0.0721
v 0.0089 1.5875000000 0.0776
v 0.0170 1.5747000000 0.0740
v 0.0137 1.5777000000 0.0746
v 0.0314 1.6672000000 0.0400
v 0.0112 1.5805000000 0.0756
v 0.0093 1.5841000000 0.0769
v 0.0264 1.5709000000 0.0738
v 0.0286 1.6398000000 0.0673
v 0.0313 1.6817000000 -0.0014
v 0.0455 1.5681000000 0.0680
v 0.0100 1.5823000000 0.0764
v 0.0155 1.6012000000 0.0811
v 0.0233 1.6175000000 0.0788
v 0.0277 1.5217000000 0.0847
v 0.0291 1.5193000000 0.0833
v 0.0285 1.5128000000 0.0813
v 0.0201 1.5276000000 0.0896
v 0.0247 1.5244000000 0.0867
v 0.0184 1.5056000000 0.0884
v 0.0296 1.5172000000 0.0822
v 0.0127 1.5043000000 0.0916
v 0.0295 1.5149000000 0.0815
v 0.0067 1.5037000000 0.0932
v 0.0097 1.5319000000 0.0951
v 0.0049 1.5322000000 0.0964
v 0.0148 1.5303000000 0.0926
v 0.0265 1.5104000000 0.0821
v 0.0235 1.5079000000 0.0845
v 0.0315 1.5838000000 0.0594
v -0.0314 1.5835000000 0.0591
v 0.0299 1.5842000000 0.0721
v 0.0284 1.5842000000 0.0716
v 0.0269 1.5842000000 0.0709
v 0.0257 1.5841000000 0.0699
v 0.0300 1.5845000000 0.0721
v 0.0284 1.5848000000 0.0716
v 0.0270 1.5851000000 0.0708
v 0.0259 1.5853000000 0.0698
v 0.0300 1.5848000000 0.0721
v 0.0286 1.5854000000 0.0716
v 0.0273 1.5859000000 0.0708
v 0.0262 1.5864000000 0.0698
v 0.0302 1.5851000000 0.0721
v 0.0289 1.5860000000 0.0716
v 0.0277 1.5867000000 0.0708
v 0.0267 1.5874000000 0.0698
v 0.0304 1.5853000000 0.0721
v 0.0293 1.5864000000 0.0716
v 0.0283 1.5874000000 0.0708
v 0.0275 1.5883000000 0.0698
v 0.0306 1.5855000000 0.0721
v 0.0298 1.5868000000 0.0716
v 0.0290 1.5880000000 0.0708
v 0.0284 1.5890000000 0.0698
v 0.0309 1.5857000000 0.0721
v 0.0303 1.5871000000 0.0716
v 0.0298 1.5884000000 0.0708
v 0.0294 1.5895000000 0.0698
v 0.0312 1.5858000000 0.0721
v 0.0309 1.5873000000 0.0716
v 0.0307 1.5887000000 0.0708
v 0.0305 1.5899000000 0.0698
v 0.0316 1.5858000000 0.0721
v 0.0316 1.5874000000 0.0716
v 0.0316 1.5888000000 0.0708
v 0.0316 1.5900000000 0.0698
v 0.0319 1.5858000000 0.0721
v 0.0322 1.5873000000 0.0716
v 0.0325 1.5887000000 0.0708
v 0.0327 1.5899000000 0.0698
v 0.0322 1.5857000000 0.0721
v 0.0328 1.5871000000 0.0716
v 0.0333 1.5884000000 0.0708
v 0.0338 1.5895000000 0.0698
v 0.0325 1.5855000000 0.0721
v 0.0333 1.5868000000 0.0716
v 0.0341 1.5880000000 0.0708
v 0.0348 1.5890000000 0.0698
v 0.0327 1.5853000000 0.0721
v 0.0338 1.5864000000 0.0716
v 0.0348 1.5874000000 0.0709
v 0.0357 1.5882000000 0.0699
v 0.0329 1.5851000000 0.0721
v 0.0342 1.5859000000 0.0717
v 0.0354 1.5867000000 0.0709
v 0.0364 1.5874000000 0.0699
v 0.0330 1.5848000000 0.0722
v 0.0345 1.5854000000 0.0717
v 0.0358 1.5859000000 0.0709
v 0.0370 1.5863000000 0.0699
v 0.0331 1.5845000000 0.0722
v 0.0347 1.5848000000 0.0717
v 0.0361 1.5850000000 0.0709
v 0.0373 1.5852000000 0.0700
v 0.0332 1.5842000000 0.0722
v 0.0347 1.5842000000 0.0717
v 0.0362 1.5841000000 0.0710
v 0.0374 1.5841000000 0.0700
v 0.0331 1.5839000000 0.0722
v 0.0347 1.5835000000 0.0717
v 0.0361 1.5832000000 0.0710
v 0.0373 1.5830000000 0.0700
v 0.0330 1.5836000000 0.0722
v 0.0345 1.5829000000 0.0717
v 0.0358 1.5824000000 0.0710
v 0.0369 1.5819000000 0.0701
v 0.0329 1.5833000000 0.0722
v 0.0342 1.5824000000 0.0718
v 0.0354 1.5816000000 0.0710
v 0.0364 1.5809000000 0.0701
v 0.0327 1.5830000000 0.0722
v 0.0338 1.5819000000 0.0718
v 0.0348 1.5809000000 0.0710
v 0.0357 1.5800000000 0.0701
v 0.0324 1.5828000000 0.0722
v 0.0333 1.5815000000 0.0718
v 0.0341 1.5803000000 0.0710
v 0.0348 1.5792000000 0.0701
v 0.0322 1.5827000000 0.0722
v 0.0327 1.5812000000 0.0718
v 0.0333 1.5799000000 0.0710
v 0.0338 1.5787000000 0.0701
v 0.0318 1.5826000000 0.0722
v 0.0322 1.5810000000 0.0718
v 0.0324 1.5796000000 0.0710
v 0.0327 1.5784000000 0.0701
v 0.0315 1.5826000000 0.0722
v 0.0315 1.5810000000 0.0718
v 0.0315 1.5795000000 0.0710
v 0.0315 1.5783000000 0.0701
v 0.0312 1.5826000000 0.0722
v 0.0309 1.5810000000 0.0718
v 0.0306 1.5796000000 0.0710
v 0.0304 1.5784000000 0.0701
v 0.0309 1.5827000000 0.0722
v 0.0303 1.5812000000 0.0717
v 0.0298 1.5799000000 0.0710
v 0.0293 1.5787000000 0.0700
v 0.0306 1.5828000000 0.0722
v 0.0298 1.5815000000 0.0717
v 0.0290 1.5803000000 0.0710
v 0.0283 1.5793000000 0.0700
v 0.0304 1.5830000000 0.0722
v 0.0293 1.5819000000 0.0717
v 0.0283 1.5809000000 0.0710
v 0.0274 1.5800000000 0.0700
v 0.0302 1.5833000000 0.0722
v 0.0289 1.5824000000 0.0717
v 0.0277 1.5816000000 0.0709
v 0.0267 1.5809000000 0.0699
v 0.0315 1.5842000000 0.0723
v 0.0300 1.5836000000 0.0721
v 0.0286 1.5830000000 0.0717
v 0.0273 1.5824000000 0.0709
v 0.0262 1.5819000000 0.0699
v 0.0299 1.5839000000 0.0721
v 0.0284 1.5836000000 0.0717
v 0.0270 1.5833000000 0.0709
v 0.0258 1.5830000000 0.0699
v 0.0246 1.5841000000 0.0690
v 0.0228 1.5841000000 0.0675
v 0.0212 1.5840000000 0.0656
v 0.0201 1.5840000000 0.0635
v 0.0194 1.5839000000 0.0611
v 0.0192 1.5838000000 0.0587
v 0.0195 1.5838000000 0.0563
v 0.0202 1.5837000000 0.0540
v 0.0214 1.5836000000 0.0518
v 0.0230 1.5836000000 0.0500
v 0.0249 1.5835000000 0.0484
v 0.0270 1.5835000000 0.0473
v 0.0294 1.5835000000 0.0466
v 0.0247 1.5855000000 0.0690
v 0.0229 1.5858000000 0.0675
v 0.0214 1.5861000000 0.0656
v 0.0203 1.5862000000 0.0634
v 0.0197 1.5863000000 0.0611
v 0.0195 1.5863000000 0.0586
v 0.0197 1.5862000000 0.0562
v 0.0204 1.5860000000 0.0539
v 0.0216 1.5857000000 0.0518
v 0.0231 1.5853000000 0.0499
v 0.0250 1.5849000000 0.0484
v 0.0271 1.5844000000 0.0473
v 0.0294 1.5839000000 0.0466
v 0.0251 1.5868000000 0.0689
v 0.0235 1.5875000000 0.0674
v 0.0221 1.5880000000 0.0655
v 0.0210 1.5884000000 0.0634
v 0.0204 1.5886000000 0.0610
v 0.0202 1.5886000000 0.0586
v 0.0204 1.5885000000 0.0562
v 0.0211 1.5881000000 0.0539
v 0.0222 1.5876000000 0.0517
v 0.0236 1.5870000000 0.0499
v 0.0254 1.5862000000 0.0484
v 0.0274 1.5853000000 0.0473
v 0.0296 1.5844000000 0.0466
v 0.0258 1.5880000000 0.0689
v 0.0243 1.5890000000 0.0674
v 0.0230 1.5898000000 0.0655
v 0.0221 1.5904000000 0.0633
v 0.0215 1.5907000000 0.0610
v 0.0214 1.5908000000 0.0585
v 0.0216 1.5906000000 0.0561
v 0.0222 1.5901000000 0.0538
v 0.0232 1.5894000000 0.0517
v 0.0245 1.5885000000 0.0498
v 0.0260 1.5874000000 0.0484
v 0.0278 1.5862000000 0.0473
v 0.0298 1.5848000000 0.0466
v 0.0267 1.5891000000 0.0689
v 0.0254 1.5903000000 0.0674
v 0.0243 1.5914000000 0.0655
v 0.0235 1.5921000000 0.0633
v 0.0231 1.5926000000 0.0609
v 0.0229 1.5927000000 0.0585
v 0.0231 1.5925000000 0.0561
v 0.0236 1.5919000000 0.0538
v 0.0245 1.5910000000 0.0517
v 0.0256 1.5898000000 0.0498
v 0.0269 1.5885000000 0.0483
v 0.0284 1.5869000000 0.0472
v 0.0301 1.5852000000 0.0466
v 0.0277 1.5900000000 0.0689
v 0.0267 1.5914000000 0.0674
v 0.0259 1.5927000000 0.0655
v 0.0253 1.5936000000 0.0633
v 0.0249 1.5941000000 0.0609
v 0.0248 1.5942000000 0.0585
v 0.0250 1.5940000000 0.0561
v 0.0254 1.5933000000 0.0538
v 0.0260 1.5923000000 0.0517
v 0.0269 1.5909000000 0.0498
v 0.0280 1.5893000000 0.0483
v 0.0292 1.5875000000 0.0472
v 0.0305 1.5855000000 0.0466
v 0.0289 1.5906000000 0.0689
v 0.0283 1.5922000000 0.0674
v 0.0277 1.5936000000 0.0655
v 0.0273 1.5946000000 0.0633
v 0.0270 1.5952000000 0.0609
v 0.0270 1.5954000000 0.0585
v 0.0271 1.5951000000 0.0561
v 0.0274 1.5944000000 0.0538
v 0.0278 1.5932000000 0.0517
v 0.0284 1.5918000000 0.0498
v 0.0292 1.5900000000 0.0483
v 0.0300 1.5879000000 0.0472
v 0.0309 1.5857000000 0.0466
v 0.0303 1.5910000000 0.0689
v 0.0299 1.5927000000 0.0674
v 0.0296 1.5942000000 0.0655
v 0.0295 1.5953000000 0.0633
v 0.0293 1.5959000000 0.0609
v 0.0293 1.5961000000 0.0585
v 0.0294 1.5958000000 0.0561
v 0.0295 1.5950000000 0.0538
v 0.0298 1.5938000000 0.0517
v 0.0301 1.5923000000 0.0498
v 0.0305 1.5903000000 0.0483
v 0.0309 1.5882000000 0.0472
v 0.0313 1.5859000000 0.0466
v 0.0316 1.5911000000 0.0689
v 0.0316 1.5929000000 0.0674
v 0.0317 1.5944000000 0.0655
v 0.0317 1.5955000000 0.0633
v 0.0317 1.5962000000 0.0610
v 0.0318 1.5963000000 0.0585
v 0.0318 1.5960000000 0.0561
v 0.0318 1.5952000000 0.0538
v 0.0318 1.5940000000 0.0517
v 0.0318 1.5924000000 0.0498
v 0.0318 1.5905000000 0.0483
v 0.0318 1.5883000000 0.0473
v 0.0318 1.5859000000 0.0466
v 0.0330 1.5910000000 0.0689
v 0.0334 1.5927000000 0.0674
v 0.0337 1.5942000000 0.0655
v 0.0339 1.5953000000 0.0633
v 0.0341 1.5959000000 0.0610
v 0.0342 1.5961000000 0.0586
v 0.0342 1.5958000000 0.0561
v 0.0340 1.5950000000 0.0538
v 0.0338 1.5938000000 0.0517
v 0.0335 1.5922000000 0.0499
v 0.0332 1.5903000000 0.0484
v 0.0328 1.5882000000 0.0473
v 0.0323 1.5859000000 0.0466
v 0.0343 1.5906000000 0.0689
v 0.0350 1.5922000000 0.0675
v 0.0356 1.5936000000 0.0656
v 0.0361 1.5946000000 0.0634
v 0.0364 1.5952000000 0.0610
v 0.0365 1.5954000000 0.0586
v 0.0365 1.5951000000 0.0562
v 0.0362 1.5944000000 0.0539
v 0.0358 1.5932000000 0.0518
v 0.0352 1.5917000000 0.0499
v 0.0345 1.5899000000 0.0484
v 0.0336 1.5879000000 0.0473
v 0.0327 1.5857000000 0.0466
v 0.0355 1.5899000000 0.0690
v 0.0365 1.5914000000 0.0675
v 0.0374 1.5926000000 0.0656
v 0.0381 1.5935000000 0.0634
v 0.0385 1.5941000000 0.0611
v 0.0387 1.5942000000 0.0587
v 0.0386 1.5939000000 0.0563
v 0.0382 1.5933000000 0.0539
v 0.0376 1.5923000000 0.0518
v 0.0367 1.5909000000 0.0499
v 0.0357 1.5893000000 0.0484
v 0.0345 1.5875000000 0.0473
v 0.0332 1.5855000000 0.0466
v 0.0366 1.5891000000 0.0690
v 0.0379 1.5903000000 0.0676
v 0.0390 1.5913000000 0.0657
v 0.0398 1.5921000000 0.0635
v 0.0404 1.5925000000 0.0612
v 0.0406 1.5926000000 0.0587
v 0.0404 1.5924000000 0.0563
v 0.0399 1.5918000000 0.0540
v 0.0391 1.5910000000 0.0519
v 0.0380 1.5898000000 0.0500
v 0.0367 1.5884000000 0.0485
v 0.0352 1.5869000000 0.0473
v 0.0335 1.5852000000 0.0466
v 0.0374 1.5880000000 0.0690
v 0.0390 1.5890000000 0.0676
v 0.0403 1.5898000000 0.0657
v 0.0413 1.5903000000 0.0636
v 0.0419 1.5907000000 0.0612
v 0.0421 1.5907000000 0.0588
v 0.0419 1.5905000000 0.0564
v 0.0413 1.5901000000 0.0541
v 0.0404 1.5894000000 0.0519
v 0.0391 1.5885000000 0.0500
v 0.0376 1.5874000000 0.0485
v 0.0358 1.5861000000 0.0474
v 0.0338 1.5848000000 0.0467
v 0.0381 1.5868000000 0.0691
v 0.0398 1.5874000000 0.0677
v 0.0412 1.5880000000 0.0658
v 0.0423 1.5883000000 0.0636
v 0.0430 1.5885000000 0.0613
v 0.0432 1.5886000000 0.0589
v 0.0430 1.5884000000 0.0565
v 0.0424 1.5881000000 0.0541
v 0.0414 1.5876000000 0.0520
v 0.0399 1.5869000000 0.0501
v 0.0382 1.5862000000 0.0485
v 0.0362 1.5853000000 0.0474
v 0.0341 1.5844000000 0.0467
v 0.0385 1.5854000000 0.0691
v 0.0403 1.5858000000 0.0677
v 0.0418 1.5860000000 0.0658
v 0.0429 1.5862000000 0.0637
v 0.0437 1.5862000000 0.0614
v 0.0439 1.5862000000 0.0589
v 0.0437 1.5861000000 0.0565
v 0.0430 1.5859000000 0.0542
v 0.0419 1.5856000000 0.0520
v 0.0404 1.5853000000 0.0501
v 0.0386 1.5849000000 0.0486
v 0.0365 1.5844000000 0.0474
v 0.0342 1.5839000000 0.0467
v 0.0386 1.5841000000 0.0692
v 0.0404 1.5840000000 0.0678
v 0.0420 1.5840000000 0.0659
v 0.0432 1.5839000000 0.0638
v 0.0439 1.5838000000 0.0614
v 0.0442 1.5838000000 0.0590
v 0.0439 1.5837000000 0.0566
v 0.0433 1.5836000000 0.0542
v 0.0421 1.5836000000 0.0521
v 0.0406 1.5835000000 0.0502
v 0.0387 1.5835000000 0.0486
v 0.0366 1.5835000000 0.0474
v 0.0342 1.5835000000 0.0467
v 0.0384 1.5827000000 0.0692
v 0.0402 1.5823000000 0.0678
v 0.0418 1.5819000000 0.0659
v 0.0429 1.5816000000 0.0638
v 0.0436 1.5814000000 0.0615
v 0.0439 1.5813000000 0.0591
v 0.0437 1.5813000000 0.0566
v 0.0430 1.5814000000 0.0543
v 0.0419 1.5815000000 0.0521
v 0.0404 1.5818000000 0.0502
v 0.0386 1.5821000000 0.0486
v 0.0365 1.5825000000 0.0475
v 0.0342 1.5830000000 0.0467
v 0.0380 1.5814000000 0.0692
v 0.0397 1.5806000000 0.0678
v 0.0412 1.5800000000 0.0660
v 0.0423 1.5795000000 0.0639
v 0.0429 1.5791000000 0.0615
v 0.0432 1.5790000000 0.0591
v 0.0430 1.5790000000 0.0567
v 0.0423 1.5792000000 0.0544
v 0.0413 1.5796000000 0.0522
v 0.0399 1.5801000000 0.0503
v 0.0382 1.5808000000 0.0487
v 0.0362 1.5816000000 0.0475
v 0.0340 1.5825000000 0.0467
v 0.0374 1.5802000000 0.0693
v 0.0389 1.5791000000 0.0679
v 0.0402 1.5782000000 0.0660
v 0.0412 1.5775000000 0.0639
v 0.0418 1.5770000000 0.0616
v 0.0420 1.5768000000 0.0592
v 0.0418 1.5769000000 0.0567
v 0.0413 1.5772000000 0.0544
v 0.0403 1.5778000000 0.0522
v 0.0391 1.5786000000 0.0503
v 0.0375 1.5796000000 0.0487
v 0.0357 1.5808000000 0.0475
v 0.0338 1.5821000000 0.0467
v 0.0365 1.5791000000 0.0693
v 0.0378 1.5778000000 0.0679
v 0.0389 1.5766000000 0.0660
v 0.0397 1.5757000000 0.0639
v 0.0403 1.5752000000 0.0616
v 0.0404 1.5749000000 0.0592
v 0.0403 1.5750000000 0.0568
v 0.0398 1.5755000000 0.0544
v 0.0390 1.5762000000 0.0522
v 0.0380 1.5773000000 0.0503
v 0.0367 1.5786000000 0.0487
v 0.0352 1.5801000000 0.0475
v 0.0335 1.5817000000 0.0467
v 0.0354 1.5782000000 0.0693
v 0.0364 1.5767000000 0.0679
v 0.0373 1.5753000000 0.0661
v 0.0380 1.5743000000 0.0639
v 0.0384 1.5736000000 0.0616
v 0.0385 1.5734000000 0.0592
v 0.0384 1.5735000000 0.0568
v 0.0381 1.5740000000 0.0544
v 0.0375 1.5749000000 0.0523
v 0.0366 1.5762000000 0.0503
v 0.0356 1.5777000000 0.0487
v 0.0344 1.5795000000 0.0475
v 0.0331 1.5814000000 0.0467
v 0.0318 1.5835000000 0.0464
v 0.0342 1.5776000000 0.0693
v 0.0349 1.5759000000 0.0679
v 0.0355 1.5744000000 0.0661
v 0.0360 1.5732000000 0.0639
v 0.0363 1.5725000000 0.0616
v 0.0364 1.5722000000 0.0592
v 0.0363 1.5724000000 0.0568
v 0.0361 1.5730000000 0.0544
v 0.0357 1.5740000000 0.0523
v 0.0351 1.5754000000 0.0503
v 0.0344 1.5771000000 0.0487
v 0.0336 1.5790000000 0.0475
v 0.0327 1.5812000000 0.0467
v 0.0329 1.5772000000 0.0693
v 0.0333 1.5754000000 0.0679
v 0.0336 1.5738000000 0.0660
v 0.0338 1.5726000000 0.0639
v 0.0340 1.5718000000 0.0616
v 0.0340 1.5715000000 0.0592
v 0.0340 1.5717000000 0.0568
v 0.0339 1.5723000000 0.0544
v 0.0337 1.5734000000 0.0522
v 0.0334 1.5749000000 0.0503
v 0.0331 1.5767000000 0.0487
v 0.0327 1.5788000000 0.0475
v 0.0323 1.5811000000 0.0467
v 0.0315 1.5771000000 0.0693
v 0.0315 1.5752000000 0.0679
v 0.0315 1.5736000000 0.0660
v 0.0316 1.5724000000 0.0639
v 0.0316 1.5716000000 0.0616
v 0.0316 1.5713000000 0.0592
v 0.0316 1.5715000000 0.0568
v 0.0317 1.5721000000 0.0544
v 0.0317 1.5732000000 0.0522
v 0.0317 1.5747000000 0.0503
v 0.0317 1.5766000000 0.0487
v 0.0318 1.5787000000 0.0475
v 0.0318 1.5810000000 0.0467
v 0.0302 1.5772000000 0.0692
v 0.0298 1.5754000000 0.0678
v 0.0295 1.5738000000 0.0660
v 0.0293 1.5726000000 0.0639
v 0.0292 1.5718000000 0.0616
v 0.0292 1.5715000000 0.0591
v 0.0292 1.5717000000 0.0567
v 0.0294 1.5723000000 0.0544
v 0.0297 1.5734000000 0.0522
v 0.0300 1.5749000000 0.0503
v 0.0304 1.5767000000 0.0487
v 0.0308 1.5788000000 0.0475
v 0.0313 1.5811000000 0.0467
v 0.0289 1.5776000000 0.0692
v 0.0282 1.5759000000 0.0678
v 0.0276 1.5744000000 0.0660
v 0.0272 1.5733000000 0.0638
v 0.0269 1.5725000000 0.0615
v 0.0268 1.5722000000 0.0591
v 0.0270 1.5724000000 0.0567
v 0.0273 1.5730000000 0.0543
v 0.0277 1.5740000000 0.0522
v 0.0283 1.5754000000 0.0502
v 0.0291 1.5771000000 0.0487
v 0.0299 1.5791000000 0.0475
v 0.0309 1.5812000000 0.0467
v 0.0276 1.5783000000 0.0692
v 0.0266 1.5767000000 0.0678
v 0.0258 1.5754000000 0.0659
v 0.0252 1.5743000000 0.0638
v 0.0248 1.5737000000 0.0615
v 0.0247 1.5734000000 0.0590
v 0.0248 1.5735000000 0.0566
v 0.0253 1.5741000000 0.0543
v 0.0259 1.5750000000 0.0521
v 0.0268 1.5762000000 0.0502
v 0.0279 1.5777000000 0.0486
v 0.0291 1.5795000000 0.0474
v 0.0304 1.5814000000 0.0467
v 0.0266 1.5791000000 0.0691
v 0.0253 1.5778000000 0.0677
v 0.0242 1.5767000000 0.0659
v 0.0234 1.5758000000 0.0637
v 0.0230 1.5752000000 0.0614
v 0.0228 1.5750000000 0.0590
v 0.0230 1.5751000000 0.0565
v 0.0235 1.5755000000 0.0542
v 0.0244 1.5763000000 0.0521
v 0.0255 1.5773000000 0.0502
v 0.0269 1.5786000000 0.0486
v 0.0284 1.5801000000 0.0474
v 0.0301 1.5817000000 0.0467
v 0.0257 1.5802000000 0.0691
v 0.0242 1.5792000000 0.0677
v 0.0230 1.5782000000 0.0658
v 0.0220 1.5775000000 0.0637
v 0.0214 1.5771000000 0.0613
v 0.0213 1.5769000000 0.0589
v 0.0215 1.5769000000 0.0565
v 0.0221 1.5773000000 0.0541
v 0.0231 1.5778000000 0.0520
v 0.0244 1.5787000000 0.0501
v 0.0260 1.5797000000 0.0486
v 0.0278 1.5808000000 0.0474
v 0.0298 1.5821000000 0.0467
v 0.0251 1.5814000000 0.0691
v 0.0234 1.5807000000 0.0676
v 0.0220 1.5800000000 0.0657
v 0.0210 1.5795000000 0.0636
v 0.0203 1.5792000000 0.0613
v 0.0201 1.5790000000 0.0588
v 0.0204 1.5791000000 0.0564
v 0.0211 1.5793000000 0.0541
v 0.0221 1.5797000000 0.0519
v 0.0236 1.5802000000 0.0501
v 0.0254 1.5809000000 0.0485
v 0.0274 1.5817000000 0.0474
v 0.0295 1.5825000000 0.0467
v 0.0247 1.5827000000 0.0690
v 0.0229 1.5824000000 0.0676
v 0.0214 1.5820000000 0.0657
v 0.0203 1.5817000000 0.0635
v 0.0196 1.5815000000 0.0612
v 0.0194 1.5814000000 0.0588
v 0.0197 1.5814000000 0.0563
v 0.0204 1.5814000000 0.0540
v 0.0216 1.5816000000 0.0519
v 0.0231 1.5819000000 0.0500
v 0.0250 1.5822000000 0.0485
v 0.0271 1.5826000000 0.0473
v 0.0294 1.5830000000 0.0467
v -0.0327 1.5841000000 0.0723
v -0.0343 1.5841000000 0.0719
v -0.0357 1.5840000000 0.0711
v -0.0370 1.5840000000 0.0702
v -0.0327 1.5844000000 0.0723
v -0.0342 1.5847000000 0.0718
v -0.0357 1.5849000000 0.0711
v -0.0369 1.5851000000 0.0701
v -0.0326 1.5847000000 0.0723
v -0.0340 1.5853000000 0.0718
v -0.0354 1.5858000000 0.0710
v -0.0366 1.5862000000 0.0701
v -0.0324 1.5850000000 0.0722
v -0.0337 1.5858000000 0.0718
v -0.0350 1.5866000000 0.0710
v -0.0360 1.5872000000 0.0700
v -0.0322 1.5852000000 0.0722
v -0.0333 1.5863000000 0.0717
v -0.0344 1.5873000000 0.0710
v -0.0353 1.5881000000 0.0700
v -0.0320 1.5854000000 0.0722
v -0.0329 1.5867000000 0.0717
v -0.0337 1.5879000000 0.0709
v -0.0344 1.5888000000 0.0699
v -0.0317 1.5856000000 0.0722
v -0.0323 1.5870000000 0.0717
v -0.0329 1.5883000000 0.0709
v -0.0334 1.5894000000 0.0699
v -0.0314 1.5857000000 0.0722
v -0.0317 1.5872000000 0.0717
v -0.0320 1.5886000000 0.0709
v -0.0323 1.5897000000 0.0698
v -0.0311 1.5857000000 0.0722
v -0.0311 1.5872000000 0.0716
v -0.0311 1.5886000000 0.0708
v -0.0312 1.5898000000 0.0698
v -0.0308 1.5857000000 0.0722
v -0.0305 1.5872000000 0.0716
v -0.0302 1.5886000000 0.0708
v -0.0300 1.5897000000 0.0698
v -0.0304 1.5856000000 0.0722
v -0.0299 1.5870000000 0.0716
v -0.0293 1.5883000000 0.0708
v -0.0289 1.5894000000 0.0698
v -0.0302 1.5854000000 0.0722
v -0.0293 1.5867000000 0.0716
v -0.0285 1.5879000000 0.0708
v -0.0279 1.5888000000 0.0697
v -0.0299 1.5852000000 0.0722
v -0.0288 1.5863000000 0.0716
v -0.0278 1.5873000000 0.0708
v -0.0270 1.5881000000 0.0698
v -0.0297 1.5850000000 0.0722
v -0.0284 1.5858000000 0.0716
v -0.0273 1.5866000000 0.0708
v -0.0263 1.5872000000 0.0698
v -0.0296 1.5847000000 0.0722
v -0.0281 1.5853000000 0.0716
v -0.0268 1.5858000000 0.0708
v -0.0257 1.5862000000 0.0698
v -0.0295 1.5844000000 0.0722
v -0.0280 1.5847000000 0.0717
v -0.0266 1.5849000000 0.0709
v -0.0254 1.5851000000 0.0698
v -0.0294 1.5841000000 0.0722
v -0.0279 1.5841000000 0.0717
v -0.0265 1.5840000000 0.0709
v -0.0253 1.5840000000 0.0699
v -0.0295 1.5838000000 0.0722
v -0.0279 1.5834000000 0.0717
v -0.0266 1.5831000000 0.0709
v -0.0254 1.5828000000 0.0699
v -0.0296 1.5835000000 0.0722
v -0.0281 1.5828000000 0.0717
v -0.0268 1.5823000000 0.0710
v -0.0257 1.5818000000 0.0700
v -0.0297 1.5832000000 0.0722
v -0.0284 1.5823000000 0.0718
v -0.0272 1.5815000000 0.0710
v -0.0263 1.5808000000 0.0700
v -0.0299 1.5829000000 0.0723
v -0.0288 1.5818000000 0.0718
v -0.0278 1.5808000000 0.0710
v -0.0270 1.5799000000 0.0701
v -0.0302 1.5827000000 0.0723
v -0.0293 1.5814000000 0.0718
v -0.0285 1.5802000000 0.0711
v -0.0279 1.5792000000 0.0701
v -0.0304 1.5826000000 0.0723
v -0.0299 1.5811000000 0.0719
v -0.0293 1.5798000000 0.0711
v -0.0289 1.5786000000 0.0702
v -0.0307 1.5825000000 0.0723
v -0.0305 1.5809000000 0.0719
v -0.0302 1.5795000000 0.0712
v -0.0300 1.5783000000 0.0702
v -0.0311 1.5825000000 0.0723
v -0.0311 1.5809000000 0.0719
v -0.0311 1.5794000000 0.0712
v -0.0311 1.5782000000 0.0702
v -0.0314 1.5825000000 0.0723
v -0.0317 1.5809000000 0.0719
v -0.0320 1.5795000000 0.0712
v -0.0323 1.5783000000 0.0703
v -0.0317 1.5826000000 0.0723
v -0.0323 1.5811000000 0.0719
v -0.0329 1.5798000000 0.0712
v -0.0334 1.5786000000 0.0703
v -0.0320 1.5827000000 0.0723
v -0.0329 1.5814000000 0.0719
v -0.0337 1.5802000000 0.0712
v -0.0344 1.5792000000 0.0703
v -0.0322 1.5829000000 0.0723
v -0.0333 1.5818000000 0.0719
v -0.0344 1.5808000000 0.0712
v -0.0353 1.5799000000 0.0703
v -0.0324 1.5832000000 0.0723
v -0.0337 1.5823000000 0.0719
v -0.0350 1.5815000000 0.0712
v -0.0360 1.5808000000 0.0703
v -0.0311 1.5841000000 0.0724
v -0.0326 1.5835000000 0.0723
v -0.0340 1.5828000000 0.0719
v -0.0354 1.5823000000 0.0712
v -0.0365 1.5818000000 0.0702
v -0.0327 1.5838000000 0.0723
v -0.0342 1.5834000000 0.0719
v -0.0357 1.5831000000 0.0712
v -0.0369 1.5829000000 0.0702
v -0.0382 1.5840000000 0.0694
v -0.0401 1.5839000000 0.0680
v -0.0417 1.5838000000 0.0661
v -0.0429 1.5838000000 0.0640
v -0.0437 1.5837000000 0.0617
v -0.0440 1.5836000000 0.0593
v -0.0439 1.5835000000 0.0568
v -0.0432 1.5834000000 0.0545
v -0.0421 1.5833000000 0.0523
v -0.0406 1.5832000000 0.0504
v -0.0388 1.5832000000 0.0488
v -0.0367 1.5831000000 0.0476
v -0.0343 1.5831000000 0.0468
v -0.0381 1.5853000000 0.0693
v -0.0399 1.5856000000 0.0679
v -0.0415 1.5859000000 0.0660
v -0.0427 1.5860000000 0.0639
v -0.0435 1.5861000000 0.0616
v -0.0438 1.5860000000 0.0592
v -0.0436 1.5859000000 0.0567
v -0.0430 1.5856000000 0.0544
v -0.0419 1.5853000000 0.0522
v -0.0405 1.5850000000 0.0503
v -0.0387 1.5845000000 0.0487
v -0.0366 1.5841000000 0.0475
v -0.0343 1.5836000000 0.0468
v -0.0377 1.5866000000 0.0692
v -0.0394 1.5873000000 0.0678
v -0.0409 1.5878000000 0.0659
v -0.0420 1.5882000000 0.0638
v -0.0428 1.5884000000 0.0615
v -0.0431 1.5883000000 0.0591
v -0.0429 1.5882000000 0.0566
v -0.0424 1.5878000000 0.0543
v -0.0414 1.5873000000 0.0521
v -0.0400 1.5866000000 0.0502
v -0.0383 1.5858000000 0.0487
v -0.0363 1.5850000000 0.0475
v -0.0342 1.5840000000 0.0468
v -0.0370 1.5879000000 0.0692
v -0.0386 1.5888000000 0.0677
v -0.0400 1.5896000000 0.0659
v -0.0410 1.5902000000 0.0637
v -0.0417 1.5905000000 0.0614
v -0.0419 1.5905000000 0.0589
v -0.0418 1.5903000000 0.0565
v -0.0413 1.5898000000 0.0542
v -0.0404 1.5891000000 0.0520
v -0.0392 1.5881000000 0.0501
v -0.0376 1.5870000000 0.0486
v -0.0359 1.5858000000 0.0474
v -0.0339 1.5845000000 0.0467
v -0.0362 1.5889000000 0.0691
v -0.0375 1.5901000000 0.0677
v -0.0387 1.5912000000 0.0658
v -0.0396 1.5919000000 0.0636
v -0.0401 1.5923000000 0.0613
v -0.0404 1.5924000000 0.0588
v -0.0403 1.5921000000 0.0564
v -0.0399 1.5915000000 0.0541
v -0.0391 1.5906000000 0.0519
v -0.0381 1.5895000000 0.0501
v -0.0368 1.5881000000 0.0485
v -0.0353 1.5865000000 0.0474
v -0.0336 1.5848000000 0.0467
v -0.0351 1.5898000000 0.0690
v -0.0362 1.5912000000 0.0676
v -0.0371 1.5924000000 0.0657
v -0.0378 1.5933000000 0.0635
v -0.0383 1.5938000000 0.0612
v -0.0385 1.5939000000 0.0587
v -0.0384 1.5936000000 0.0563
v -0.0381 1.5930000000 0.0540
v -0.0375 1.5919000000 0.0518
v -0.0367 1.5906000000 0.0500
v -0.0357 1.5889000000 0.0485
v -0.0345 1.5871000000 0.0474
v -0.0333 1.5851000000 0.0467
v -0.0339 1.5904000000 0.0690
v -0.0346 1.5920000000 0.0675
v -0.0353 1.5934000000 0.0656
v -0.0358 1.5944000000 0.0634
v -0.0362 1.5950000000 0.0611
v -0.0363 1.5951000000 0.0586
v -0.0363 1.5948000000 0.0562
v -0.0361 1.5940000000 0.0539
v -0.0357 1.5929000000 0.0518
v -0.0352 1.5914000000 0.0499
v -0.0345 1.5896000000 0.0484
v -0.0337 1.5875000000 0.0473
v -0.0328 1.5853000000 0.0467
v -0.0326 1.5908000000 0.0689
v -0.0330 1.5925000000 0.0674
v -0.0333 1.5940000000 0.0655
v -0.0336 1.5950000000 0.0633
v -0.0339 1.5956000000 0.0610
v -0.0340 1.5958000000 0.0585
v -0.0340 1.5955000000 0.0561
v -0.0339 1.5947000000 0.0538
v -0.0338 1.5935000000 0.0517
v -0.0335 1.5919000000 0.0499
v -0.0332 1.5900000000 0.0484
v -0.0328 1.5878000000 0.0473
v -0.0324 1.5855000000 0.0467
v -0.0312 1.5909000000 0.0689
v -0.0312 1.5927000000 0.0674
v -0.0313 1.5942000000 0.0654
v -0.0314 1.5953000000 0.0633
v -0.0315 1.5959000000 0.0609
v -0.0315 1.5960000000 0.0585
v -0.0316 1.5957000000 0.0560
v -0.0317 1.5949000000 0.0537
v -0.0318 1.5937000000 0.0516
v -0.0318 1.5920000000 0.0498
v -0.0319 1.5901000000 0.0483
v -0.0319 1.5879000000 0.0473
v -0.0319 1.5855000000 0.0466
v -0.0298 1.5908000000 0.0689
v -0.0295 1.5925000000 0.0674
v -0.0293 1.5940000000 0.0654
v -0.0291 1.5950000000 0.0632
v -0.0291 1.5956000000 0.0608
v -0.0291 1.5958000000 0.0584
v -0.0292 1.5954000000 0.0560
v -0.0294 1.5947000000 0.0537
v -0.0297 1.5935000000 0.0516
v -0.0301 1.5919000000 0.0498
v -0.0305 1.5900000000 0.0483
v -0.0309 1.5878000000 0.0472
v -0.0314 1.5855000000 0.0466
v -0.0285 1.5904000000 0.0689
v -0.0278 1.5920000000 0.0673
v -0.0273 1.5934000000 0.0654
v -0.0269 1.5944000000 0.0632
v -0.0268 1.5949000000 0.0608
v -0.0267 1.5951000000 0.0584
v -0.0269 1.5947000000 0.0560
v -0.0273 1.5940000000 0.0537
v -0.0278 1.5929000000 0.0516
v -0.0284 1.5914000000 0.0497
v -0.0292 1.5896000000 0.0483
v -0.0300 1.5875000000 0.0472
v -0.0310 1.5853000000 0.0466
v -0.0273 1.5898000000 0.0688
v -0.0263 1.5912000000 0.0673
v -0.0255 1.5924000000 0.0654
v -0.0249 1.5933000000 0.0632
v -0.0246 1.5938000000 0.0608
v -0.0246 1.5939000000 0.0584
v -0.0248 1.5936000000 0.0559
v -0.0253 1.5929000000 0.0536
v -0.0260 1.5919000000 0.0515
v -0.0269 1.5905000000 0.0497
v -0.0280 1.5889000000 0.0483
v -0.0292 1.5871000000 0.0472
v -0.0305 1.5851000000 0.0466
v -0.0262 1.5889000000 0.0689
v -0.0250 1.5901000000 0.0673
v -0.0239 1.5911000000 0.0654
v -0.0232 1.5919000000 0.0632
v -0.0228 1.5923000000 0.0608
v -0.0227 1.5924000000 0.0584
v -0.0229 1.5921000000 0.0559
v -0.0235 1.5915000000 0.0536
v -0.0244 1.5906000000 0.0516
v -0.0255 1.5894000000 0.0497
v -0.0269 1.5881000000 0.0483
v -0.0285 1.5865000000 0.0472
v -0.0302 1.5848000000 0.0466
v -0.0253 1.5878000000 0.0689
v -0.0239 1.5888000000 0.0673
v -0.0226 1.5896000000 0.0654
v -0.0217 1.5901000000 0.0632
v -0.0212 1.5904000000 0.0608
v -0.0211 1.5905000000 0.0584
v -0.0214 1.5902000000 0.0560
v -0.0220 1.5898000000 0.0537
v -0.0231 1.5890000000 0.0516
v -0.0244 1.5881000000 0.0498
v -0.0261 1.5870000000 0.0483
v -0.0279 1.5858000000 0.0472
v -0.0299 1.5844000000 0.0466
v -0.0247 1.5866000000 0.0689
v -0.0230 1.5873000000 0.0674
v -0.0217 1.5878000000 0.0654
v -0.0207 1.5881000000 0.0632
v -0.0201 1.5883000000 0.0609
v -0.0199 1.5883000000 0.0584
v -0.0202 1.5881000000 0.0560
v -0.0210 1.5878000000 0.0537
v -0.0221 1.5872000000 0.0516
v -0.0236 1.5866000000 0.0498
v -0.0254 1.5858000000 0.0483
v -0.0274 1.5849000000 0.0473
v -0.0296 1.5840000000 0.0466
v -0.0243 1.5853000000 0.0689
v -0.0225 1.5856000000 0.0674
v -0.0211 1.5858000000 0.0655
v -0.0200 1.5860000000 0.0633
v -0.0194 1.5860000000 0.0610
v -0.0192 1.5860000000 0.0585
v -0.0195 1.5858000000 0.0561
v -0.0203 1.5856000000 0.0538
v -0.0215 1.5853000000 0.0517
v -0.0231 1.5849000000 0.0498
v -0.0250 1.5845000000 0.0484
v -0.0272 1.5840000000 0.0473
v -0.0295 1.5836000000 0.0467
v -0.0241 1.5839000000 0.0690
v -0.0224 1.5839000000 0.0675
v -0.0209 1.5838000000 0.0656
v -0.0198 1.5837000000 0.0634
v -0.0191 1.5836000000 0.0610
v -0.0190 1.5835000000 0.0586
v -0.0193 1.5835000000 0.0562
v -0.0201 1.5834000000 0.0539
v -0.0213 1.5833000000 0.0518
v -0.0229 1.5832000000 0.0499
v -0.0249 1.5832000000 0.0484
v -0.0271 1.5831000000 0.0473
v -0.0294 1.5831000000 0.0467
v -0.0243 1.5826000000 0.0690
v -0.0225 1.5822000000 0.0676
v -0.0211 1.5818000000 0.0657
v -0.0200 1.5815000000 0.0635
v -0.0194 1.5813000000 0.0611
v -0.0192 1.5811000000 0.0587
v -0.0195 1.5811000000 0.0563
v -0.0203 1.5811000000 0.0540
v -0.0215 1.5813000000 0.0518
v -0.0231 1.5815000000 0.0500
v -0.0250 1.5818000000 0.0485
v -0.0272 1.5822000000 0.0474
v -0.0295 1.5826000000 0.0467
v -0.0247 1.5813000000 0.0691
v -0.0230 1.5805000000 0.0676
v -0.0216 1.5799000000 0.0657
v -0.0206 1.5793000000 0.0636
v -0.0201 1.5790000000 0.0612
v -0.0199 1.5788000000 0.0588
v -0.0202 1.5788000000 0.0564
v -0.0209 1.5790000000 0.0541
v -0.0221 1.5793000000 0.0519
v -0.0236 1.5798000000 0.0501
v -0.0254 1.5805000000 0.0485
v -0.0274 1.5813000000 0.0474
v -0.0296 1.5822000000 0.0467
v -0.0253 1.5801000000 0.0692
v -0.0238 1.5790000000 0.0677
v -0.0226 1.5781000000 0.0658
v -0.0217 1.5773000000 0.0637
v -0.0212 1.5769000000 0.0614
v -0.0211 1.5766000000 0.0589
v -0.0213 1.5767000000 0.0565
v -0.0220 1.5770000000 0.0542
v -0.0230 1.5775000000 0.0520
v -0.0244 1.5783000000 0.0501
v -0.0260 1.5793000000 0.0486
v -0.0279 1.5805000000 0.0474
v -0.0299 1.5817000000 0.0467
v -0.0262 1.5790000000 0.0692
v -0.0249 1.5777000000 0.0678
v -0.0239 1.5765000000 0.0659
v -0.0231 1.5756000000 0.0638
v -0.0227 1.5750000000 0.0615
v -0.0226 1.5748000000 0.0590
v -0.0229 1.5748000000 0.0566
v -0.0234 1.5752000000 0.0543
v -0.0243 1.5760000000 0.0521
v -0.0255 1.5770000000 0.0502
v -0.0269 1.5783000000 0.0487
v -0.0285 1.5798000000 0.0475
v -0.0302 1.5814000000 0.0468
v -0.0272 1.5781000000 0.0693
v -0.0263 1.5766000000 0.0679
v -0.0255 1.5752000000 0.0660
v -0.0249 1.5742000000 0.0639
v -0.0246 1.5735000000 0.0616
v -0.0245 1.5732000000 0.0592
v -0.0247 1.5733000000 0.0567
v -0.0252 1.5738000000 0.0544
v -0.0259 1.5747000000 0.0522
v -0.0268 1.5759000000 0.0503
v -0.0280 1.5774000000 0.0487
v -0.0292 1.5792000000 0.0475
v -0.0305 1.5811000000 0.0468
v -0.0319 1.5831000000 0.0465
v -0.0285 1.5775000000 0.0693
v -0.0278 1.5758000000 0.0680
v -0.0273 1.5743000000 0.0661
v -0.0269 1.5731000000 0.0640
v -0.0267 1.5724000000 0.0617
v -0.0267 1.5721000000 0.0593
v -0.0268 1.5722000000 0.0568
v -0.0272 1.5728000000 0.0545
v -0.0277 1.5737000000 0.0523
v -0.0284 1.5751000000 0.0504
v -0.0292 1.5768000000 0.0488
v -0.0300 1.5787000000 0.0476
v -0.0310 1.5809000000 0.0468
v -0.0298 1.5771000000 0.0694
v -0.0295 1.5753000000 0.0680
v -0.0292 1.5737000000 0.0662
v -0.0291 1.5725000000 0.0641
v -0.0290 1.5717000000 0.0618
v -0.0290 1.5714000000 0.0593
v -0.0291 1.5715000000 0.0569
v -0.0294 1.5721000000 0.0546
v -0.0297 1.5731000000 0.0524
v -0.0300 1.5746000000 0.0504
v -0.0305 1.5764000000 0.0488
v -0.0309 1.5785000000 0.0476
v -0.0314 1.5807000000 0.0468
v -0.0311 1.5770000000 0.0694
v -0.0312 1.5751000000 0.0681
v -0.0312 1.5735000000 0.0662
v -0.0313 1.5722000000 0.0641
v -0.0314 1.5714000000 0.0618
v -0.0315 1.5711000000 0.0594
v -0.0315 1.5713000000 0.0570
v -0.0316 1.5719000000 0.0546
v -0.0317 1.5730000000 0.0524
v -0.0318 1.5744000000 0.0505
v -0.0318 1.5763000000 0.0489
v -0.0319 1.5784000000 0.0476
v -0.0319 1.5807000000 0.0468
v -0.0325 1.5771000000 0.0695
v -0.0329 1.5753000000 0.0681
v -0.0333 1.5737000000 0.0663
v -0.0336 1.5725000000 0.0642
v -0.0338 1.5717000000 0.0619
v -0.0339 1.5714000000 0.0595
v -0.0339 1.5715000000 0.0570
v -0.0339 1.5721000000 0.0547
v -0.0337 1.5732000000 0.0525
v -0.0335 1.5746000000 0.0505
v -0.0332 1.5764000000 0.0489
v -0.0328 1.5785000000 0.0477
v -0.0324 1.5807000000 0.0468
v -0.0338 1.5775000000 0.0695
v -0.0346 1.5758000000 0.0681
v -0.0352 1.5743000000 0.0663
v -0.0357 1.5731000000 0.0642
v -0.0361 1.5724000000 0.0619
v -0.0363 1.5721000000 0.0595
v -0.0362 1.5722000000 0.0571
v -0.0360 1.5728000000 0.0547
v -0.0357 1.5737000000 0.0525
v -0.0351 1.5751000000 0.0505
v -0.0345 1.5768000000 0.0489
v -0.0337 1.5787000000 0.0477
v -0.0328 1.5809000000 0.0469
v -0.0351 1.5782000000 0.0695
v -0.0361 1.5766000000 0.0681
v -0.0370 1.5752000000 0.0663
v -0.0377 1.5742000000 0.0642
v -0.0382 1.5735000000 0.0619
v -0.0384 1.5732000000 0.0595
v -0.0384 1.5733000000 0.0571
v -0.0381 1.5738000000 0.0547
v -0.0375 1.5747000000 0.0525
v -0.0367 1.5759000000 0.0506
v -0.0357 1.5774000000 0.0489
v -0.0345 1.5792000000 0.0477
v -0.0332 1.5811000000 0.0469
v -0.0361 1.5790000000 0.0695
v -0.0375 1.5777000000 0.0681
v -0.0386 1.5765000000 0.0663
v -0.0395 1.5756000000 0.0642
v -0.0401 1.5750000000 0.0619
v -0.0403 1.5748000000 0.0595
v -0.0402 1.5749000000 0.0571
v -0.0398 1.5753000000 0.0547
v -0.0391 1.5760000000 0.0525
v -0.0380 1.5770000000 0.0505
v -0.0367 1.5783000000 0.0489
v -0.0352 1.5798000000 0.0477
v -0.0336 1.5814000000 0.0469
v -0.0370 1.5801000000 0.0695
v -0.0386 1.5790000000 0.0681
v -0.0399 1.5781000000 0.0663
v -0.0410 1.5774000000 0.0642
v -0.0416 1.5769000000 0.0619
v -0.0419 1.5767000000 0.0595
v -0.0418 1.5767000000 0.0570
v -0.0413 1.5770000000 0.0547
v -0.0404 1.5776000000 0.0525
v -0.0391 1.5784000000 0.0505
v -0.0376 1.5793000000 0.0489
v -0.0358 1.5805000000 0.0477
v -0.0339 1.5818000000 0.0468
v -0.0377 1.5813000000 0.0694
v -0.0394 1.5805000000 0.0681
v -0.0409 1.5799000000 0.0663
v -0.0420 1.5794000000 0.0641
v -0.0428 1.5790000000 0.0618
v -0.0431 1.5788000000 0.0594
v -0.0429 1.5788000000 0.0570
v -0.0423 1.5790000000 0.0546
v -0.0413 1.5794000000 0.0524
v -0.0400 1.5799000000 0.0505
v -0.0383 1.5805000000 0.0489
v -0.0363 1.5813000000 0.0476
v -0.0341 1.5822000000 0.0468
v -0.0381 1.5826000000 0.0694
v -0.0399 1.5822000000 0.0680
v -0.0415 1.5818000000 0.0662
v -0.0427 1.5815000000 0.0641
v -0.0435 1.5813000000 0.0618
v -0.0438 1.5812000000 0.0594
v -0.0436 1.5811000000 0.0569
v -0.0430 1.5812000000 0.0546
v -0.0419 1.5813000000 0.0524
v -0.0405 1.5815000000 0.0504
v -0.0387 1.5818000000 0.0488
v -0.0366 1.5822000000 0.0476
v -0.0343 1.5826000000 0.0468
f 4 2 1
f 8 6 5
f 13 15 14
f 17 19 18
f 32 30 29
f 36 34 33
f 37 39 38
f 21 23 20
f 25 27 24
f 41 43 42
f 48 46 45
f 52 50 49
f 53 55 54
f 60 58 57
f 29 62 61
f 66 64 63
f 67 6 68
f 72 70 69
f 76 74 73
f 77 79 78
f 81 83 82
f 59 86 85
f 88 90 89
f 96 94 93
f 100 98 97
f 101 103 102
f 106 34 87
f 108 115 107
f 117 36 118
f 124 126 125
f 131 129 128
f 132 134 133
f 142 140 139
f 148 60 147
f 144 127 124
f 149 151 150
f 156 154 153
f 159 158 157
f 116 164 105
f 171 169 168
f 174 173 172
f 179 181 180
f 186 188 187
f 194 196 195
f 199 139 198
f 206 208 207
f 213 211 210
f 202 214 201
f 96 216 54
f 92 43 44
f 97 246 100
f 250 229 228
f 252 58 253
f 258 256 255
f 260 229 259
f 110 112 113
f 114 263 109
f 265 267 266
f 56 270 269
f 274 249 250
f 185 63 64
f 280 278 276
f 285 283 157
f 288 211 212
f 141 92 46
f 289 175 176
f 148 105 106
f 312 170 171
f 238 42 43
f 318 160 317
f 310 308 307
f 241 325 324
f 160 240 317
f 47 307 308
f 108 315 164
f 345 86 119
f 348 350 349
f 356 358 357
f 355 353 352
f 363 32 362
f 149 150 176
f 364 253 365
f 366 368 367
f 183 371 63
f 163 161 160
f 209 101 208
f 378 165 166
f 379 381 380
f 383 3 4
f 284 386 385
f 387 389 388
f 391 229 249
f 73 397 396
f 405 407 406
f 203 411 410
f 414 413 412
f 1 357 4
f 277 131 275
f 254 57 58
f 358 415 351
f 417 386 408
f 401 192 420
f 419 127 143
f 421 182 422
f 103 302 409
f 428 368 174
f 380 359 356
f 62 266 323
f 140 431 430
f 357 351 348
f 356 379 380
f 415 403 434
f 437 436 435
f 438 440 439
f 188 450 449
f 452 454 453
f 265 181 421
f 224 64 225
f 237 213 427
f 275 128 458
f 281 460 459
f 50 79 461
f 73 282 281
f 468 466 465
f 390 352 359
f 482 484 483
f 489 487 486
f 493 495 494
f 472 470 469
f 502 500 499
f 220 222 223
f 512 143 66
f 518 511 80
f 513 230 286
f 205 31 244
f 189 451 188
f 163 532 8
f 533 225 251
f 446 447 412
f 335 540 334
f 544 546 545
f 329 291 292
f 199 262 238
f 385 416 550
f 532 191 247
f 363 118 243
f 236 237 250
f 578 580 579
f 573 571 570
f 561 562 272
f 241 259 240
f 590 592 591
f 545 595 594
f 503 155 504
f 606 624 623
f 478 480 479
f 646 648 647
f 590 689 684
f 564 651 650
f 728 184 727
f 714 716 715
f 692 575 693
f 541 581 578
f 346 248 400
f 161 230 160
f 128 94 95
f 698 704 703
f 574 576 575
f 290 401 328
f 630 725 726
f 733 735 734
f 755 496 493
f 759 481 760
f 757 762 761
f 764 466 467
f 768 9260 9261
f 759 488 489
f 492 475 771
f 474 769 473
f 773 465 772
f 771 486 483
f 484 775 491
f 774 489 486
f 495 764 756
f 495 761 494
f 137 784 136
f 325 797 547
f 165 51 52
f 369 29 370
f 730 568 569
f 90 301 89
f 243 516 242
f 800 806 805
f 817 808 816
f 816 823 822
f 306 447 807
f 815 809 808
f 829 828 825
f 726 501 502
f 274 424 423
f 879 881 880
f 884 879 885
f 219 217 211
f 906 904 897
f 455 205 542
f 898 830 829
f 903 880 881
f 906 897 898
f 377 519 165
f 923 948 946
f 946 951 950
f 8963 739 8961
f 900 886 880
f 225 65 144
f 182 442 422
f 809 947 824
f 954 962 961
f 927 965 966
f 885 880 886
f 925 966 967
f 343 341 340
f 965 971 968
f 968 970 969
f 972 969 973
f 963 981 978
f 336 338 339
f 992 827 828
f 810 996 959
f 1007 1002 1008
f 1012 827 1009
f 1011 1007 1008
f 294 292 291
f 907 920 919
f 1017 1019 1018
f 1020 1022 1021
f 1035 1020 1044
f 1061 1047 1046
f 1063 1046 1062
f 1044 1021 1045
f 1102 1097 1109
f 1116 1118 1117
f 1016 1014 1013
f 881 904 903
f 816 1127 817
f 1094 949 1097
f 514 167 515
f 146 81 82
f 1133 1130 1129
f 1102 1126 822
f 822 1116 816
f 1145 1148 1136
f 1076 1151 1069
f 1148 1086 1087
f 1109 1114 1136
f 1154 1156 1155
f 1153 967 1156
f 8815 463 9166
f 1144 1152 1151
f 1156 1163 1162
f 1164 1169 1165
f 1145 1176 1147
f 1114 1154 1171
f 1183 1164 1177
f 1184 1177 1185
f 1069 1062 1064
f 1023 1194 1022
f 1162 1170 1169
f 1195 1185 1191
f 1183 1176 1155
f 1201 1152 1196
f 1061 1201 1202
f 9277 843 9288
f 1203 1195 1034
f 1202 1184 1195
f 1218 1203 1217
f 1060 1202 1203
f 1225 1217 1219
f 671 694 670
f 1219 1024 1035
f 1217 1034 1024
f 1226 1015 1227
f 1243 1234 1233
f 1231 1229 1228
f 847 1233 843
f 843 1244 878
f 1233 1245 1244
f 1923 233 216
f 2100 499 500
f 9366 2135 9352
f 61 323 505
f 210 217 457
f 1299 1309 1300
f 9315 1231 9314
f 1066 1321 1322
f 1322 1228 1229
f 1060 1321 1047
f 1325 1323 1310
f 1244 1332 1330
f 1290 1242 1288
f 1337 1339 1338
f 1330 1340 1339
f 1341 1245 1294
f 1342 1332 1341
f 1343 1341 1344
f 1344 1294 1293
f 9309 1345 1346
f 1347 1342 1343
f 9308 1295 1345
f 1349 1348 1347
f 9313 1347 9305
f 9305 1343 9309
f 906 829 1353
f 905 1353 1354
f 865 1355 1357
f 1355 829 825
f 1357 825 826
f 1356 1353 1355
f 9286 1338 9285
f 866 1356 865
f 1358 1354 1356
f 9280 1337 9286
f 838 1012 841
f 1363 1338 1339
f 1368 1339 1340
f 1348 1340 1342
f 1371 9276 9281
f 524 526 523
f 528 530 527
f 1372 1369 1371
f 535 537 538
f 1367 1348 1350
f 1370 1359 1369
f 1369 9285 9276
f 1373 903 904
f 555 557 558
f 1374 910 1373
f 1373 905 1375
f 1374 1375 1376
f 1375 1354 1370
f 1378 908 1377
f 376 651 1387
f 1388 973 969
f 586 588 585
f 1390 1388 1391
f 1391 969 970
f 597 599 596
f 600 602 603
f 1392 970 979
f 608 610 607
f 612 523 611
f 614 616 613
f 617 25 24
f 620 622 619
f 1397 1391 1392
f 1398 1392 1399
f 1400 920 1378
f 1402 1165 1169
f 636 638 635
f 930 1402 929
f 641 643 644
f 929 1169 1170
f 1404 1403 1402
f 1411 1365 1406
f 1412 1415 1414
f 652 654 655
f 609 657 658
f 659 661 662
f 558 586 585
f 665 667 664
f 1413 1406 1412
f 1418 9262 9265
f 1417 1371 1416
f 1416 9281 9262
f 1419 1416 1418
f 1386 1374 1420
f 677 679 676
f 1385 1420 1421
f 1420 1376 1422
f 685 687 688
f 1421 1422 1423
f 528 691 658
f 1422 1372 1417
f 1018 747 1425
f 699 701 702
f 1424 579 1017
f 9115 1767 9112
f 700 711 712
f 1093 9206 1571
f 717 530 719
f 721 723 720
f 704 8987 8998
f 19 1426 1430
f 1429 1427 1426
f 1658 8986 8988
f 1439 1434 1438
f 1437 1435 1434
f 1426 1433 1432
f 1442 1432 1440
f 742 744 745
f 1432 1441 1440
f 751 753 750
f 1438 1403 1405
f 1446 1444 1443
f 1447 1446 1443
f 9312 1443 9300
f 1415 1445 1446
f 1414 1446 1448
f 2173 469 470
f 777 779 686
f 780 782 783
f 1676 1806 1675
f 9311 1349 9313
f 789 791 788
f 745 793 742
f 652 795 653
f 1455 1457 1456
f 1454 1350 1452
f 610 802 801
f 9283 698 703
f 1352 1045 1351
f 1015 1459 1460
f 811 813 814
f 2118 9269 2117
f 819 821 818
f 1466 1194 1190
f 1467 1465 1466
f 1182 1468 1467
f 832 833 831
f 835 837 834
f 1467 1190 1182
f 1469 1444 1445
f 840 712 690
f 1453 1469 1454
f 599 845 846
f 1226 9301 9307
f 851 853 850
f 855 856 854
f 858 860 857
f 861 863 864
f 1014 9307 9310
f 867 868 869
f 870 872 873
f 874 876 877
f 1310 1471 1309
f 1476 1427 1475
f 1461 1475 1460
f 887 889 890
f 788 892 891
f 894 896 893
f 1460 1227 1015
f 901 524 612
f 1465 1477 1464
f 1865 8944 1864
f 911 913 914
f 916 918 915
f 1850 8951 1851
f 921 895 894
f 1479 1436 1478
f 926 667 601
f 1481 563 1480
f 269 84 1482
f 931 933 916
f 934 614 869
f 936 688 937
f 938 662 939
f 1484 122 123
f 941 835 834
f 320 509 510
f 1849 8949 1850
f 84 1484 83
f 1487 1488 539
f 1757 8946 8953
f 365 1491 364
f 461 80 511
f 117 362 1496
f 1494 541 1495
f 926 957 958
f 1477 1433 1476
f 1709 1585 1700
f 119 1496 345
f 271 504 156
f 511 189 186
f 345 1492 365
f 255 344 254
f 57 299 132
f 1501 268 1500
f 267 1499 145
f 974 976 977
f 1678 1693 1676
f 9298 1807 9292
f 557 663 558
f 983 984 985
f 1443 9301 9300
f 421 268 265
f 989 991 988
f 1490 418 1504
f 279 309 310
f 997 676 679
f 998 999 875
f 1504 38 1505
f 1506 1507 1486
f 360 1508 1506
f 1506 207 360
f 939 1006 938
f 270 1483 269
f 66 546 512
f 1010 793 935
f 367 437 1509
f 244 363 243
f 1670 8978 1669
f 209 1510 226
f 235 1512 1511
f 1511 234 235
f 388 426 425
f 427 250 237
f 161 521 231
f 100 45 44
f 1025 608 1027
f 1029 1031 1028
f 939 1033 1032
f 41 594 99
f 1036 783 1037
f 702 1038 1039
f 1040 1042 1043
f 362 369 1493
f 187 477 186
f 70 539 198
f 1511 1521 234
f 1049 603 1048
f 613 869 614
f 860 1051 857
f 1005 1053 1006
f 753 1056 1054
f 1057 1059 1055
f 293 1522 292
f 288 1521 1522
f 292 1523 329
f 331 1508 1524
f 306 453 305
f 100 41 99
f 462 78 79
f 330 1524 462
f 635 1068 636
f 1485 1526 1528
f 206 1528 1510
f 1070 1072 831
f 942 1073 1074
f 916 1075 917
f 440 1530 439
f 157 1514 285
f 1529 5 1530
f 371 546 63
f 790 663 791
f 1077 857 1078
f 1403 1435 1165
f 1080 1082 1079
f 531 1529 440
f 21 1084 1085
f 272 1531 561
f 137 396 397
f 690 802 691
f 335 9011 581
f 1090 1029 1091
f 1092 794 1042
f 1533 137 138
f 661 1095 1096
f 69 445 72
f 1099 1101 1098
f 38 1536 1505
f 1104 1106 1103
f 852 1108 853
f 1377 909 1386
f 291 411 294
f 316 516 33
f 539 1533 534
f 1505 316 313
f 1110 1112 1113
f 1539 460 264
f 522 1537 1539
f 834 1120 1119
f 1122 1124 1121
f 612 1041 901
f 935 615 614
f 276 130 131
f 1686 8966 1685
f 193 1541 273
f 231 1540 287
f 556 982 557
f 365 85 345
f 190 318 1541
f 1810 9018 8972
f 9376 8956 9243
f 1132 985 1131
f 208 102 132
f 1134 662 661
f 1491 80 77
f 429 1542 147
f 1137 915 918
f 172 428 174
f 1139 1141 1142
f 549 54 55
f 1517 1518 296
f 976 1146 938
f 834 984 941
f 1543 286 115
f 1544 239 513
f 133 1544 1542
f 506 257 258
f 420 328 401
f 1158 1160 1157
f 587 1103 588
f 1513 1514 151
f 607 1027 608
f 304 1545 303
f 364 77 506
f 69 198 139
f 1006 976 938
f 700 1112 701
f 9329 8969 9239
f 1166 657 656
f 1167 858 1077
f 1300 8968 1299
f 1172 1174 1175
f 218 200 217
f 1179 1181 1178
f 372 97 98
f 89 227 88
f 1186 1188 1189
f 172 1517 1549
f 1482 81 1498
f 1090 1193 1030
f 394 353 1551
f 526 1198 1197
f 811 858 812
f 1199 1026 1025
f 606 697 696
f 1204 1206 743
f 1207 523 526
f 1209 867 613
f 914 685 936
f 1478 1441 1477
f 1029 1161 1091
f 1211 1213 1214
f 9310 1451 9311
f 844 1216 845
f 423 273 274
f 1220 1222 1083
f 22 1224 23
f 882 897 881
f 1519 173 387
f 1189 1232 1178
f 349 550 416
f 1071 1236 1072
f 1237 1239 745
f 1221 1189 1240
f 1510 1512 333
f 939 1241 1005
f 1556 5 67
f 1553 394 1551
f 404 67 347
f 1247 1249 1246
f 142 238 92
f 1251 635 1250
f 850 1253 851
f 1254 1077 1255
f 57 133 429
f 443 552 551
f 1187 1175 1188
f 1256 831 833
f 432 382 383
f 741 747 746
f 434 351 415
f 349 383 348
f 251 1481 1480
f 395 352 353
f 1518 1550 1551
f 1558 378 340
f 109 314 315
f 285 1513 407
f 395 393 392
f 202 410 1558
f 417 405 432
f 1246 1258 1247
f 3 297 2
f 1259 1261 1262
f 403 347 284
f 955 953 952
f 462 51 330
f 1096 687 1263
f 429 60 57
f 896 1265 932
f 1267 1268 1266
f 423 327 420
f 37 180 40
f 20 1187 1186
f 1256 1071 1070
f 155 156 504
f 1188 1269 1232
f 1236 1271 1262
f 1272 535 621
f 565 463 464
f 1273 745 1239
f 876 1255 1274
f 316 164 315
f 437 503 1509
f 194 1495 197
f 1275 864 863
f 624 631 630
f 1277 1137 1278
f 569 567 566
f 1481 125 366
f 324 547 326
f 1279 1107 1280
f 1525 329 1523
f 1281 1137 918
f 171 1553 1552
f 1488 396 1533
f 1557 1562 1559
f 1282 1206 1205
f 1053 1278 1281
f 778 607 1283
f 713 9010 9013
f 251 144 124
f 4 348 383
f 709 707 706
f 728 45 246
f 261 1563 544
f 789 1287 790
f 74 263 282
f 403 385 434
f 1178 1240 1189
f 1223 1289 1224
f 158 150 151
f 1220 1186 1221
f 296 354 433
f 784 1538 1566
f 1181 1291 1222
f 1269 1257 1246
f 1566 438 399
f 136 1566 1564
f 1563 169 1565
f 107 109 108
f 1297 1298 1296
f 1464 1476 1461
f 1520 507 508
f 1301 1303 1304
f 1306 1308 1305
f 175 1532 272
f 1532 200 201
f 1311 1312 1313
f 872 1315 1316
f 1317 1318 1319
f 9288 878 9280
f 1305 864 1276
f 1040 863 1320
f 1564 399 169
f 592 1575 591
f 591 1088 689
f 1581 1583 1582
f 1196 1147 1176
f 710 583 713
f 285 408 386
f 953 961 963
f 1594 1589 1593
f 1585 1587 1586
f 1592 1590 1589
f 9337 944 9351
f 1600 1598 1597
f 1604 1602 1601
f 1399 979 980
f 1589 1596 1595
f 1610 1608 1607
f 298 361 360
f 551 276 277
f 1627 9266 9271
f 859 818 860
f 1078 1328 1329
f 1555 1530 1556
f 572 680 681
f 772 776 774
f 977 918 917
f 404 392 393
f 1054 750 753
f 1644 1643 1642
f 932 1082 933
f 1067 1334 1068
f 1540 264 114
f 597 643 1336
f 471 762 470
f 1642 9283 9294
f 1644 9294 9295
f 923 950 927
f 96 548 95
f 520 522 521
f 445 443 442
f 849 848 842
f 480 755 493
f 1646 481 1639
f 311 1567 170
f 464 8941 8939
f 8941 1361 8939
f 234 236 235
f 190 192 191
f 153 152 149
f 231 286 230
f 1552 1551 1550
f 760 1648 488
f 9284 1649 9282
f 828 826 825
f 52 166 165
f 1663 1661 1660
f 287 115 286
f 668 670 669
f 634 640 639
f 553 559 554
f 118 33 516
f 492 491 490
f 8996 1651 8997
f 582 584 583
f 384 392 415
f 1381 1383 1380
f 1562 435 436
f 952 951 947
f 8973 583 584
f 1660 1667 1666
f 1394 1396 1393
f 1660 1664 1663
f 1671 1669 1668
f 1624 1673 1672
f 1407 1409 1410
f 1677 1675 1674
f 1613 1677 1625
f 1679 1676 1677
f 1626 9263 9266
f 534 198 539
f 176 150 159
f 803 734 800
f 400 191 192
f 65 143 144
f 8970 1656 8984
f 402 157 283
f 629 627 626
f 461 49 50
f 758 495 756
f 796 786 785
f 406 1513 1560
f 342 166 167
f 1694 1658 1695
f 1692 1694 1696
f 9001 1652 8996
f 9373 1703 9375
f 326 302 90
f 9368 1702 1706
f 9371 1698 1701
f 1699 9379 9370
f 1557 1560 1561
f 1127 1117 1128
f 400 289 346
f 1706 1707 1708
f 1707 1599 1600
f 1709 1708 1588
f 1714 1711 1713
f 9371 1709 1700
f 1704 1577 1703
f 1716 1713 1715
f 1559 1549 297
f 1722 1720 1719
f 1335 596 1489
f 410 377 378
f 973 1163 972
f 168 399 398
f 1571 1089 1093
f 1572 682 1571
f 749 647 754
f 1730 1723 1729
f 1594 1729 1592
f 1729 1591 1592
f 1731 1730 1583
f 1384 1377 1379
f 1732 1712 1714
f 1724 1731 1732
f 1712 1731 1580
f 1722 1732 1733
f 1721 1733 1734
f 1734 1716 1717
f 1735 1736 1697
f 1733 1714 1716
f 1663 1741 1668
f 1742 1740 1743
f 1738 1737 1735
f 1665 1666 1740
f 1665 1744 1664
f 1725 1746 1745
f 1591 1745 1590
f 1590 1747 1596
f 1745 1748 1747
f 1659 8982 8986
f 5650 8989 5617
f 1185 1182 1190
f 1664 1749 1741
f 1741 1739 1738
f 1746 1743 1748
f 1726 1742 1746
f 1153 924 925
f 1115 1153 1154
f 1654 9019 1655
f 1896 8993 1686
f 1720 1744 1726
f 1721 1749 1720
f 1750 1701 1698
f 1697 1750 1696
f 1151 1063 1062
f 1751 1670 1671
f 1695 1752 1751
f 961 986 981
f 1770 1768 1767
f 1766 1593 1765
f 1731 1579 1580
f 1579 1774 1578
f 9380 1771 9381
f 1764 9380 9369
f 1777 1775 1774
f 9214 1699 1700
f 1004 1128 1003
f 1774 1771 1772
f 987 1399 980
f 1578 1772 1764
f 1783 1781 1778
f 1597 1770 1767
f 639 9347 9336
f 9380 1769 1770
f 1793 1789 1788
f 9381 1798 1769
f 8952 9225 1806
f 1802 9376 9374
f 1788 1794 1793
f 1793 1795 1776
f 9225 1675 1806
f 1584 1783 1789
f 1771 9372 9381
f 1801 1798 1800
f 1768 1798 1799
f 1775 1797 1771
f 508 515 1520
f 1796 1802 1797
f 1800 9372 9374
f 1794 1804 1795
f 8976 1752 8991
f 485 1807 775
f 9261 1640 768
f 9289 1810 1653
f 485 1640 1808
f 1690 9222 9224
f 487 1648 1811
f 9291 1816 9274
f 9290 1648 9282
f 9291 1811 9290
f 1812 487 1811
f 1641 767 768
f 465 755 776
f 767 9275 9260
f 9274 9278 9299
f 1809 1815 767
f 9289 1651 9292
f 675 8985 8940
f 1814 1822 1821
f 1821 9273 9272
f 1824 1649 1825
f 1827 1850 1805
f 1668 1662 1663
f 1779 1848 1828
f 1790 1805 1794
f 1833 1853 1852
f 8965 693 575
f 1614 1616 1617
f 1852 8942 8945
f 1620 1622 1623
f 1855 1574 1861
f 1847 8945 8957
f 1766 1855 1782
f 1629 1631 1628
f 1633 1634 1632
f 1635 1637 1638
f 1848 1852 1847
f 1855 1863 1862
f 1803 1867 1802
f 1862 1831 1832
f 1782 1862 1781
f 9374 1865 1800
f 1873 1870 1869
f 1874 799 804
f 2045 9349 2044
f 1219 1295 1225
f 1615 1396 1395
f 9336 1877 1876
f 645 9238 9003
f 1345 1035 1346
f 634 9336 9332
f 15 1327 14
f 9362 1878 1893
f 1894 605 1893
f 8950 627 693
f 9004 645 9003
f 340 454 1558
f 1897 195 1898
f 1889 1877 1890
f 1901 129 1900
f 196 754 232
f 1705 9373 9368
f 340 166 343
f 1570 563 561
f 1904 194 1897
f 1781 1832 1780
f 1905 55 1906
f 1000 995 996
f 986 920 987
f 1191 1190 1194
f 2094 2075 2093
f 1920 1919 1915
f 453 1912 1911
f 1915 1918 1916
f 9334 2106 9353
f 1655 8975 1868
f 1916 1926 1925
f 704 9005 703
f 278 1925 1900
f 9009 1818 1820
f 1097 1115 1114
f 1927 727 1923
f 9030 9106 9210
f 1920 307 1929
f 1929 48 728
f 503 1497 1509
f 1902 787 796
f 1816 9272 9278
f 1925 1923 1924
f 1535 1568 1534
f 254 258 255
f 1509 366 367
f 119 35 36
f 219 293 294
f 141 47 431
f 542 244 245
f 1940 430 431
f 1779 1827 1790
f 1701 9367 9371
f 1661 8959 1667
f 270 754 647
f 197 749 196
f 1727 1212 1211
f 53 232 754
f 1465 1479 1478
f 1284 9306 1293
f 1951 412 413
f 168 1554 1553
f 1486 206 207
f 506 78 361
f 994 1007 993
f 951 963 964
f 1013 9313 1351
f 9278 1820 1818
f 1498 1954 1482
f 299 543 132
f 1754 1756 1753
f 1681 1683 1682
f 1696 1695 1697
f 13 738 737
f 473 475 474
f 482 768 1640
f 204 30 205
f 1761 820 819
f 611 1125 612
f 1501 1908 1909
f 1074 711 699
f 1960 82 83
f 120 1960 123
f 35 87 34
f 1773 1025 1031
f 1965 1569 1535
f 494 471 479
f 1966 1969 1968
f 446 1971 1967
f 174 125 126
f 1580 1578 1577
f 1785 1787 1784
f 1972 304 305
f 1254 875 999
f 1973 342 514
f 321 1973 509
f 1910 275 1907
f 509 514 508
f 1486 1527 1485
f 1974 804 1975
f 1977 1974 1978
f 1980 1966 1981
f 379 2 295
f 1718 1710 1701
f 884 992 883
f 1680 1678 1679
f 902 525 524
f 344 256 299
f 135 137 136
f 236 228 333
f 448 1967 1966
f 589 604 584
f 910 908 907
f 1981 1968 1987
f 1982 1987 1979
f 1988 1987 1989
f 1990 1989 1991
f 1991 1993 1992
f 322 320 319
f 992 830 883
f 1144 1086 1143
f 1995 1978 1994
f 1133 1118 1126
f 1997 1994 1996
f 870 1335 1489
f 805 1982 1998
f 727 2000 1999
f 1996 1988 1990
f 1994 1979 1988
f 1829 792 1273
f 1830 941 983
f 798 800 799
f 729 731 730
f 2011 2023 2022
f 1834 846 1159
f 402 284 347
f 2022 2024 2025
f 1838 989 988
f 810 952 809
f 1823 1840 644
f 1430 1432 1431
f 1215 1841 1079
f 149 176 177
f 1316 873 872
f 2112 1384 2106
f 1842 1844 1845
f 1159 845 1160
f 837 1846 1120
f 1971 2030 2027
f 517 370 189
f 858 833 812
f 1471 2027 1888
f 8995 626 627
f 2174 770 490
f 935 1854 1010
f 1613 1611 1618
f 1231 1225 1295
f 1856 891 892
f 1300 748 741
f 1150 1858 1859
f 1643 696 1642
f 1215 1264 1216
f 1320 902 901
f 1956 1944 1960
f 2031 669 1474
f 2034 1310 1299
f 1879 1656 1657
f 40 242 39
f 1992 2039 1456
f 888 957 889
f 1882 1996 1990
f 1078 1255 1077
f 1871 1192 1090
f 294 218 219
f 1323 2026 1471
f 123 83 1484
f 1324 2041 1323
f 384 359 352
f 1324 2038 2036
f 1883 1885 1829
f 287 114 107
f 1096 1134 661
f 915 931 916
f 806 1981 1982
f 8977 584 604
f 1425 2042 1018
f 1018 1948 1017
f 9006 740 8963
f 1948 649 646
f 1881 1990 1991
f 1900 130 278
f 992 994 993
f 923 925 924
f 9330 2047 9328
f 1643 625 606
f 2050 2051 2049
f 2045 1404 2047
f 9328 945 9337
f 1139 1079 1841
f 1037 892 982
f 2055 2057 2056
f 1198 718 717
f 1619 1612 1611
f 2058 1606 2059
f 2059 1607 2058
f 2058 1624 1605
f 71 179 37
f 405 1557 382
f 976 1006 977
f 322 1972 1911
f 2061 2063 2062
f 2066 2067 1825
f 2052 2064 2051
f 1609 2066 1647
f 1515 152 1516
f 1009 993 1007
f 1644 9267 2118
f 279 1916 278
f 1285 9314 1284
f 1647 1825 1649
f 2056 2067 2065
f 319 1953 1952
f 667 1913 1914
f 2070 625 2048
f 2052 2055 2063
f 2038 1655 1458
f 1606 2073 2072
f 1235 1270 1236
f 2072 2075 2074
f 2059 2072 2062
f 2074 2077 2076
f 1601 2078 2073
f 2049 1643 1645
f 1000 1001 994
f 1089 684 689
f 1931 1306 1930
f 1462 1021 1022
f 1932 1934 1935
f 875 1846 998
f 1936 1937 1938
f 44 46 92
f 1534 1956 120
f 1541 317 391
f 2081 2084 2083
f 146 1959 300
f 1360 1942 1361
f 985 1032 1033
f 1995 1892 2043
f 2079 2082 2081
f 2095 2076 2077
f 2081 2078 2079
f 2055 2054 2053
f 501 2095 500
f 2097 2099 2098
f 2098 2094 2083
f 2140 9345 9318
f 2141 9346 9345
f 2051 2048 2049
f 592 2101 1576
f 2071 2076 2096
f 2102 2098 2101
f 593 2102 592
f 1019 746 747
f 1950 12 1327
f 725 2096 501
f 1385 2104 1379
f 1379 2106 1384
f 2107 2100 2097
f 9360 502 9348
f 9348 499 9353
f 940 2109 944
f 928 1170 973
f 9320 684 9351
f 1962 1964 1961
f 9330 573 9349
f 2039 1968 1969
f 1389 2110 2109
f 1398 2113 1397
f 9209 9205 9195
f 9363 2107 2103
f 949 924 1115
f 260 324 326
f 1390 2113 2110
f 2070 2064 2071
f 9319 2103 593
f 2105 1421 2114
f 2114 1423 2115
f 9344 2115 9355
f 9360 2114 9344
f 554 1902 553
f 972 967 966
f 1765 1573 1574
f 1984 1986 1983
f 2053 2069 2057
f 9017 724 714
f 1625 1674 1673
f 9333 2119 2122
f 9355 2123 9356
f 56 1906 55
f 626 9331 629
f 2001 2003 2004
f 9364 2127 9359
f 2006 2008 2009
f 2127 1412 2128
f 2014 2016 2017
f 2018 2020 2021
f 1495 1947 197
f 1379 1386 1385
f 9266 1680 1618
f 2029 1884 2028
f 9354 2120 9339
f 629 9366 9324
f 682 943 1089
f 724 2121 716
f 1757 9273 9297
f 765 9296 9261
f 9303 715 9304
f 706 9322 9324
f 981 987 980
f 1457 1656 1880
f 2017 2032 2033
f 1458 1868 1457
f 1776 1792 1793
f 1959 1946 1958
f 9115 9177 9113
f 9365 2122 9302
f 1093 689 1088
f 966 968 972
f 9304 9333 9365
f 2172 2170 2171
f 670 2137 669
f 9213 1903 233
f 1429 28 1449
f 964 978 971
f 9293 1413 2127
f 1473 669 2137
f 9286 1359 1358
f 2138 1870 2137
f 1872 2137 1870
f 715 9340 9333
f 1881 1992 1880
f 9295 739 740
f 1837 8957 8958
f 253 59 85
f 1808 9292 1807
f 1647 9270 1609
f 9317 671 668
f 2112 9335 2111
f 1405 2044 1438
f 9281 1364 1366
f 273 391 249
f 576 8964 8999
f 9327 668 2031
f 1430 2140 2139
f 2136 9312 28
f 1430 18 19
f 9345 570 695
f 1442 2046 2141
f 1431 2141 2140
f 9321 9302 2136
f 9260 1817 766
f 9318 695 671
f 2142 798 2138
f 571 2142 694
f 9271 1618 1611
f 2143 2025 2142
f 694 2138 670
f 681 2144 572
f 2144 2022 2143
f 328 457 290
f 1572 2011 2144
f 630 9355 624
f 2085 2087 2088
f 2090 2092 2089
f 572 2143 571
f 1875 2153 2149
f 1873 2149 2154
f 2103 2097 2102
f 2157 2155 2156
f 2128 1414 2120
f 9326 589 582
f 9324 628 629
f 2149 2158 2159
f 2159 9357 9342
f 698 9354 705
f 9275 9279 1817
f 2158 9326 9357
f 1438 2046 1439
f 2035 2160 2161
f 2161 9341 9338
f 9323 605 589
f 9325 18 9327
f 370 61 451
f 649 413 648
f 2153 2156 2158
f 1428 1449 1450
f 1490 73 1488
f 9342 710 633
f 2155 9343 9323
f 1456 1880 1992
f 2125 2087 2124
f 2160 9342 9341
f 300 505 323
f 1064 1046 1065
f 2043 1891 2155
f 2129 2004 2003
f 2131 2133 2134
f 9300 1450 1449
f 1998 804 805
f 9331 9316 9366
f 474 490 770
f 1164 1182 1177
f 707 9361 9322
f 708 2162 707
f 2162 9338 9361
f 548 1905 458
f 1145 1114 1171
f 705 1650 704
f 2043 1977 1995
f 737 554 559
f 1034 1191 1023
f 458 1907 275
f 195 232 233
f 2040 1969 1970
f 2145 2147 2148
f 2054 2049 1645
f 9284 1639 9270
f 9 11 10
f 252 506 258
f 472 479 471
f 1865 9243 8947
f 900 910 907
f 1941 2151 1942
f 1921 1927 1919
f 2163 1898 2116
f 271 153 178
f 1904 12 9
f 282 264 460
f 1872 2154 2035
f 1326 1897 2163
f 628 693 627
f 1724 1719 1723
f 1549 436 172
f 1582 1730 1729
f 1921 1929 1928
f 9007 10 11
f 2152 1950 1949
f 475 774 771
f 769 2171 473
f 2171 476 473
f 476 772 475
f 1791 464 1760
f 2166 2168 2169
f 595 372 98
f 483 1641 482
f 762 2173 470
f 771 484 492
f 486 1809 483
f 297 1517 296
f 763 2174 762
f 776 759 489
f 184 2176 2000
f 412 303 414
f 2005 185 224
f 9263 1682 9298
f 2164 756 764
f 1472 2161 2162
f 950 964 965
f 2177 2179 2180
f 227 1510 333
f 764 467 2164
f 2182 2184 2181
f 2186 2018 2185
f 1985 2181 1986
f 214 729 1531
f 1545 1546 1569
f 865 842 866
f 849 1357 1362
f 452 1558 454
f 559 3188 737
f 16 737 3188
f 560 498 374
f 3193 3195 3194
f 3200 3198 3199
f 3211 3213 3212
f 3215 3217 3216
f 2187 2002 2001
f 3233 3235 3234
f 3223 3222 3224
f 3229 3231 3230
f 3245 3247 3246
f 2169 2189 2190
f 2192 2085 2191
f 2193 2195 2196
f 2198 2200 2197
f 1998 1979 1975
f 9116 9120 9123
f 3253 3255 3254
f 2116 1903 1902
f 1859 2009 1150
f 9356 2126 9358
f 1135 1087 1130
f 2201 2015 2014
f 1149 110 1858
f 3261 3263 3262
f 3269 3271 3270
f 3265 3267 3266
f 3229 3284 3283
f 3289 3291 3290
f 3299 3301 3300
f 3307 3264 3308
f 3293 3295 3294
f 3297 3224 3298
f 3319 3291 3320
f 3322 3318 3315
f 3314 3312 3311
f 3285 3287 3286
f 3332 3218 3215
f 3329 3330 3328
f 3324 3227 3298
f 3298 3326 3324
f 2203 2205 2206
f 579 1895 1019
f 1755 2208 1756
f 3337 3339 3338
f 9343 1893 605
f 1211 2150 1727
f 868 2210 2209
f 3347 3349 3348
f 944 930 940
f 2130 2202 2201
f 233 1898 195
f 665 750 666
f 1167 999 618
f 2211 2213 2214
f 2215 2217 2218
f 9319 590 9320
f 2220 220 2219
f 823 948 1094
f 3375 3377 3376
f 3393 3391 3390
f 3353 3357 3356
f 3363 3365 3364
f 3402 3404 3403
f 266 455 265
f 9334 2107 9335
f 2221 8963 8961
f 2223 2225 2226
f 2207 2124 2208
f 3293 3336 3286
f 673 9321 9316
f 817 996 815
f 2227 2146 2145
f 1947 646 749
f 9352 17 9325
f 2229 1638 1381
f 1679 1618 1680
f 1637 2232 2230
f 2233 1617 1616
f 2231 2236 2237
f 3406 3408 3407
f 1381 2238 1382
f 9038 2242 9039
f 3414 3341 3415
f 1630 2233 1631
f 1681 472 469
f 1408 2243 2244
f 3423 3425 3424
f 3433 3263 3307
f 3434 3430 3435
f 3440 3442 3441
f 3444 3446 3445
f 3436 3450 3439
f 3442 3456 3455
f 1637 2238 1638
f 3445 3437 3438
f 3448 3440 3449
f 1409 1634 2245
f 1380 2247 2246
f 1628 2245 1621
f 3463 3465 3464
f 3308 3462 3307
f 2249 1622 1633
f 1632 1408 2244
f 2248 1631 2250
f 3478 3480 3479
f 3509 3511 3510
f 2235 1637 1636
f 3505 3507 3506
f 3457 3199 3198
f 631 2071 725
f 515 52 49
f 782 2251 1251
f 2253 2255 2252
f 397 459 784
f 1456 2040 1455
f 2040 2036 1455
f 3434 3518 3517
f 1401 2111 1398
f 2041 1970 2026
f 3367 3338 3368
f 1535 414 1965
f 1586 2080 2079
f 2256 1132 1886
f 3528 3530 3529
f 3519 3520 3517
f 3537 3506 3538
f 3543 3545 3544
f 1700 9370 9371
f 3486 3550 3549
f 3455 3497 3563
f 3558 3559 3323
f 3456 3500 3497
f 3572 3252 3249
f 3308 3285 3569
f 3316 3574 3573
f 3575 3479 3533
f 3576 3578 3577
f 3580 3582 3581
f 3584 3586 3585
f 3505 3588 3503
f 3589 3591 3590
f 3600 3602 3601
f 3542 3595 3594
f 3604 3592 3589
f 3611 3613 3612
f 3622 3624 3623
f 3618 3620 3619
f 3626 3628 3627
f 3644 3646 3645
f 3634 3636 3635
f 3638 3641 3640
f 9267 1686 9269
f 1263 1886 1096
f 3613 3654 3614
f 598 844 599
f 2257 2259 2260
f 2258 2262 2259
f 2259 2263 2216
f 2260 2216 2215
f 1967 1970 1969
f 2212 1963 2213
f 922 2218 2217
f 1312 1101 2264
f 1307 1286 789
f 1548 1546 1972
f 2266 2268 2265
f 2265 2270 2269
f 2272 2269 2271
f 2273 2265 2272
f 2275 2277 2274
f 2278 2277 2279
f 2284 9069 9091
f 2287 2286 2281
f 2288 2283 2287
f 2290 9091 9072
f 2291 2293 2294
f 2295 2294 2279
f 2296 2291 2295
f 2297 2292 2291
f 2294 2299 2300
f 2279 2300 2278
f 2298 2302 2292
f 2292 2303 2293
f 2293 2304 2299
f 2304 2306 2299
f 2306 2300 2299
f 2308 2310 2307
f 2302 2310 2303
f 2301 2307 2302
f 2312 2307 2311
f 2313 2315 2316
f 2318 2320 2317
f 9200 2322 2323
f 2324 2273 2326
f 2313 2326 2327
f 2328 2313 2316
f 2329 2324 2328
f 2331 2333 2330
f 2330 2267 2266
f 2325 2266 2273
f 2329 2330 2325
f 2333 2335 2267
f 2336 2333 2332
f 2338 2332 2337
f 2331 2337 2332
f 2329 2339 2331
f 2328 2340 2329
f 2316 2341 2328
f 2342 2315 2343
f 2344 2346 2347
f 2341 2347 2340
f 2342 2344 2341
f 2348 2345 2344
f 2350 2352 2353
f 2339 2353 2337
f 2340 2350 2339
f 2347 2351 2350
f 2337 2354 2338
f 2353 2355 2354
f 2356 2276 2357
f 2356 2358 2359
f 2356 2296 2295
f 2279 2356 2295
f 2360 2270 2268
f 2267 2360 2268
f 2362 2364 2365
f 2362 2361 2358
f 2366 2358 2357
f 2366 2363 2362
f 2357 2368 2366
f 2366 2369 2367
f 2276 2370 2368
f 2368 2282 2369
f 2372 2374 2371
f 2375 2377 2007
f 2378 2380 2381
f 2382 2381 2383
f 2384 2378 2382
f 2385 2379 2378
f 2388 2390 2387
f 2387 2392 2391
f 2393 2387 2391
f 2394 2388 2387
f 2186 2402 2400
f 2403 2327 2326
f 2272 2326 2273
f 2271 2403 2272
f 2405 2404 2403
f 2404 2408 2327
f 2409 2411 2412
f 2409 2271 2269
f 2413 2269 2270
f 2413 2410 2409
f 2417 2416 2418
f 2417 2406 2405
f 2412 2405 2271
f 2411 2417 2412
f 2406 2407 2404
f 9013 632 713
f 2420 2397 2421
f 2420 2423 2422
f 2424 2422 2419
f 2424 2398 2420
f 2425 2392 2426
f 2421 2426 2423
f 2397 2425 2421
f 2396 2391 2425
f 2427 2315 2314
f 2427 2408 2428
f 2430 2428 2429
f 2343 2427 2430
f 2432 2430 2431
f 2431 2429 2433
f 2435 2433 2434
f 2436 2431 2435
f 2428 2407 2437
f 2422 2407 2419
f 2438 2422 2423
f 2429 2437 2438
f 2440 2433 2439
f 2441 2433 2429
f 2442 2439 2441
f 2443 2440 2439
f 2445 2444 2443
f 2447 2443 2442
f 2383 2445 2447
f 2381 2446 2445
f 2448 2423 2426
f 2449 2426 2392
f 2441 2449 2442
f 2441 2438 2448
f 2449 2390 2450
f 2450 2389 2451
f 2447 2451 2383
f 2442 2450 2447
f 2451 2453 2452
f 2452 2455 2454
f 2382 2454 2384
f 2383 2452 2382
f 2456 2373 2372
f 2459 2461 2458
f 2463 2465 2462
f 2462 2285 2284
f 2466 2284 2290
f 2467 2462 2466
f 2461 9155 9153
f 2468 2470 2471
f 2472 2471 2473
f 2474 9153 9140
f 2475 2477 2478
f 2458 2453 2479
f 2479 2389 2388
f 2395 2479 2388
f 2480 2458 2479
f 2481 2483 2478
f 2484 2485 221
f 2471 2464 2463
f 2473 2463 2467
f 2487 2466 2486
f 2486 2290 2488
f 2490 2488 2489
f 2491 2486 2490
f 2492 2467 2487
f 2493 2487 2491
f 2494 2492 2493
f 2495 2473 2492
f 9142 2474 9140
f 9143 2496 9142
f 2498 2493 2499
f 2500 2499 2501
f 9152 2498 2500
f 9139 2494 2498
f 2306 2278 2300
f 2305 2504 2306
f 2504 2507 2506
f 2506 2288 2508
f 2274 2508 2275
f 2278 2506 2274
f 9085 2489 2488
f 9072 2488 2290
f 2507 2289 2288
f 2505 2509 2507
f 2508 2287 2511
f 2511 2281 2280
f 2370 2280 2282
f 2275 2511 2370
f 2512 2489 2513
f 2514 2513 2515
f 2517 2514 2516
f 2517 2490 2512
f 2499 2491 2517
f 2499 2516 2501
f 2510 2519 2518
f 2518 2521 2520
f 9068 2520 9073
f 9084 2518 9068
f 2522 2303 2310
f 2523 2310 2309
f 2305 2522 2524
f 2524 2523 2525
f 2519 2525 2521
f 2505 2524 2519
f 2308 2527 2526
f 2526 2529 2528
f 2531 2528 2530
f 2309 2526 2531
f 1214 2151 1211
f 2419 2418 2424
f 2533 2349 2317
f 2534 2317 2320
f 2535 2533 2534
f 2536 2345 2533
f 2537 2346 2536
f 2538 2536 2535
f 2539 2537 2538
f 2540 2351 2537
f 2312 2541 2527
f 2527 2542 2529
f 2543 2434 2544
f 2545 2544 2546
f 2319 2543 2545
f 2318 2435 2543
f 2514 2548 2547
f 2547 2550 2549
f 2552 2549 2551
f 2552 2514 2547
f 2520 2554 2553
f 2553 2556 2555
f 9042 2555 9045
f 9073 2553 9042
f 2523 2531 2557
f 2557 2530 2558
f 2525 2557 2559
f 2559 2558 2560
f 2554 2560 2556
f 2521 2559 2554
f 2561 2007 2006
f 2376 2225 2377
f 2564 2566 2563
f 2563 338 2567
f 2569 2567 2568
f 2570 2563 2569
f 2572 2574 2571
f 2571 2576 2575
f 2544 2575 2546
f 2544 2572 2571
f 2578 2569 2577
f 2579 2569 2568
f 2574 2579 2576
f 2573 2577 2574
f 2581 2583 2580
f 2584 2583 2585
f 9149 2580 2584
f 9128 2580 9127
f 2582 2552 2583
f 2583 2551 2585
f 2500 2589 2588
f 2590 2589 2591
f 9145 2588 2590
f 9147 2500 2588
f 2501 2591 2589
f 2592 2594 2595
f 2386 2503 2502
f 2596 2386 2374
f 2596 2373 2597
f 2599 2597 2598
f 2599 2379 2596
f 2600 2380 2599
f 2600 2598 2601
f 2603 2601 2602
f 2603 2446 2600
f 2604 2602 2605
f 2440 2605 2434
f 2444 2604 2440
f 2606 2581 2607
f 2606 2590 2591
f 2591 2582 2606
f 9128 2456 9141
f 9141 2372 9145
f 2478 2608 2481
f 2609 2611 2199
f 2564 2613 2612
f 2612 2598 2597
f 2457 2597 2373
f 2565 2612 2457
f 2614 2570 2578
f 2615 2578 2573
f 2602 2614 2615
f 2601 2613 2614
f 2572 2605 2616
f 2616 2602 2615
f 2573 2616 2615
f 1459 1045 1021
f 1265 1079 1082
f 1612 1609 1611
f 2067 2069 2068
f 1135 1136 1148
f 1938 2618 2617
f 95 458 128
f 2058 1608 1612
f 1454 1445 1367
f 655 1048 2619
f 722 2621 723
f 3665 3634 3666
f 1131 1033 1134
f 562 366 1497
f 1723 1725 1591
f 1786 1122 1787
f 267 323 266
f 1325 1654 2038
f 1468 1435 1479
f 658 529 528
f 8 247 7
f 382 1559 3
f 3631 3680 3630
f 788 1307 789
f 940 929 928
f 911 2623 912
f 2621 655 654
f 2624 2625 2626
f 998 27 26
f 635 2626 2625
f 2627 644 1840
f 2628 1840 2629
f 1200 2627 2628
f 1199 641 2627
f 1520 49 477
f 1452 1349 1451
f 2630 1859 1858
f 644 1335 1823
f 3683 3699 3698
f 1197 717 2632
f 2632 719 1166
f 2628 1166 1200
f 2629 2632 2628
f 1762 1050 821
f 1823 873 1839
f 2634 794 652
f 1028 1027 1161
f 1042 2635 1043
f 93 1901 1924
f 2036 1458 1455
f 1527 1525 1526
f 877 1274 1277
f 134 797 1544
f 1328 931 1329
f 607 1091 1161
f 1043 2637 2636
f 2636 2639 2638
f 1275 2638 1276
f 1275 1043 2636
f 1272 2626 2640
f 2640 638 637
f 1110 2640 637
f 536 2640 2641
f 1472 1474 1473
f 2042 1951 649
f 3668 3633 3669
f 1058 1105 1059
f 2642 2643 2644
f 1192 2644 1193
f 912 2642 1192
f 9350 8970 9238
f 1049 2620 2621
f 616 1885 613
f 1331 666 750
f 990 1198 525
f 1911 321 322
f 1298 1205 2645
f 76 1504 75
f 1502 421 422
f 610 658 691
f 1146 659 938
f 2646 914 936
f 1280 1238 1279
f 975 2647 2648
f 2647 975 974
f 1453 1452 1451
f 1514 158 151
f 835 1843 1842
f 1271 1173 1289
f 2649 813 2650
f 1893 1826 1894
f 1050 1937 1051
f 2651 814 813
f 1006 1281 977
f 2653 2654 2655
f 1001 1003 1002
f 585 679 558
f 2624 621 620
f 555 2028 556
f 1207 1197 2629
f 1626 478 472
f 3729 3731 3730
f 3746 3748 3747
f 3770 3750 3753
f 426 419 1567
f 1030 1773 1031
f 9350 634 9332
f 534 138 262
f 1125 1042 1041
f 333 88 227
f 569 561 730
f 3691 3693 3692
f 1489 871 870
f 1857 620 891
f 1673 9222 9215
f 622 864 1308
f 2647 974 2657
f 619 891 620
f 261 545 262
f 393 1556 404
f 2658 2647 2657
f 1075 2657 917
f 1081 2658 1075
f 1080 2659 2658
f 2644 1141 2660
f 2660 1140 1336
f 642 1336 643
f 1193 2660 642
f 679 555 558
f 3762 3764 3763
f 1503 1500 1502
f 1318 1101 1100
f 2661 1139 1142
f 2661 2663 2662
f 2662 2659 2661
f 2662 2622 2664
f 2664 911 2646
f 2648 2646 1146
f 2648 2662 2664
f 3586 3779 3777
f 2083 2093 2081
f 1442 1437 1439
f 3732 3733 3731
f 519 330 51
f 1885 1209 613
f 799 805 804
f 1946 1952 1953
f 1302 1253 1252
f 3741 3757 3756
f 3660 3662 3661
f 566 224 533
f 1389 928 1388
f 683 681 680
f 836 1842 2665
f 2665 1845 1303
f 2666 1303 1302
f 24 2665 2666
f 831 2650 832
f 1845 1304 1303
f 2010 2012 2011
f 1051 2667 2668
f 1522 1511 1523
f 531 441 522
f 782 1251 1250
f 1250 2625 2669
f 2669 1857 1856
f 783 1856 1037
f 782 2669 783
f 720 2671 721
f 1055 1930 1056
f 1333 1251 2251
f 619 1308 1307
f 652 2619 2634
f 521 1539 1540
f 1838 537 2672
f 2672 536 2641
f 1113 2641 1110
f 1113 1838 2672
f 1016 1351 1045
f 9349 570 9346
f 226 104 101
f 9008 9279 1818
f 1036 1884 1883
f 2674 1304 2673
f 2673 1844 2675
f 1334 2675 1039
f 1333 2673 1334
f 2676 1039 2675
f 1843 2675 1844
f 942 2676 1843
f 1074 702 2676
f 811 859 858
f 752 1055 753
f 1200 656 1026
f 1120 874 2677
f 2677 877 1052
f 1241 1052 1005
f 1119 2677 1241
f 1560 151 1515
f 1208 611 523
f 215 736 214
f 1460 1462 1461
f 3717 3719 3718
f 1208 1839 873
f 854 1282 1297
f 3682 3696 3681
f 72 182 179
f 544 1565 512
f 217 456 457
f 3673 3781 3780
f 2047 930 945
f 1204 1937 2633
f 913 686 685
f 3705 3707 3706
f 840 1113 1112
f 1531 730 561
f 2678 1283 801
f 601 1914 602
f 1537 459 460
f 1819 8953 8971
f 991 862 538
f 2679 1073 1830
f 3776 3581 3582
f 2680 983 2256
f 779 2256 1263
f 778 2680 779
f 2678 1830 2680
f 180 245 40
f 1886 1131 1134
f 3766 3767 3749
f 1138 1274 1255
f 3777 3585 3586
f 1841 1140 1139
f 75 314 74
f 193 420 192
f 2681 1099 1098
f 3658 3587 3659
f 170 1565 169
f 349 417 432
f 1121 2684 2683
f 547 409 302
f 123 121 120
f 2643 1142 1141
f 1542 513 1543
f 899 907 919
f 1210 676 867
f 791 982 892
f 24 837 836
f 893 932 931
f 1860 863 862
f 535 862 861
f 3640 3683 3638
f 832 813 812
f 2650 813 832
f 1569 1547 1568
f 181 542 180
f 660 937 688
f 2013 568 2012
f 3781 3644 3782
f 887 2631 2630
f 1524 361 78
f 520 162 1529
f 2653 854 2685
f 1238 2655 2686
f 718 527 530
f 1492 518 1491
f 792 615 793
f 599 1835 596
f 290 456 175
f 312 1552 425
f 1248 1179 1249
f 153 177 178
f 1240 1222 1221
f 1257 1235 1071
f 1291 1083 1222
f 1052 1277 1053
f 743 2618 1204
f 444 430 443
f 23 1172 1187
f 2687 1180 1179
f 102 409 134
f 1283 610 801
f 373 650 651
f 1180 1084 1291
f 855 2655 1237
f 1173 1917 1174
f 2689 853 2688
f 2688 1108 1279
f 2686 1279 1238
f 2687 2688 2686
f 2691 1252 2690
f 2690 850 2689
f 1248 2689 2687
f 1248 2691 2690
f 2692 24 2666
f 2691 2666 1302
f 1247 2692 2691
f 1258 617 2692
f 394 1555 393
f 2693 1259 1223
f 1072 1262 1261
f 1257 1168 1258
f 398 1555 1554
f 871 1314 872
f 1178 1249 1179
f 1224 1173 1172
f 1010 2618 742
f 1175 1292 1269
f 2654 2686 2655
f 2694 1216 1264
f 71 1487 70
f 701 1111 1038
f 1072 2649 2650
f 1085 22 21
f 895 1264 896
f 1601 1605 1604
f 1259 1271 1289
f 21 1220 1083
f 988 538 537
f 3533 3535 3532
f 598 1336 1140
f 820 1762 821
f 1050 818 821
f 1298 1761 2652
f 1168 618 617
f 3629 3670 3628
f 858 1256 833
f 39 516 1536
f 2652 819 814
f 313 315 314
f 2026 1971 2027
f 2656 596 1835
f 814 818 811
f 2696 813 2649
f 1260 2649 1261
f 2693 2696 1260
f 2697 2651 2696
f 381 390 380
f 9270 1611 1609
f 1475 1428 1227
f 1292 1917 1235
f 1551 354 1518
f 1526 1523 1511
f 1593 1595 1573
f 1232 1246 1249
f 2695 1223 22
f 2698 1296 2697
f 2698 2693 2695
f 2685 2695 1085
f 2685 1297 2698
f 562 271 272
f 2652 1296 1298
f 1365 1364 1363
f 1958 1953 1957
f 585 2210 997
f 1561 1515 435
f 975 1146 976
f 347 68 346
f 1038 636 1068
f 2700 780 2699
f 2699 1036 1883
f 2701 1883 1829
f 851 2699 2701
f 2674 2251 2702
f 2702 781 2700
f 1253 2700 851
f 1301 2702 1253
f 1519 388 1550
f 1273 1280 2703
f 2703 1107 852
f 2701 852 851
f 1829 2703 2701
f 91 326 90
f 1784 2656 1785
f 2683 2705 2704
f 604 8943 8977
f 1669 8992 1662
f 2062 2060 2059
f 621 861 622
f 2023 732 2024
f 686 1263 687
f 857 2668 1328
f 883 882 879
f 3648 3650 3649
f 637 1111 1110
f 2668 893 1328
f 3692 3711 3691
f 2667 894 2668
f 1039 1068 1334
f 313 1504 1505
f 1911 305 453
f 1936 1964 2212
f 2707 2401 2183
f 2708 2183 2182
f 738 2116 554
f 3785 3709 3786
f 2349 2432 2436
f 2711 2020 2019
f 2400 2019 2186
f 2714 2716 2713
f 2717 2719 2720
f 2721 2723 2724
f 2726 2728 2725
f 2725 2730 2729
f 2731 2729 2709
f 2732 2725 2731
f 2734 2736 2733
f 2738 2740 2737
f 2737 2741 2742
f 2744 2746 2743
f 2745 2748 2747
f 2749 2747 2751
f 2753 2751 2752
f 2250 2246 2248
f 3417 3419 3418
f 2754 1614 2755
f 9050 2755 9061
f 9060 2747 9061
f 1617 2755 1614
f 2242 1620 2757
f 3429 3431 3430
f 2191 2760 2759
f 2761 2760 2762
f 9100 2761 9101
f 9075 2759 9100
f 3209 3354 3355
f 1395 2236 2235
f 1395 1636 1615
f 3741 3790 3740
f 1616 2229 2233
f 3410 3412 3411
f 1617 2763 2756
f 2756 9080 9060
f 2765 2234 1630
f 2766 9080 9074
f 3202 3458 3459
f 1516 435 1515
f 2768 8996 8997
f 1495 578 1424
f 2135 28 17
f 8970 2773 2774
f 1690 9378 9377
f 2778 2780 2777
f 2777 2781 2782
f 2784 2777 2783
f 8999 575 576
f 1494 9 540
f 8973 2015 9010
f 451 505 450
f 2786 2788 2785
f 2779 2785 2780
f 2789 2741 2740
f 2790 2752 2789
f 2792 2794 2791
f 2793 2796 2794
f 2796 2750 2749
f 2794 2749 2753
f 2798 1396 2754
f 9043 2754 9050
f 2798 2800 1393
f 9043 2799 2798
f 2797 2795 2801
f 2791 2753 2790
f 216 232 54
f 9256 2807 9255
f 9257 2804 9255
f 2769 9001 8996
f 183 184 97
f 2811 2775 2776
f 2804 2776 2805
f 2809 2811 2804
f 2812 2813 2814
f 9257 2816 9247
f 9248 2815 9247
f 9250 2820 2821
f 9245 2819 9250
f 2824 2735 2819
f 2823 2824 2819
f 2825 2826 2724
f 9245 2827 9244
f 9248 2826 9244
f 2713 2829 2828
f 2828 2831 2830
f 2822 2828 2830
f 2821 2713 2828
f 2832 2822 2830
f 2833 2830 2831
f 2834 2832 2833
f 2835 2827 2832
f 2837 2839 2836
f 2836 2841 2840
f 2842 2840 2727
f 2843 2836 2842
f 2840 2845 2844
f 2718 2845 2719
f 2730 2844 2718
f 2727 2844 2728
f 2846 2719 2845
f 2846 2841 2847
f 2829 2847 2831
f 2829 2716 2846
f 2847 2839 2848
f 2848 2838 2849
f 2833 2849 2834
f 2831 2848 2833
f 2850 2851 2852
f 2853 2852 2854
f 2783 2782 2855
f 2785 2853 2856
f 2780 2856 2781
f 2857 2855 2782
f 2859 2782 2781
f 2861 2842 2860
f 2860 2727 2726
f 2862 2726 2732
f 2863 2860 2862
f 2861 2858 2857
f 2843 2857 2859
f 2856 2854 2864
f 2781 2864 2859
f 2837 2859 2864
f 2838 2864 2854
f 2852 2834 2849
f 2854 2849 2838
f 2865 2818 2835
f 2851 2835 2834
f 2813 2815 2865
f 2814 2865 2851
f 2866 2814 2850
f 2788 2850 2853
f 2866 2787 2867
f 2812 2867 2775
f 1892 1890 1891
f 2720 2846 2870
f 298 256 257
f 2872 2713 2820
f 9246 2735 2734
f 2729 2874 2873
f 2846 2715 2870
f 2876 2878 2875
f 2733 2878 2734
f 9258 2879 2880
f 9258 2872 9246
f 2882 2884 2881
f 2881 2715 2714
f 2880 2714 2872
f 2879 2881 2880
f 2885 2887 2888
f 2888 2890 2885
f 2885 2892 2891
f 2893 2885 2891
f 1942 2532 2894
f 2895 2720 2870
f 2884 2870 2715
f 2883 2895 2884
f 2896 2892 2895
f 2889 2717 2890
f 2890 2720 2892
f 2897 2891 2896
f 2898 2896 2883
f 2899 2883 2882
f 2900 2882 2879
f 9249 2879 9259
f 2876 2901 2877
f 2901 2904 2903
f 1785 1835 1834
f 2905 2899 2900
f 2907 2897 2898
f 9249 2903 9251
f 632 577 633
f 8976 2867 2787
f 434 550 350
f 2768 9092 9095
f 2910 1623 2249
f 2241 2758 2242
f 9092 2913 9104
f 1623 2757 1620
f 9039 2757 9104
f 2229 1380 2250
f 2765 1629 2914
f 2915 1629 2912
f 9094 2914 2915
f 9093 2765 2914
f 2919 9094 9065
f 2918 2912 2241
f 9066 2241 9038
f 9070 9065 9122
f 8985 2180 8940
f 8965 2188 8950
f 3694 3627 3693
f 9157 714 9303
f 2925 2917 2924
f 2924 2916 2919
f 9062 2919 9070
f 9063 2924 9062
f 2926 2766 2925
f 9110 2925 9063
f 1715 1705 1710
f 785 498 796
f 1387 565 1791
f 374 1899 560
f 9017 2206 9000
f 2929 2886 2893
f 2932 2934 2931
f 1905 1908 1907
f 2930 2936 2937
f 2938 2930 2929
f 1493 517 518
f 1603 1586 1602
f 2939 2929 2908
f 2940 2908 2907
f 9117 1600 9113
f 2886 2937 2887
f 2906 2898 2899
f 2908 2893 2897
f 2942 2933 2941
f 2941 2937 2936
f 8945 2936 8957
f 8942 2941 8945
f 2943 2710 2873
f 2943 2874 2889
f 2945 2889 2888
f 2946 2943 2945
f 2932 2888 2887
f 2931 2945 2932
f 727 1929 728
f 2903 2947 2948
f 545 42 262
f 1480 533 251
f 2907 2949 2940
f 2906 2950 2949
f 1558 215 202
f 9251 2948 9253
f 2054 1644 2118
f 9157 2203 9017
f 1828 1849 1827
f 2953 2955 2952
f 2952 2957 2956
f 2956 2258 2952
f 2953 2258 2257
f 2454 2474 2496
f 9199 2959 9218
f 9199 2131 9189
f 2961 2963 2958
f 2958 2964 2959
f 222 2485 2965
f 2477 2966 2608
f 2631 2006 1859
f 2384 2496 2497
f 2967 2959 2964
f 2968 2970 2969
f 9211 2971 9236
f 9236 2960 9218
f 2972 2033 2032
f 2007 2973 2008
f 9004 2134 2133
f 1836 1832 1831
f 8950 2090 8995
f 955 959 956
f 672 674 673
f 633 713 632
f 2024 733 803
f 2025 803 798
f 425 1550 388
f 2975 888 887
f 1319 1157 2694
f 1212 2977 1213
f 889 2228 2227
f 1978 1975 1979
f 1138 1329 915
f 751 2979 2978
f 1619 1625 1624
f 2252 1728 1727
f 1157 845 1216
f 2706 1938 2617
f 2980 2254 2981
f 2982 887 2630
f 802 711 2679
f 678 2029 2028
f 527 690 528
f 1839 2629 1840
f 2983 602 1914
f 2983 1913 1331
f 2985 1331 1054
f 2986 2983 2985
f 2987 2635 2634
f 2985 2639 2986
f 2990 1318 2989
f 2991 2993 2994
f 2995 2994 2996
f 1106 2991 2995
f 1058 2992 2991
f 1415 1365 1367
f 1317 2217 2997
f 1932 2255 2980
f 926 2999 664
f 3001 2992 3000
f 3000 1057 2978
f 2999 2978 2979
f 2998 3000 2999
f 3002 2209 3003
f 3002 2996 2994
f 2993 3002 2994
f 3001 2998 3002
f 1103 2995 3004
f 3004 2996 3003
f 2209 3004 3003
f 588 3004 2210
f 295 433 381
f 2638 2988 3005
f 3005 1056 1930
f 1305 1930 1306
f 1276 3005 1305
f 1987 1993 1989
f 2633 1761 2645
f 1423 1417 1419
f 9005 739 703
f 2671 2704 2705
f 1473 2035 1472
f 922 2694 895
f 1401 1378 1384
f 556 1884 1037
f 842 9277 9288
f 1854 2617 1010
f 933 1081 1075
f 1440 1436 1437
f 529 719 530
f 1031 1027 1028
f 777 912 1871
f 2645 1204 2633
f 441 1538 1537
f 3771 3773 3772
f 790 587 586
f 2065 1610 1607
f 1860 990 902
f 60 87 59
f 1424 1948 1947
f 332 1507 331
f 261 138 135
f 187 449 507
f 1719 1726 1725
f 1931 1059 3006
f 3006 1105 1104
f 1287 1104 587
f 1286 3006 1287
f 3007 3009 3010
f 3009 653 795
f 618 26 25
f 2029 1210 1209
f 957 600 2228
f 1049 2228 600
f 2631 3011 2561
f 890 2227 3011
f 3011 2145 3012
f 2561 3012 2375
f 1026 609 608
f 2706 1961 1964
f 3013 2485 3014
f 2148 1267 3015
f 3015 1266 1311
f 2997 1101 1317
f 642 1773 1193
f 186 461 511
f 1041 1320 901
f 1121 3017 1122
f 2984 2987 3018
f 3018 2634 2619
f 1048 3018 2619
f 603 2984 3018
f 2679 801 802
f 2062 2074 2061
f 2061 2076 2064
f 414 1545 1965
f 3016 2683 3019
f 3019 2704 2670
f 3020 2670 720
f 3007 3019 3020
f 1871 1091 777
f 3021 1122 3017
f 3022 3017 3010
f 1314 3022 1315
f 1784 3021 1314
f 1316 1763 611
f 3023 3010 3009
f 3023 795 1092
f 1763 1092 1125
f 1315 3023 1763
f 3016 3010 3017
f 752 2978 1057
f 2986 2637 2987
f 3024 653 3008
f 3020 3008 3007
f 720 3024 3020
f 723 654 3024
f 2681 1268 3025
f 2671 1268 721
f 2705 3025 2671
f 1313 3027 1311
f 3026 3029 3027
f 3027 3030 3031
f 1311 3031 3015
f 2012 731 2023
f 917 974 977
f 3742 3744 3743
f 743 856 744
f 1888 2030 1425
f 2682 2684 3032
f 3032 1124 2989
f 1100 2989 1318
f 1099 3032 1100
f 1123 2989 1124
f 3033 1159 1158
f 2990 1158 1319
f 1123 3033 2990
f 1786 1834 3033
f 1054 2988 2985
f 2979 664 2999
f 2623 2663 2643
f 1095 688 687
f 3034 2261 2956
f 3036 2956 2957
f 3037 3034 3036
f 3038 3035 3034
f 3040 3026 1313
f 2263 3041 3040
f 3042 3043 3041
f 3041 3028 3026
f 3044 3043 3039
f 3046 3045 3044
f 3047 3049 3045
f 3043 3049 3028
f 3038 3051 3050
f 3050 3053 3052
f 3052 3044 3050
f 3039 3050 3044
f 3054 3039 3042
f 3042 2262 3054
f 2261 3054 2262
f 2216 2997 2217
f 2212 2667 1936
f 3056 2209 3055
f 934 1961 1854
f 2013 9209 567
f 3058 3060 3061
f 3059 3063 3060
f 3060 2213 1963
f 3061 1963 1962
f 3063 2214 2213
f 3062 3064 3063
f 3065 2260 3064
f 3064 2215 2214
f 3066 3031 3030
f 2608 3067 3066
f 2966 3068 3067
f 3031 3068 3015
f 2455 2461 2474
f 2476 2226 2477
f 8995 2089 8969
f 8970 9221 9238
f 433 355 381
f 2115 1419 2123
f 8953 2922 8971
f 9221 2131 2134
f 3069 2167 2166
f 2971 2928 2960
f 2961 2773 2962
f 3070 2478 2483
f 2610 3071 2954
f 2502 2374 2386
f 3072 2595 3073
f 2964 3052 2967
f 3048 3074 3049
f 2593 3075 3074
f 3075 3029 3074
f 3074 3028 3049
f 3072 3075 2592
f 3076 2482 2481
f 2481 3066 3076
f 3076 3030 3075
f 2967 3053 2970
f 2482 3073 2483
f 479 493 494
f 706 9325 709
f 9005 2221 8961
f 2013 9206 9207
f 8977 2016 8973
f 9006 2222 2974
f 1171 1155 1176
f 3782 3689 3783
f 2586 2565 2587
f 2982 113 2484
f 2562 3077 3068
f 2376 3012 3077
f 3012 2148 3077
f 3077 3015 3068
f 2963 3046 2964
f 3051 2970 3053
f 1683 491 775
f 9302 1447 9312
f 1986 9186 9220
f 3079 2546 2575
f 3081 2575 2576
f 1983 9220 9217
f 3082 2319 2545
f 3080 2545 2546
f 9186 3082 3080
f 9184 2323 3082
f 1309 1888 748
f 3073 2772 2771
f 2760 3084 2762
f 2760 2088 3083
f 3085 3086 3087
f 3089 3090 3088
f 3089 3084 3085
f 3092 3090 3091
f 3093 2744 2743
f 2751 2748 3093
f 3093 2752 2751
f 2742 3093 3094
f 3094 2743 3095
f 3096 3098 3087
f 3099 3087 3086
f 3097 3095 3098
f 3100 2746 3101
f 3101 3102 3100
f 2764 2927 3101
f 2745 3101 2746
f 3102 3091 3100
f 3100 3095 2743
f 2869 9044 9086
f 3102 3104 3092
f 9110 2869 9086
f 2927 3103 3102
f 3098 3091 3090
f 3087 3090 3085
f 2088 3105 3083
f 3083 3086 3084
f 2483 2771 3070
f 2401 2185 2321
f 3099 3105 3106
f 2125 3106 3105
f 3108 2742 3107
f 3107 3094 3097
f 3110 3107 3109
f 3109 3097 3096
f 3111 3096 3099
f 3112 3109 3111
f 3113 2737 3108
f 3115 2722 3114
f 3117 3114 3116
f 3119 3116 3118
f 3118 3120 3121
f 3116 3113 3120
f 3122 3111 3123
f 3122 1755 1754
f 3124 3126 3127
f 3125 3121 3126
f 3128 3118 3125
f 3129 3125 3124
f 2020 3128 3129
f 9305 1346 1352
f 1065 1047 1066
f 1814 9282 1649
f 2021 3129 3130
f 3111 3106 3123
f 3123 2207 1755
f 2377 2224 2973
f 3014 113 112
f 1756 9234 9219
f 3131 2530 2528
f 3133 2528 2529
f 1753 9219 9227
f 3134 3127 3135
f 2327 2314 2313
f 2436 2317 2349
f 2018 9163 9164
f 2534 3137 2535
f 2320 3136 2534
f 2185 9164 9223
f 3138 2542 2539
f 3134 9196 9197
f 9237 3134 9197
f 3140 2539 2538
f 2535 3140 2538
f 9163 3130 9237
f 2558 3132 3141
f 9234 3141 3132
f 2560 3141 3142
f 9212 3142 3141
f 958 2976 2981
f 1933 2980 3143
f 3714 3729 3713
f 2399 2418 2416
f 2348 2343 2432
f 2322 2319 2323
f 2718 2874 2730
f 2709 2873 2710
f 2894 1361 1942
f 3788 3720 3717
f 346 176 347
f 1876 1882 1881
f 2802 9059 9044
f 3104 3088 3092
f 2974 9101 9055
f 3089 2761 2762
f 3088 3145 3089
f 2803 9055 9059
f 9322 692 628
f 2123 1418 2126
f 1365 1368 1367
f 3346 3344 3343
f 1581 1782 1783
f 9013 2129 8964
f 8999 2002 8965
f 3146 2551 3147
f 9203 3147 9202
f 9194 3146 9203
f 3149 2585 3146
f 3196 3197 3195
f 9056 2191 9075
f 3142 2556 2560
f 9229 3150 3142
f 9098 2550 9045
f 3150 2555 2556
f 9230 3151 3150
f 9240 3152 9098
f 3153 2551 2549
f 3152 2549 2550
f 9233 3153 3152
f 9228 3147 3153
f 3148 2206 2205
f 2183 2321 2184
f 2132 2928 2133
f 3299 3321 3319
f 9136 2204 2203
f 9171 2197 9173
f 2594 2773 2951
f 2595 2951 2772
f 1870 799 1869
f 3257 3259 3258
f 9165 2178 9158
f 9158 9188 9242
f 336 9226 9174
f 339 3154 336
f 9241 3149 9194
f 9135 2584 3149
f 2963 3048 3047
f 9174 337 336
f 339 2566 2586
f 3156 2168 2167
f 2610 2167 2611
f 2954 3156 2610
f 3157 2953 2257
f 9159 2169 9161
f 2567 3159 2568
f 337 2567 338
f 9182 2166 9159
f 9216 1983 9217
f 2579 3081 2576
f 2568 3160 2579
f 9161 2190 9216
f 3065 3162 3161
f 3161 1984 2189
f 3157 2189 2168
f 2257 3161 3157
f 734 1922 806
f 3059 2708 3163
f 3163 2182 1985
f 3162 1985 1984
f 3062 3163 3162
f 3203 3205 3204
f 3806 3808 3807
f 2122 1448 1447
f 9269 1685 9264
f 139 444 69
f 1570 566 533
f 2957 3165 3036
f 2955 3164 2957
f 1912 341 1973
f 3130 3124 3134
f 1548 319 1547
f 1949 1327 1887
f 2969 3078 3167
f 3167 3169 3168
f 9176 2017 9172
f 9172 2033 9211
f 3168 3165 3170
f 3170 3164 3171
f 9231 3171 9208
f 9176 3170 9231
f 3171 3166 3172
f 3172 3071 3173
f 9204 3173 9201
f 9208 3172 9204
f 3169 3036 3165
f 2593 2962 2594
f 3173 2609 3174
f 3174 2199 2198
f 9235 2198 9171
f 9201 3174 9235
f 2190 1984 1983
f 2196 2767 3148
f 3326 3328 3327
f 2119 1414 1448
f 1464 1466 1465
f 2199 3069 2200
f 2457 2587 2565
f 2226 2562 2966
f 481 1627 1639
f 333 235 236
f 3078 3037 3169
f 3040 2997 2263
f 3351 3262 3263
f 2219 1933 2220
f 2385 2497 2503
f 221 3175 2484
f 2220 3143 3175
f 3175 2976 2975
f 2484 2975 2982
f 2954 3166 2955
f 2630 110 2982
f 1547 1952 1955
f 2091 2188 2187
f 9185 2178 2177
f 1918 1927 1926
f 9007 111 8955
f 3398 3400 3399
f 955 960 954
f 2037 112 9007
f 3143 2981 2976
f 2218 2214 2215
f 672 9239 8985
f 2152 3014 2037
f 1147 1143 1145
f 2248 1409 2245
f 1615 1635 1616
f 1410 2246 2247
f 3486 3487 3310
f 3468 3502 3501
f 3451 3452 3450
f 3177 1383 1382
f 2238 3176 1382
f 3176 2230 3178
f 1410 3179 1407
f 3179 2243 1407
f 1633 2800 2249
f 3816 3817 3814
f 1621 2758 2912
f 3642 3662 3675
f 3422 3260 3257
f 1622 2245 1634
f 2236 3181 3182
f 3793 3795 3794
f 3493 3495 3494
f 2237 3182 3183
f 3513 3515 3514
f 2250 2233 2229
f 3654 3667 3802
f 2912 1628 1621
f 3819 3821 3820
f 3432 3823 3431
f 135 1564 1563
f 1567 512 1565
f 1085 2653 2685
f 3184 868 3056
f 869 3057 934
f 3389 3387 3386
f 1266 1098 1312
f 1267 722 721
f 937 2646 936
f 2146 722 2147
f 2211 921 2667
f 1957 507 449
f 1313 2264 3040
f 1496 1493 1492
f 2681 2705 2682
f 2887 2933 2932
f 1687 1659 1694
f 145 1498 81
f 1317 1319 2694
f 3831 3830 3834
f 37 418 71
f 1935 3185 2977
f 104 301 103
f 2101 2083 2084
f 543 360 207
f 1934 3186 3185
f 234 212 237
f 9297 1822 1824
f 3825 3827 3826
f 1976 1874 1974
f 223 2219 220
f 9107 9057 9064
f 468 773 2165
f 3673 3659 3672
f 1935 1728 1932
f 3490 3840 3549
f 3362 3848 3847
f 3862 3864 3863
f 3465 3484 3868
f 3893 3525 3874
f 3352 3430 3431
f 3869 3871 3870
f 3529 3567 3564
f 3420 3922 3921
f 3304 3236 3303
f 3929 3931 3930
f 3324 3327 3561
f 3219 3939 3331
f 3220 3937 3219
f 3450 3376 3439
f 3942 3833 3941
f 3215 3454 3945
f 3946 3215 3945
f 3422 3948 3421
f 3950 3198 3196
f 3205 3957 3920
f 3261 3961 3288
f 3852 3964 3963
f 3214 3946 3958
f 3965 3214 3192
f 3797 3799 3798
f 3988 3990 3989
f 3777 3806 3822
f 3855 3447 3444
f 3737 3800 3736
f 3949 3952 3948
f 3651 3783 4000
f 4001 3787 3812
f 4019 4021 4020
f 4027 4029 4028
f 3258 4030 4027
f 4033 4035 4034
f 3424 4047 4046
f 3242 4058 4057
f 3970 3547 3971
f 3829 4057 3825
f 3333 3947 4060
f 4063 4065 4064
f 4073 4075 4074
f 3568 3443 3448
f 3981 3335 4050
f 3540 3862 3539
f 4078 4031 4032
f 3565 4088 3993
f 3442 4089 4082
f 4092 4094 4093
f 4093 4097 4096
f 3619 3623 3624
f 3660 3821 3807
f 3809 3649 3808
f 3610 3655 3613
f 3656 3623 3657
f 3621 3804 3620
f 3503 3481 3504
f 3436 3438 3437
f 3356 3427 3353
f 3628 3669 3633
f 3734 4002 3733
f 3276 3370 3369
f 3763 4107 3762
f 4006 3754 3755
f 3747 3752 3746
f 3863 4110 3992
f 3994 4003 3501
f 3653 3664 3652
f 3296 4115 3295
f 4117 4119 4118
f 3249 3251 3250
f 4127 4129 4128
f 3478 3903 3867
f 3410 3921 3922
f 3977 4038 3976
f 3216 3453 3454
f 3967 3548 3966
f 4140 4032 4039
f 3509 4149 3916
f 4151 3659 3587
f 4153 3656 3671
f 4153 3646 3672
f 4156 3645 4155
f 4139 4078 4140
f 3743 4163 4162
f 3861 3987 4166
f 3468 4067 3467
f 3306 3980 3835
f 4172 4010 4024
f 4169 3836 3835
f 4187 4189 4188
f 4213 4215 4214
f 4220 4222 4221
f 4225 4211 4204
f 4230 4232 4231
f 4240 4242 4241
f 3606 3608 3607
f 4250 4252 4251
f 4258 4260 4259
f 4077 4079 4078
f 4276 4278 4277
f 4308 4263 4309
f 4017 3872 3869
f 3196 3951 3950
f 4316 4270 4271
f 3870 4307 3869
f 4324 4326 4325
f 4333 4247 4244
f 4338 4340 4339
f 4348 4350 4349
f 4283 4289 4286
f 4356 4358 4357
f 4359 4020 4358
f 4362 4196 4197
f 4320 4279 4276
f 4370 4296 4371
f 4377 4303 4249
f 4231 4201 4178
f 4203 4331 4381
f 4037 4039 4038
f 4371 4386 4370
f 4387 4347 4314
f 3309 3294 3310
f 4099 3724 3818
f 4355 3257 4313
f 3630 3693 3627
f 4277 4302 4390
f 4350 4319 4349
f 4353 4351 4348
f 3637 3639 3638
f 4394 3827 3320
f 3311 4399 4398
f 3755 4005 4006
f 4363 4259 4260
f 3454 3919 3920
f 3446 3459 3458
f 4298 4404 4406
f 3749 3769 3766
f 3791 3756 3792
f 3643 3684 3640
f 3845 3399 3400
f 4313 3258 4312
f 4411 4408 4412
f 3843 4423 3842
f 4214 4329 4328
f 4431 4433 4432
f 3918 3798 3799
f 3927 3388 3389
f 4453 3874 3873
f 4138 4457 4456
f 3346 4459 3345
f 4100 4108 4107
f 3974 3976 3975
f 3665 3652 3664
f 3773 3993 3992
f 3945 3920 3957
f 4144 4462 4461
f 4464 4466 4465
f 3268 4479 3267
f 4484 4136 4485
f 3348 4487 3347
f 3313 3912 3913
f 3803 3617 3802
f 4086 3510 4087
f 4034 3305 4033
f 3403 4171 4489
f 4481 4492 4491
f 4177 4179 4178
f 4398 3923 3311
f 4451 4494 4450
f 4501 4076 4502
f 4509 4506 4503
f 3304 4462 4517
f 4485 3312 4484
f 3419 3349 4064
f 4356 4385 4305
f 4026 4358 4020
f 4354 4357 4358
f 3599 4091 4090
f 4341 4254 4274
f 4251 4524 4335
f 3482 3484 3483
f 3843 3544 4085
f 4295 4274 4294
f 4381 4206 4203
f 4204 4531 4225
f 4533 4535 4534
f 4542 4544 4543
f 4546 4548 4547
f 4573 4547 4548
f 4575 4577 4576
f 4221 4580 4220
f 4587 4589 4588
f 4328 4589 4214
f 4187 4563 4332
f 4595 4593 4591
f 4597 4604 4596
f 4609 4611 4610
f 4620 4622 4621
f 4612 4614 4613
f 4636 4600 4637
f 4649 4650 4648
f 4652 4654 4653
f 4662 4664 4663
f 4666 4668 4667
f 4637 4685 4684
f 4627 4700 4626
f 4684 4636 4637
f 4663 4661 4662
f 4699 4697 4696
f 4647 4703 4702
f 4709 4603 4710
f 4724 4726 4725
f 4742 4744 4743
f 3311 3924 3314
f 4698 4758 4679
f 4749 4609 4610
f 4342 4344 4343
f 4797 4799 4798
f 4490 3974 4143
f 4019 4306 3870
f 4512 4514 4513
f 3991 4508 4507
f 4692 4694 4693
f 4680 4818 4810
f 4821 4824 4823
f 4367 4243 4240
f 4833 4831 4830
f 4837 4757 4754
f 4332 4562 4561
f 4683 4819 4682
f 4845 4850 4849
f 4751 4752 4669
f 4854 4695 4692
f 4858 4718 4857
f 4822 4859 4824
f 4674 4647 4675
f 4771 4773 4772
f 4726 4537 4540
f 4714 4719 4715
f 4633 4688 4687
f 4616 4618 4617
f 4686 4842 4841
f 4869 4708 4629
f 3502 3528 3529
f 4777 4737 4745
f 4734 4779 4873
f 4883 4663 4664
f 4375 4274 4275
f 4290 4335 4524
f 4799 4826 4825
f 4816 4812 4810
f 4778 4732 4659
f 4158 4160 4159
f 4195 4197 4196
f 3860 4166 4167
f 3758 3763 3764
f 3694 4157 4156
f 4249 4391 4377
f 3467 3469 3468
f 4209 4211 4210
f 4142 4144 4143
f 3615 3617 3616
f 3479 3536 3535
f 4883 4672 4886
f 4802 4642 4643
f 3698 3638 3683
f 4105 3726 3730
f 4848 4896 4895
f 4878 4744 4837
f 4610 4748 4749
f 4036 4489 4035
f 4355 4314 4347
f 4171 4049 4048
f 3875 3216 3217
f 4868 4863 4864
f 4623 4691 4622
f 3629 4155 4154
f 4654 4898 4683
f 4012 4014 4013
f 4902 4866 4867
f 4768 4908 4906
f 4370 4385 4384
f 4888 4914 4913
f 3546 3917 3916
f 4932 4931 4919
f 3625 4151 4150
f 3804 3670 3657
f 3816 4103 4101
f 4911 4887 4912
f 4928 4927 4929
f 4925 4927 4921
f 3655 3666 3654
f 4932 4910 4911
f 4937 4912 4913
f 4939 4942 4941
f 4228 4530 4381
f 4946 4942 4947
f 4938 4923 4937
f 4942 4937 4947
f 4951 4930 4928
f 4955 4928 4954
f 4748 4615 4749
f 4914 4847 4956
f 4824 4584 4856
f 4940 4941 4943
f 4916 4960 4917
f 4909 4891 4862
f 4971 4968 4949
f 4966 4948 4944
f 4962 4953 4965
f 4940 4924 4939
f 4831 4917 4895
f 4935 4925 4924
f 4275 4261 4258
f 4679 4791 4678
f 4016 4373 4376
f 4668 4766 4795
f 4539 4727 4845
f 4929 4936 4933
f 4607 4882 4881
f 4775 4801 4802
f 4801 4742 4774
f 4732 4611 4733
f 4985 4983 4982
f 4534 4562 4533
f 4847 4645 4848
f 4788 4619 4616
f 4787 4678 4791
f 4657 4605 4597
f 4994 4878 4837
f 5006 5008 5007
f 5001 4973 4988
f 4814 4619 4785
f 5014 4974 5012
f 5003 4972 4973
f 5019 5007 5018
f 5024 5017 5025
f 5036 5035 5032
f 4990 4975 4972
f 5045 5034 5044
f 5048 5034 5035
f 5025 5014 5026
f 5046 5043 5031
f 5051 5055 5054
f 5044 5060 5059
f 5011 5021 5020
f 5013 5068 5012
f 5028 5072 5029
f 5077 5064 5065
f 5065 5079 5077
f 5083 5080 5060
f 5063 5080 5065
f 5054 5071 5078
f 4602 4711 4851
f 5058 5083 5053
f 4982 4792 4793
f 5041 5045 5061
f 3909 3278 3250
f 3471 3473 3472
f 5002 4994 4995
f 5060 5067 5059
f 4892 4862 4891
f 4891 4884 4892
f 4996 5003 5001
f 4997 5005 5000
f 4813 4614 4829
f 4618 4827 4613
f 5089 5093 5092
f 3303 3305 3304
f 5100 5102 5101
f 5107 5109 5108
f 5110 5092 5114
f 4610 4734 4874
f 5112 5100 5084
f 5088 5090 5089
f 5119 5117 5116
f 5092 5096 5089
f 3826 3829 3825
f 5108 5102 5126
f 5100 5087 5084
f 5118 5133 5138
f 3783 3690 3784
f 4444 4446 4445
f 5151 5150 5152
f 4790 4617 4813
f 4332 4190 4187
f 3266 4451 4448
f 3211 3332 3946
f 4741 4760 4652
f 4775 4777 4776
f 4764 4691 4766
f 4489 4048 4490
f 4466 4511 4497
f 4518 3930 4514
f 4786 4791 4807
f 4980 4984 4977
f 5144 5150 5143
f 5159 5148 5158
f 5121 5120 5114
f 5169 5162 5165
f 5016 4979 5017
f 5123 5179 5122
f 5181 5140 5183
f 5175 5184 5141
f 4575 4586 4534
f 4984 4976 4977
f 4596 4598 4597
f 5182 5183 5186
f 4785 4787 4786
f 5137 5122 5179
f 5167 5180 5181
f 4835 4898 4897
f 4687 4726 4633
f 4176 4170 4398
f 4760 4655 4652
f 4681 4649 4646
f 5121 5132 5131
f 5171 5178 5170
f 5174 5191 5176
f 5169 5194 5164
f 4909 5095 4907
f 5105 5112 5113
f 4767 5126 4803
f 5201 5205 5204
f 5219 5217 5216
f 5229 5200 5209
f 5234 5236 5235
f 4069 4071 4070
f 4724 4717 4713
f 5108 4768 5107
f 5103 5126 5102
f 5227 5211 5226
f 5015 4884 4885
f 4997 4892 4884
f 5197 5215 5214
f 5241 5247 5246
f 5013 5019 5018
f 5205 5232 5204
f 4969 4971 4970
f 5239 5249 5248
f 4808 5225 4809
f 5216 5199 5196
f 5253 5242 5254
f 5235 5255 5256
f 5135 5157 5134
f 5264 5267 5266
f 5245 5215 5242
f 5260 5269 5267
f 5264 5274 5265
f 5154 5173 5142
f 5287 5278 5288
f 5256 5300 5257
f 5173 5176 5175
f 4631 4629 4628
f 4781 4783 4782
f 5309 5311 5310
f 5155 5144 5145
f 4826 4827 4825
f 5291 5308 5293
f 5310 5281 5286
f 5311 5308 5288
f 4036 4176 4175
f 4641 4704 4702
f 5220 4804 5223
f 4770 5207 4905
f 5188 5175 5176
f 5180 5129 5140
f 4626 5314 5313
f 4731 5315 5317
f 5222 5210 5221
f 4728 5316 5315
f 5230 5216 5196
f 5297 5240 5241
f 5204 5208 5201
f 5318 4864 5319
f 5273 5287 5289
f 5221 5219 5230
f 4700 5321 5314
f 5313 5328 5329
f 5157 5154 5142
f 5275 5263 5265
f 5324 5318 5325
f 5323 5331 5328
f 5343 5345 5344
f 5306 5286 5282
f 5278 5311 5288
f 4882 5320 5316
f 5109 5114 5120
f 5123 5130 5129
f 5299 5284 5298
f 5240 5199 5241
f 5229 5197 5214
f 5305 5292 5293
f 5233 5225 5243
f 5192 5194 5193
f 5104 4670 4746
f 5146 5160 5145
f 5337 5347 5338
f 5347 5341 5332
f 5353 5335 5352
f 5349 5354 5352
f 5355 5357 5354
f 5358 5360 5359
f 5355 5348 5360
f 5342 5365 5364
f 5345 5362 5344
f 5332 5367 5331
f 5372 5315 5316
f 5370 5366 5369
f 5361 5354 5357
f 5364 5368 5367
f 5369 5362 5370
f 5316 5330 5372
f 5373 5371 5372
f 5341 5364 5332
f 5374 5359 5373
f 5329 5375 5330
f 5377 5379 5378
f 5377 5331 5367
f 5380 5367 5368
f 5363 5370 5362
f 5357 5374 5381
f 5381 5361 5357
f 4814 4825 4827
f 4825 4816 4799
f 4806 4747 4805
f 5119 5131 5118
f 4696 4893 5387
f 4696 5390 4699
f 5213 5388 5387
f 5393 5388 5394
f 5380 5384 5379
f 5213 4893 5212
f 4813 4908 4790
f 5390 4693 4694
f 5294 5287 5295
f 5184 5186 5183
f 5285 5253 5254
f 4769 4790 4908
f 5327 5359 5360
f 4598 4690 4656
f 4608 4733 4611
f 4627 4609 4839
f 4596 4851 4711
f 4900 4706 4707
f 4668 5395 4667
f 4863 4639 4601
f 5392 4666 4667
f 4872 4651 4807
f 4807 4758 4872
f 5348 5325 5326
f 5176 5190 5188
f 5046 5022 5023
f 4853 4869 4870
f 5346 5363 5362
f 4709 4620 4599
f 4672 4904 4886
f 4680 4651 4649
f 4841 4688 4686
f 4823 4818 4821
f 4729 4602 4851
f 4881 4851 4604
f 5360 5326 5327
f 4852 4707 4869
f 4890 4669 4666
f 5392 5389 5393
f 5189 5186 5187
f 4881 4605 4607
f 5343 5369 5366
f 4607 4625 4882
f 5056 5052 5057
f 4850 4798 4894
f 3260 5398 3259
f 4855 4899 4871
f 5339 5366 5342
f 4789 4808 4677
f 5400 3948 3952
f 3872 4046 3871
f 4018 3424 3872
f 4025 4172 4024
f 4011 4024 4010
f 4065 3900 3901
f 3413 4013 3412
f 5056 5069 5070
f 5055 5070 5071
f 4062 5399 4061
f 5269 5294 5268
f 4685 4903 4846
f 5254 5240 5296
f 4606 4658 4733
f 4729 4882 4728
f 4030 4043 4029
f 4664 4753 4883
f 3575 3904 3903
f 3413 3922 3426
f 4949 4955 4934
f 4947 4913 4914
f 4849 4894 4856
f 4143 3975 4142
f 4912 4932 4911
f 3774 3995 3994
f 3956 3342 4168
f 4871 4758 4759
f 4270 4272 4271
f 4039 5400 4140
f 3555 5402 3554
f 5403 3906 3907
f 3908 3823 3907
f 4124 5408 5407
f 3901 4046 4047
f 4120 5410 5409
f 4124 4125 4123
f 5420 5404 5421
f 5424 5425 3557
f 3400 5428 3845
f 5432 5435 3226
f 4941 4945 4944
f 4935 4949 4934
f 3895 3897 3896
f 5426 4121 5418
f 5430 3906 5420
f 4045 5398 4062
f 5395 5392 4667
f 4846 4701 4840
f 4880 4710 4879
f 4624 4608 4609
f 4656 4662 4661
f 5305 5309 5304
f 5220 5222 5221
f 4230 4327 4324
f 5030 5028 5027
f 5213 5211 5210
f 5440 3269 5441
f 4396 3980 5444
f 5447 3244 3241
f 3328 5451 5396
f 4208 4248 4207
f 4599 4621 4598
f 4528 4391 4208
f 4529 4199 4207
f 4526 4339 4528
f 4256 5452 4532
f 4532 4241 4242
f 3834 5446 3831
f 5443 5444 4050
f 4530 4334 4206
f 4754 4904 4837
f 4229 4381 4331
f 4205 4383 4531
f 4892 4987 4861
f 4039 3976 4038
f 4738 4796 4741
f 4833 4897 4832
f 4232 4200 4201
f 4194 4241 4193
f 4889 4750 4748
f 4194 4365 4368
f 4531 4195 4238
f 5043 5062 5031
f 4182 4561 4180
f 5446 3241 3831
f 5237 5248 5236
f 4206 4382 4205
f 5210 5218 5219
f 3426 3417 3425
f 4216 4192 4215
f 4219 4184 4185
f 4180 4380 4179
f 4327 4591 4326
f 4223 4231 4222
f 4215 4360 4329
f 4186 4218 4185
f 4190 4209 4189
f 4223 4595 4327
f 4326 4328 4329
f 4366 4568 4186
f 4570 4549 4569
f 4579 4548 4570
f 4563 4533 4562
f 4583 4220 4580
f 4586 4561 4562
f 4239 4363 4243
f 4572 4567 4564
f 4536 4585 4535
f 4538 4566 4541
f 4536 5453 4538
f 3573 3983 3316
f 5427 3552 3556
f 4553 4588 4552
f 4593 4555 4592
f 4368 4183 4227
f 4361 4235 4236
f 4233 4527 4232
f 4233 4324 4237
f 4212 4330 4331
f 4237 4325 4236
f 4193 5452 4361
f 4983 4885 4792
f 5002 4986 4993
f 5074 5076 5075
f 4698 5391 4759
f 5391 5390 4694
f 4871 4650 4872
f 4546 4543 4544
f 4553 4901 4574
f 4552 4555 4556
f 5223 4805 5394
f 5386 5383 5363
f 5317 5371 5327
f 3240 4429 3377
f 5384 5381 5379
f 3938 3218 3937
f 3942 5455 5454
f 5361 5386 5356
f 4542 4541 4545
f 3910 5420 3428
f 3939 4060 3940
f 3851 5351 5454
f 3838 3556 3837
f 4547 4857 4546
f 5442 4050 3335
f 3385 5428 5429
f 4257 4235 4256
f 5312 4893 4809
f 4212 4204 4211
f 3854 5461 4392
f 4226 4210 4211
f 4202 4178 4201
f 3316 3897 3315
f 5464 4432 4433
f 5465 3883 4432
f 4472 4449 4450
f 4501 4450 4494
f 4074 4080 4077
f 5473 5401 4173
f 4173 5475 5473
f 3432 3520 5413
f 3462 5504 3461
f 4075 4494 4080
f 5482 3387 3392
f 5468 5470 5469
f 3427 5422 3523
f 4498 4487 3386
f 5403 5414 4128
f 3382 5522 3873
f 3492 5511 3491
f 3429 3517 3520
f 3873 5524 4453
f 5480 3350 3347
f 3477 5505 3462
f 4507 5544 4475
f 4396 5551 4051
f 3374 5553 3373
f 3373 5554 3390
f 5479 4063 3350
f 3390 5555 3393
f 5531 5566 5565
f 3368 5567 3367
f 5556 5560 5559
f 3393 5557 5556
f 4433 5463 5464
f 5464 5458 5456
f 4435 4439 3380
f 4055 3277 3274
f 3273 3911 3370
f 3395 3358 3394
f 5486 4071 5484
f 5526 4453 5524
f 5525 5569 5566
f 5568 3527 5567
f 3527 3847 3366
f 3365 3849 5462
f 5462 3850 5459
f 4435 5571 4430
f 3378 3943 3944
f 5573 5577 5574
f 4438 3943 3379
f 5477 5579 5476
f 5582 5580 5579
f 5583 5581 5584
f 5586 5588 5587
f 4074 5586 4073
f 5583 5474 5473
f 4507 5590 3991
f 5573 4522 4520
f 3989 5596 3988
f 5594 3407 5593
f 4436 5572 5571
f 5591 3991 5590
f 4507 4476 5589
f 3990 5587 5588
f 5578 3406 5577
f 5595 5584 5581
f 5484 3358 5486
f 4441 5467 3882
f 5472 4077 4139
f 5522 5570 5524
f 5486 3353 3524
f 5481 3386 3387
f 3475 5492 3518
f 5476 3899 5477
f 5540 5606 5603
f 5542 5603 5607
f 5608 5542 5607
f 5608 5545 5544
f 5607 5609 5545
f 5599 5548 5612
f 5598 5543 5608
f 5595 5593 5596
f 5588 3989 3990
f 5626 3266 5627
f 5627 4448 5628
f 5469 4469 5468
f 4515 5625 4491
f 4503 4474 4509
f 4481 5627 4480
f 4500 5469 5470
f 3414 5466 5465
f 5594 5581 5582
f 3376 4430 5571
f 3444 3941 3855
f 5572 3444 3445
f 4273 4287 4272
f 4345 4357 4344
f 4386 4305 4385
f 4517 4463 5625
f 4352 4319 4379
f 4352 4251 4336
f 4268 4390 4388
f 4264 4320 4323
f 4346 4282 4283
f 4337 4343 4344
f 4289 4245 4288
f 4303 4287 4288
f 4343 4291 4342
f 4284 4244 4289
f 4375 4291 4294
f 4379 4271 4272
f 4337 4348 4336
f 4524 4295 4290
f 4364 4197 4279
f 4285 4390 4302
f 5206 5208 5207
f 4297 4371 4296
f 4346 4286 4273
f 4285 4333 4284
f 3571 4395 5460
f 5341 5339 5342
f 5346 5334 5335
f 5269 5273 5289
f 4510 5609 5610
f 4509 5545 5609
f 4445 5611 5546
f 5566 5568 3368
f 5349 5338 5348
f 5489 3401 3398
f 5565 3368 3338
f 5496 5417 5630
f 5523 3383 5634
f 5325 5347 5324
f 5523 5599 5522
f 5429 3401 5633
f 3887 5631 5630
f 5634 5600 5523
f 5276 5279 5277
f 5298 5257 5300
f 5087 5085 5084
f 3361 5612 5548
f 5041 5066 5040
f 5487 3383 3384
f 5101 5130 5100
f 5299 5300 5303
f 5333 5335 5334
f 5302 5304 5303
f 5234 5216 5217
f 5301 5255 5258
f 4868 5322 4867
f 5281 5277 5279
f 5323 5322 5324
f 5298 5296 5297
f 4885 4750 4792
f 5231 5196 5197
f 4625 5313 5320
f 5111 5085 5098
f 5600 5549 5548
f 5531 5563 5527
f 5165 5182 5189
f 5283 5285 5284
f 4269 4277 4268
f 5610 5603 5606
f 5127 5091 5128
f 4907 5125 4906
f 5277 5272 5262
f 5596 5592 5598
f 5212 5226 5211
f 5273 5262 5272
f 5302 5258 5292
f 5635 5645 5640
f 4250 4379 4378
f 4485 3405 3402
f 4354 4023 4351
f 4265 4304 4386
f 4388 4282 4387
f 4345 4384 4385
f 4362 4297 4259
f 4836 4612 4828
f 4360 4236 4325
f 4369 4237 4234
f 5647 3986 3573
f 5650 3192 3189
f 5337 5336 5333
f 4467 4477 4466
f 4253 4340 4252
f 4429 5457 4428
f 3997 3915 3540
f 5535 3839 3982
f 5538 4460 4456
f 3439 5571 3438
f 5570 5526 5524
f 3438 5572 3445
f 4440 3879 3876
f 3440 4407 3449
f 3886 5695 5694
f 5534 5396 5451
f 5685 3471 5684
f 4278 4301 4302
f 5628 4449 5469
f 3579 3538 3578
f 4480 5628 4500
f 4402 5517 5518
f 4279 4198 4278
f 3603 3532 3602
f 3580 4088 4090
f 4095 3531 4094
f 5248 5251 5250
f 3778 3999 3776
f 4617 4613 4614
f 4375 4372 4519
f 3411 4136 3410
f 5094 5111 5097
f 3602 3535 3605
f 4023 4350 4351
f 4349 4336 4348
f 3605 3536 3592
f 4469 4471 4470
f 4094 3593 4097
f 4248 4245 4246
f 3519 5518 5517
f 5254 5284 5285
f 4852 4795 4766
f 4265 5629 4264
f 5632 5503 5631
f 3604 3612 3601
f 5549 5502 3360
f 3653 3607 3661
f 4780 4873 4779
f 4988 4979 4976
f 4491 5626 4481
f 4837 4995 4994
f 4615 4765 4749
f 5468 4470 4504
f 3514 3467 3513
f 5491 4409 5679
f 4093 3619 4092
f 4364 5629 4297
f 3488 5509 3487
f 5606 5611 5610
f 4210 4189 4209
f 4600 4602 4601
f 5242 5198 5240
f 5073 5075 5072
f 5651 3940 4060
f 3996 3775 3998
f 5200 5202 5201
f 5525 5527 5526
f 3364 4434 3363
f 3775 3542 3581
f 3941 5485 3855
f 3731 4105 3730
f 4997 4999 4998
f 4508 5608 5544
f 4101 3818 3816
f 3728 4103 3727
f 4591 4592 4328
f 4539 4538 4537
f 4550 4552 4551
f 4541 4567 4545
f 4389 4570 4568
f 4582 4580 4576
f 4976 4978 4977
f 4705 4707 4706
f 4797 4843 4844
f 3713 3730 3726
f 4675 4702 4704
f 4977 4981 4980
f 4810 4817 4816
f 4786 4812 4785
f 4715 4628 4714
f 4978 5021 4981
f 5010 5006 4991
f 3722 4162 4161
f 4558 4560 4559
f 4568 4569 4218
f 4584 4535 4585
f 4641 4715 4716
f 5026 5012 5068
f 4776 4745 4742
f 4714 4712 4713
f 4982 5001 4985
f 4576 4560 4582
f 4564 4566 4565
f 5069 5018 5029
f 5057 5048 5047
f 4810 4811 4680
f 3710 3786 3709
f 4991 4999 5010
f 5011 5010 5004
f 5008 5022 5027
f 5066 5063 5040
f 5047 5024 5025
f 5050 5051 5053
f 5023 5016 5024
f 5045 5059 5061
f 5047 5026 5057
f 3711 3724 3721
f 5048 5037 5047
f 5042 5063 5062
f 5058 5051 5054
f 5036 5046 5037
f 3715 3700 3714
f 5235 5257 5246
f 3732 3704 3702
f 5030 5062 5064
f 5020 5023 5022
f 5263 5261 5260
f 5049 5044 5034
f 5236 5250 5255
f 5031 5027 5022
f 5043 5039 5042
f 5320 5329 5330
f 5049 5052 5051
f 5326 5317 5327
f 3264 3288 3285
f 5264 5263 5260
f 4998 4992 4987
f 5009 5020 5008
f 5036 5039 5038
f 5032 5034 5033
f 4355 3949 3422
f 4269 4374 4323
f 4253 4378 4303
f 4525 4252 4340
f 3960 4111 3866
f 4372 4258 4296
f 5681 5673 5675
f 4378 4272 4287
f 4270 4346 4273
f 3244 5644 5643
f 4899 4648 4650
f 3734 3702 3810
f 4138 3343 4137
f 4192 4361 4360
f 3813 3812 3810
f 3817 3696 3814
f 5668 5682 5674
f 5690 5687 5684
f 5499 5700 5517
f 3999 3820 3577
f 3745 4102 4106
f 5684 3472 5690
f 5702 3860 5703
f 5712 5693 5670
f 3249 4393 3572
f 5695 5715 5694
f 5694 5716 5696
f 5719 5601 5602
f 4918 4950 4952
f 4774 4743 4773
f 3844 5605 3735
f 5505 4411 5504
f 3583 3585 3582
f 3710 4157 4160
f 5513 4417 5508
f 5704 4146 5709
f 4141 4062 4049
f 5669 5688 4410
f 3898 5653 5450
f 5718 3972 5719
f 5684 5686 5685
f 3917 5717 3512
f 3463 5662 5660
f 5492 5680 5491
f 4931 4950 4919
f 5665 3441 5663
f 3788 3740 3790
f 3501 3529 3994
f 3569 3477 3308
f 5516 5727 5515
f 3564 3566 3565
f 3892 5406 3889
f 3962 5407 3961
f 4126 4123 4125
f 4116 3287 5411
f 3892 5630 5417
f 3824 5413 5414
f 4408 5680 4412
f 3969 3978 5402
f 4408 3449 4407
f 4414 3449 4413
f 3962 3262 4125
f 4425 5616 4321
f 4418 5727 4419
f 5716 5575 5696
f 5719 5717 5718
f 5698 5692 5697
f 3880 4166 3987
f 5652 5520 5619
f 5621 4167 4166
f 5679 4410 5688
f 3210 3355 5618
f 5622 5451 5657
f 5416 5497 5624
f 5729 5731 5730
f 5733 3761 3758
f 5735 5737 5736
f 5750 5751 5734
f 5744 5740 5741
f 5744 3753 5746
f 5753 5730 5731
f 5757 5736 5737
f 5731 5765 5753
f 5774 5776 5775
f 5790 5792 5791
f 5796 5787 5797
f 5817 5819 5818
f 5828 5830 5829
f 3725 3751 3747
f 4874 4873 4875
f 4700 4903 4902
f 4740 4876 4739
f 3199 3201 3200
f 4100 4099 4101
f 3749 4108 3748
f 3695 3712 3692
f 3378 3380 3379
f 5504 4412 5507
f 4405 5518 5699
f 5838 5835 5836
f 4705 4712 4708
f 5832 5828 5833
f 5697 5678 5698
f 3791 4005 3790
f 5848 5794 5850
f 3714 3701 3704
f 3995 4042 3890
f 3329 3224 3222
f 4005 3705 4004
f 4551 4763 4550
f 5855 5808 5856
f 5851 5792 5852
f 5803 5858 5847
f 5844 5840 5845
f 5762 5743 5740
f 5808 5806 5807
f 4012 3426 3423
f 5558 3467 4067
f 4550 4720 4901
f 4950 4953 4952
f 3885 5694 5696
f 5705 4081 4082
f 5508 4415 5505
f 3745 3760 3744
f 5507 5680 5506
f 3592 3588 3591
f 3895 5658 5653
f 5613 5501 5549
f 3834 4393 4055
f 5527 4455 5526
f 5775 5809 5774
f 5766 5813 5810
f 5858 5812 5859
f 5855 5811 5858
f 5863 5819 5862
f 5826 5863 5829
f 5862 5833 5828
f 5870 5837 5845
f 5782 5831 5832
f 5868 5836 5873
f 5778 5843 5844
f 5866 5845 5840
f 5785 5867 5784
f 5790 5789 5793
f 5796 5794 5795
f 5821 5819 5820
f 5657 5620 5622
f 5793 5852 5792
f 5855 5801 5798
f 5853 5786 5796
f 5804 5802 5803
f 5827 5864 5822
f 5767 5821 5813
f 5854 5776 5777
f 5860 5818 5861
f 5782 5825 5785
f 5781 5844 5834
f 5810 5815 5816
f 5867 5830 5784
f 5809 5798 5799
f 5828 5863 5862
f 5865 5838 5868
f 5801 5802 5800
f 4086 3795 4149
f 5779 5842 5843
f 5827 5829 5830
f 5839 5869 5835
f 5814 5855 5856
f 5711 3859 5702
f 4958 4917 4960
f 5861 5821 5768
f 5863 5812 5820
f 5865 5823 5824
f 5873 5837 5871
f 5872 5842 5780
f 4089 3563 5704
f 3812 3785 3811
f 5770 5787 5788
f 5789 5847 5846
f 5793 5846 5849
f 4145 4146 3498
f 5848 5790 5791
f 3953 4009 3952
f 5748 5874 5747
f 4624 4626 4625
f 4665 4752 4664
f 4775 4779 4778
f 4746 4671 4747
f 4637 4601 4639
f 4828 4613 4827
f 4704 4762 4675
f 4843 4727 4687
f 4543 4725 4542
f 4731 4863 4730
f 4723 4558 4722
f 4842 4840 4838
f 4717 4857 4718
f 4865 4867 4866
f 5841 5866 5840
f 4725 4540 4542
f 4798 4816 4817
f 4632 4634 4633
f 4720 4715 4719
f 4642 4644 4643
f 3754 5874 5876
f 4860 4644 4847
f 4674 4722 4721
f 4808 4676 4677
f 4721 4822 4821
f 5876 5877 5746
f 4836 4840 4839
f 4658 4660 4659
f 4826 4800 4838
f 4877 4743 4744
f 4948 4971 4943
f 4875 4876 4889
f 4954 4934 4955
f 5773 5788 5790
f 5825 5833 5824
f 5834 5836 5835
f 5834 5845 5837
f 3359 3361 3360
f 5732 3756 3757
f 3394 3396 3395
f 3766 5741 5742
f 5774 5799 5777
f 5805 5857 5802
f 5813 5820 5812
f 3969 3964 3968
f 5667 5674 5666
f 5729 3792 3756
f 3770 5741 3769
f 4741 4739 4738
f 4689 4660 4661
f 5772 5787 5771
f 5735 3758 3764
f 5850 5773 5848
f 5617 3965 5650
f 5799 5854 5777
f 5875 5764 5879
f 5840 5842 5841
f 5861 5769 5860
f 5807 5853 5851
f 5869 5834 5835
f 3765 5739 5738
f 5882 5761 5759
f 5881 5887 5889
f 5895 5898 5897
f 5907 5906 5908
f 5909 5908 5910
f 4234 4526 4369
f 3912 3389 3914
f 5934 8730 8729
f 8730 5930 5931
f 4920 4922 4921
f 8845 8853 8851
f 4141 3404 4174
f 3733 3706 3731
f 8849 8848 8850
f 4234 4236 4235
f 8863 5919 8862
f 3733 4004 3705
f 5908 8859 8867
f 8865 8871 8870
f 8859 8863 8864
f 5927 5925 5928
f 5911 5904 5912
f 8878 8866 8879
f 5635 5637 5636
f 5745 5746 5877
f 3552 3554 3553
f 8857 8890 8875
f 5924 8860 5923
f 3553 3556 3552
f 5919 8861 8862
f 8869 8870 8891
f 8873 8878 8876
f 8856 8875 8874
f 8862 5889 5887
f 8846 8844 8843
f 8864 8866 8865
f 8729 8883 8884
f 8848 8887 8886
f 8878 5888 8893
f 8896 8855 8897
f 8853 8896 5885
f 8841 5882 5883
f 3489 3491 3490
f 8867 8864 8868
f 5910 8867 8898
f 5914 8898 8899
f 5916 8899 8900
f 5889 8860 5890
f 8876 8893 8894
f 5918 8900 8901
f 4424 5726 4423
f 8904 8900 8899
f 8909 8904 8905
f 8908 8903 8904
f 8869 8905 8868
f 3632 3667 3635
f 3687 3689 3688
f 3636 3681 3631
f 3664 3639 3665
f 4304 4306 4305
f 8909 8891 8910
f 3681 3695 3680
f 3758 3760 3759
f 3684 3700 3683
f 3721 3723 3722
f 3941 3943 3942
f 3738 3740 3739
f 3687 3709 3690
f 3238 3938 3220
f 4249 4288 4245
f 4499 3344 4464
f 4240 4368 4367
f 3453 3951 3919
f 4401 3547 3967
f 3950 3451 3436
f 3702 3701 3703
f 3725 3727 3726
f 3194 3208 3193
f 4034 4461 4462
f 3914 3913 3912
f 3483 3533 3482
f 3191 3957 3206
f 4292 3970 4293
f 3909 3428 3356
f 3959 3866 3867
f 4017 4309 4016
f 4316 4008 3953
f 4448 4450 4449
f 4414 4417 4416
f 3435 3351 3433
f 4413 4415 4414
f 3899 3901 3900
f 3780 3648 3809
f 3474 3886 3885
f 3958 3192 3214
f 3221 3935 4427
f 3905 3907 3906
f 3913 4486 3313
f 4420 4421 4085
f 3881 3883 3882
f 4004 3790 4005
f 4271 4318 4316
f 4259 4296 4258
f 3501 4066 3468
f 5897 5900 5899
f 5901 5904 5903
f 8854 8856 8855
f 3789 3786 3720
f 3651 3781 3782
f 5924 5901 5925
f 8870 8873 8872
f 8876 8874 8873
f 5912 5918 5911
f 3805 3799 3737
f 3369 3395 3396
f 3923 3925 3924
f 3916 3512 3509
f 3641 3801 3642
f 4276 4323 4320
f 4181 4331 4330
f 4428 3377 4429
f 3495 4321 4322
f 4436 3380 3381
f 4430 4437 4435
f 3945 3958 3946
f 4065 4047 3418
f 4495 3408 4496
f 8913 8915 8914
f 8911 8917 8916
f 8889 8923 8890
f 8919 8931 8921
f 8884 8918 8885
f 8922 8931 8925
f 5852 5909 5851
f 5866 5915 5917
f 8926 8914 8915
f 8914 8883 8913
f 8886 8921 8888
f 5846 5894 5891
f 5873 5900 5868
f 8893 5764 5754
f 8894 5754 5753
f 5890 5927 8936
f 5885 5755 5758
f 5871 5902 5873
f 5763 5883 5762
f 5880 8936 5763
f 4175 4398 4399
f 4274 4255 4275
f 8883 5931 8882
f 8868 8898 8867
f 3289 3247 3292
f 3858 5485 5921
f 8850 8886 8888
f 4116 5409 4115
f 3889 4127 5415
f 3678 8938 8937
f 8857 8888 8889
f 3979 3294 3295
f 4126 3431 3823
f 3651 3679 3650
f 3460 5921 3354
f 4084 3310 3487
f 8905 8899 8898
f 3561 5397 5656
f 3213 5528 5519
f 4191 4193 4192
f 5449 5532 5533
f 4142 4031 4479
f 4060 5652 5651
f 4480 4482 4481
f 5519 3212 3213
f 5657 3330 3940
f 4473 4475 4474
f 3514 5668 5667
f 5663 5669 5665
f 8881 5926 8880
f 5734 5749 5750
f 4788 4677 4678
f 3997 3538 3506
f 3551 3310 3294
f 3577 3998 3999
f 4893 4676 4809
f 4753 4671 4672
f 8729 8885 8843
f 3813 9021 8937
f 8938 3813 8937
f 8882 5929 8881
f 4098 3820 3821
f 3399 5416 3398
f 5494 5503 4403
f 5880 5878 5881
f 4986 4861 4987
f 4999 5004 5010
f 4985 4988 4976
f 5816 5766 5810
f 4372 4384 4519
f 5688 5692 5679
f 8903 8901 8900
f 8879 5887 5888
f 8902 8880 8901
f 5919 5895 5920
f 4519 4342 4291
f 8847 8854 8853
f 5925 5903 5926
f 4021 4523 4025
f 5678 5676 4406
f 4424 4085 4421
f 5701 3577 3820
f 5928 5926 5929
f 5000 4980 5004
f 9022 3545 4113
f 9024 5409 5410
f 4008 4010 4009
f 3931 4516 4513
f 3822 3807 3821
f 8851 8844 8845
f 5728 5509 5721
f 9025 4115 5409
f 5209 5201 5208
f 4820 4653 4682
f 3988 5598 4508
f 3370 3357 3395
f 5639 5641 5640
f 5592 4477 5543
f 3378 5572 3381
f 5625 3265 5626
f 5594 5577 3406
f 3302 5645 3301
f 3274 3278 3273
f 5207 5233 5243
f 5071 5072 5075
f 4815 4785 4812
f 4796 4643 4760
f 3243 5643 5648
f 5301 5303 5300
f 5431 5655 5654
f 5251 5244 5252
f 3353 3523 3524
f 4174 3405 3411
f 3546 4113 3545
f 4002 3788 4004
f 4196 4238 4195
f 3232 5647 3231
f 4373 4266 4310
f 4867 5321 4902
f 5648 4058 3243
f 4455 3893 4453
f 5593 4511 5592
f 5275 5252 5253
f 5252 5274 5251
f 4092 3624 3597
f 3723 3743 3722
f 4780 4802 4796
f 4059 3560 5425
f 4317 4347 4270
f 5188 5192 5187
f 5570 5612 5569
f 3385 5633 3384
f 3526 5569 5612
f 3576 3608 3590
f 3581 3594 3580
f 5239 5238 5232
f 5081 5083 5082
f 4369 4528 4527
f 4325 4329 4360
f 3569 3286 3336
f 9022 4112 5709
f 3661 3801 3653
f 5074 5030 5064
f 5064 5063 5065
f 3563 3498 4146
f 3961 4119 5411
f 4854 4870 4735
f 5018 5028 5029
f 5007 5027 5028
f 5040 5039 5041
f 3240 3875 3239
f 5070 5029 5072
f 3504 3866 4111
f 3537 3591 3588
f 5033 5039 5032
f 4710 4635 4879
f 5017 4989 5014
f 5024 5046 5023
f 4991 5019 4990
f 4587 4574 4573
f 4996 4793 4878
f 5066 5059 5067
f 5221 5231 5220
f 5068 5057 5026
f 3675 3643 3642
f 3663 3675 3662
f 4722 4559 4822
f 3579 3590 3591
f 3686 3677 3678
f 4422 3499 4419
f 5142 5138 5133
f 5078 5075 5076
f 3609 3590 3608
f 3288 5411 3287
f 5424 5410 3246
f 5152 5156 5172
f 3960 5709 4112
f 4946 4957 4958
f 3867 5705 3959
f 9026 4113 5710
f 5192 5189 5187
f 5161 5194 5171
f 3637 3682 3636
f 4392 3847 3848
f 3796 4149 3795
f 4104 3727 4103
f 3594 3993 4088
f 3796 4134 5710
f 3687 4156 4157
f 3760 4164 4165
f 4464 3345 4467
f 3485 3868 3484
f 3846 5423 4130
f 3409 4496 3408
f 3767 3765 3762
f 3711 4159 4160
f 3797 4087 3510
f 4072 5562 5560
f 4502 5590 5589
f 5408 9027 4118
f 5683 5714 5682
f 5702 4110 5711
f 5623 4148 4167
f 5428 3525 3522
f 3668 3802 3667
f 4000 8938 3679
f 4221 4179 4380
f 4267 4388 4315
f 3721 4161 4159
f 3903 5706 5705
f 3583 4090 4091
f 3894 3524 3525
f 4635 4636 4634
f 4173 4009 4010
f 4890 5393 5394
f 5290 5293 5292
f 5339 5337 5333
f 5458 4438 4439
f 3251 5430 3910
f 3252 5419 3251
f 3428 5421 3427
f 3571 5418 3252
f 4583 4554 4593
f 4239 4224 4238
f 3322 5450 5449
f 5309 5306 5304
f 4109 3748 4108
f 5707 3794 3795
f 5139 5183 5140
f 5271 5290 5259
f 5280 5282 5279
f 5110 5125 5115
f 5319 4731 5317
f 5334 5339 5333
f 5423 3523 5422
f 5376 5378 5375
f 4721 4646 4674
f 3719 4159 4161
f 4853 4692 4795
f 5373 5330 5375
f 4428 5456 4437
f 5376 5328 5331
f 3337 4434 4431
f 4692 5395 4795
f 5475 4523 5476
f 5478 4068 4522
f 5421 4129 5422
f 5374 5375 5378
f 5283 5306 5282
f 5246 5234 5235
f 5154 5150 5153
f 4458 5561 4457
f 5163 5158 5168
f 5381 5378 5379
f 3397 5484 5483
f 4457 5563 5537
f 5147 5150 5149
f 4474 5544 5545
f 5325 5319 5326
f 5223 5388 5222
f 5517 3521 3519
f 4499 3347 4487
f 5404 4128 4129
f 3476 5506 3475
f 4084 5515 4083
f 3900 5477 3899
f 5536 5547 5546
f 5491 5493 5492
f 5474 4139 5401
f 4063 4522 4068
f 4459 5541 5540
f 5548 3360 3361
f 5444 5550 4396
f 3888 5415 5412
f 5546 3339 4445
f 5536 5538 5537
f 3570 5508 3477
f 4471 5589 4476
f 4280 3359 5933
f 5499 4403 5503
f 5189 5169 5165
f 5543 4478 5542
f 4051 5552 3374
f 3461 5507 3476
f 4629 4870 4869
f 5106 4909 4862
f 5286 5279 5282
f 5462 3364 3365
f 3491 5514 3840
f 5224 5231 5229
f 4478 5540 5542
f 4099 3742 3723
f 4803 4805 4804
f 4130 5422 4129
f 4470 4476 4473
f 4924 4921 4922
f 4920 4927 4926
f 4993 4987 4992
f 4887 4913 4912
f 3894 4070 4071
f 5472 5585 5586
f 3508 4134 3507
f 3603 4096 4097
f 3772 3992 4110
f 5712 5671 5672
f 3739 4162 4163
f 5683 3515 5715
f 5480 4495 5479
f 5698 5493 5498
f 3578 3996 3998
f 3645 4154 4155
f 5660 3466 3463
f 4135 5710 4134
f 5587 4073 5586
f 5687 5693 5686
f 3584 4091 4150
f 5585 5584 5588
f 4128 5415 4127
f 4257 4338 4526
f 4222 4178 4179
f 4366 4191 4216
f 5098 5091 5088
f 5761 5737 5760
f 5760 5738 5739
f 8852 5934 8844
f 8874 8855 8856
f 8895 8855 8877
f 5884 8842 8852
f 4557 4582 4560
f 8890 8917 8892
f 8918 8930 8920
f 8924 8915 8916
f 4182 4330 4190
f 3864 5711 4110
f 3574 3230 3231
f 3342 3415 3341
f 3488 3549 3840
f 4317 3953 3949
f 3672 4152 4153
f 5708 3865 5707
f 9021 3685 3686
f 3621 3616 3617
f 5728 4419 5727
f 4311 4028 4310
f 4131 3543 3841
f 4426 3842 4423
f 4518 4168 4427
f 5457 5464 5456
f 5425 3558 3837
f 5458 4437 5456
f 3416 5465 5457
f 5638 5437 5637
f 3985 5636 5637
f 5646 5636 5647
f 9023 3554 5402
f 5722 5514 5726
f 3256 3934 3255
f 4164 5734 5751
f 8885 8920 8887
f 3282 3929 3281
f 3292 3320 3291
f 3232 3300 3301
f 3303 3271 3334
f 3562 5432 3325
f 3392 3388 3391
f 3854 5350 3851
f 5463 5459 5458
f 5935 3885 5576
f 3879 3954 3878
f 3928 3391 3388
f 4137 4458 4138
f 5454 3850 3851
f 3548 3549 3550
f 4443 5470 4442
f 4452 4506 4447
f 4468 3415 3879
f 4443 3876 4483
f 3234 4515 4516
f 5434 3896 5433
f 5448 5441 5644
f 5447 5443 5442
f 4442 5471 5467
f 5550 3275 5551
f 5578 4520 3409
f 3464 5666 3463
f 4701 4839 4840
f 3259 4041 4030
f 4015 3423 4018
f 3558 3982 3839
f 4856 4823 4824
f 4741 4653 4740
f 3759 4106 3763
f 3560 3290 3559
f 9024 3557 3553
f 5438 3280 5439
f 3321 3290 3291
f 5557 4072 5560
f 5553 3396 5554
f 4045 4174 4044
f 4539 4849 4585
f 3536 3503 3588
f 5478 5574 5477
f 3800 3510 3511
f 4755 4886 4754
f 5561 5527 5563
f 5752 5732 5751
f 5752 5756 5765
f 3518 5493 5521
f 3767 4107 4108
f 3534 4097 3593
f 4395 3826 3827
f 3926 3371 3925
f 4446 5610 5611
f 4050 3980 3981
f 8887 8843 8885
f 5649 5640 5645
f 4643 4761 4760
f 3709 3784 3690
f 4778 4660 4777
f 5649 4054 5648
f 5646 3301 5645
f 3250 3910 3909
f 5884 5757 5761
f 5655 5936 5937
f 4224 4226 4225
f 4043 3412 4013
f 4286 4288 4287
f 4267 4310 4266
f 4493 4080 4494
f 3325 3226 3227
f 3925 3372 3928
f 4312 4314 4313
f 3996 3540 3541
f 8908 8912 8907
f 4023 4025 4024
f 3995 3891 3994
f 5482 5559 4137
f 4486 3921 4484
f 4300 4302 4301
f 5438 5644 5441
f 3233 3282 3270
f 3225 3227 3226
f 5446 5445 5443
f 5554 3397 5555
f 4834 4830 4772
f 4064 3350 4063
f 3596 3598 3597
f 5639 5648 5643
f 5434 5654 5658
f 4895 4830 4831
f 3674 3676 3675
f 3551 3978 3550
f 3835 3305 3306
f 3813 3702 3703
f 3691 4160 4157
f 4109 4101 4103
f 4565 4188 4564
f 3490 3547 3489
f 3672 3647 3673
f 8906 8912 8913
f 3810 3811 3734
f 4051 4397 4396
f 3566 4090 4088
f 5580 5476 5579
f 4456 5537 5538
f 5539 5546 5611
f 8844 8729 8843
f 8872 8874 8875
f 4383 4198 4195
f 4931 4927 4930
f 5529 5397 5396
f 5314 5323 5328
f 5347 5323 5324
f 4711 4599 4596
f 5387 5389 4696
f 5259 5292 5258
f 5195 4803 5126
f 5195 4746 4806
f 4639 4866 4685
f 4821 4681 4721
f 3421 5399 3260
f 4730 4601 4602
f 4807 4811 4786
f 4040 3421 3948
f 4844 4800 4797
f 3936 3929 3930
f 4894 4817 4823
f 5365 5383 5368
f 4657 4661 4658
f 5224 4770 4804
f 5368 5382 5380
f 5336 5352 5335
f 5353 5386 5363
f 4070 4454 4069
f 5396 3327 3328
f 5225 5312 4809
f 5384 5386 5385
f 5391 4695 4759
f 4735 4870 4630
f 4407 4409 4408
f 4623 4880 4706
f 5356 5352 5354
f 4578 4859 4577
f 3239 3217 3938
f 3937 3333 3939
f 4578 4534 4535
f 5467 4505 4452
f 4836 4826 4838
f 4422 5721 4421
f 3392 5556 5482
f 5564 5565 5547
f 3807 3663 3660
f 5922 4392 4281
f 3680 3692 3693
f 3630 3632 3631
f 4416 5725 4418
f 4033 3836 4176
f 3238 4168 3342
f 3466 3483 3484
f 3678 3650 3679
f 3677 3649 3650
f 3340 4431 3884
f 3562 5656 5655
f 5658 5938 5939
f 3642 3640 3641
f 3306 3334 3981
f 3256 3280 3281
f 8910 8892 8917
f 5868 5898 5859
f 8924 8922 8925
f 8935 8925 8931
f 8882 8913 8883
f 8925 8926 8924
f 8840 8936 5927
f 5852 5905 5907
f 5136 5124 5137
f 4243 4260 4242
f 5238 5228 5232
f 5642 5643 5644
f 3924 3928 3927
f 5412 5700 3888
f 3750 3751 3707
f 3746 3770 3769
f 3859 3861 3860
f 3972 3493 3494
f 5923 8861 5920
f 4945 4958 4959
f 3296 3286 3287
f 3824 3907 3823
f 3671 4154 4153
f 4137 5481 5482
f 3614 3802 3617
f 3283 3559 3290
f 4936 4934 4933
f 5511 5726 5514
f 4170 3926 3923
f 3572 3830 3826
f 3459 3858 3460
f 3496 4425 3495
f 3457 3436 3437
f 3984 3986 3985
f 3914 3386 4487
f 5512 5723 5511
f 4500 4483 4480
f 4501 4471 4472
f 4503 4505 4504
f 4143 4461 4490
f 3331 3222 3219
f 4016 4018 4017
f 3998 3776 3999
f 4114 5710 4113
f 4405 4406 4404
f 5602 5720 5719
f 4767 4804 4770
f 4929 4954 4928
f 4410 5665 5669
f 3888 5632 3887
f 4048 3977 3974
f 3947 3212 5652
f 5676 3472 3473
f 5782 5784 5783
f 4315 4311 4267
f 5699 5521 5493
f 5864 5825 5822
f 5826 5822 5823
f 5775 5805 5806
f 3236 3270 3271
f 5823 5859 5826
f 4957 4895 4917
f 8868 8865 8869
f 4281 3848 4280
f 4940 4971 4949
f 4013 4029 4043
f 3685 3701 3684
f 4339 4377 4391
f 8891 8872 8892
f 3753 3755 3754
f 4427 3220 3221
f 3809 3779 3780
f 3568 4418 3500
f 3880 3918 3805
f 3543 3842 3841
f 4646 4648 4647
f 4656 4597 4598
f 4781 4820 4784
f 4972 4974 4973
f 5101 5109 5120
f 5095 5115 5125
f 5090 5132 5093
f 5131 5134 5133
f 5134 5127 5135
f 5117 5140 5129
f 3539 3863 3595
f 4006 3792 4007
f 5128 5099 5124
f 5097 5089 5096
f 5274 5271 5259
f 4571 4569 4549
f 4225 4238 4224
f 5156 5170 5172
f 4538 4540 4537
f 4622 4665 4662
f 4981 5004 4980
f 5012 4975 5013
f 5148 5149 5157
f 5157 5133 5134
f 5161 5145 5160
f 4261 4242 4260
f 5294 5291 5268
f 4255 4532 4261
f 5274 5250 5251
f 4246 4207 4248
f 3314 3927 3912
f 4670 4672 4671
f 4995 4673 4986
f 4638 4603 4600
f 4341 4525 4340
f 5163 5165 5162
f 4834 4784 4819
f 4784 4682 4819
f 4844 4687 4688
f 5280 5275 5285
f 4217 4564 4188
f 4554 4556 4555
f 4551 4556 4594
f 4549 4544 4571
f 5141 5173 5175
f 4653 4683 4682
f 4973 4989 4988
f 4984 5015 4983
f 5177 5170 5178
f 5166 5181 5182
f 5141 5139 5138
f 5178 5151 5177
f 5244 5203 5245
f 5252 5245 5253
f 4479 4079 4493
f 4402 4404 4403
f 3500 4419 3499
f 5856 5909 5913
f 4488 3348 3349
f 8851 5885 5886
f 3607 5701 4098
f 3508 3503 3504
f 5847 5896 5894
f 4374 4309 4263
f 3380 4438 3379
f 9025 3553 3554
f 5718 4131 3973
f 3300 3283 3321
f 5551 3276 5552
f 5552 3369 5553
f 5555 5483 5557
f 5859 5896 5858
f 4133 3794 3915
f 3606 3652 3610
f 4900 4766 4691
f 4616 4789 4788
f 3738 4164 3757
f 4774 4642 4801
f 4399 3402 4175
f 5853 5795 5851
f 3936 4427 3935
f 3418 4064 4065
f 5510 3840 5514
f 3270 3279 3269
f 3274 4056 4055
f 4359 4305 4306
f 4135 3504 4111
f 3610 3609 3606
f 3837 3557 5425
f 5940 4401 5941
f 5853 5803 5847
f 5725 5515 5727
f 3246 4117 3245
f 5713 5672 5681
f 4918 4916 4915
f 4148 3771 5703
f 5106 5113 5111
f 4147 5709 4146
f 5152 5177 5151
f 9026 4111 4112
f 5104 5103 5112
f 3531 3485 3593
f 3713 3715 3714
f 3699 3815 3697
f 4467 4459 4478
f 4703 4736 4640
f 5405 3846 5406
f 3555 3963 3964
f 4120 5411 4119
f 4217 4185 4218
f 3279 5441 3269
f 4944 4959 4966
f 4353 4344 4357
f 3815 3716 4104
f 3374 4052 4051
f 4491 4516 4515
f 5865 5833 5866
f 5819 5856 5862
f 5807 5856 5808
f 3933 3281 3929
f 3208 3920 3919
f 8907 8902 8903
f 5288 5295 5287
f 3728 3747 3748
f 3309 4083 3336
f 5119 5101 5120
f 3811 3789 4002
f 3595 3992 3993
f 4106 4100 4107
f 5696 5576 3885
f 3708 3750 3707
f 3744 4165 4163
f 5905 5892 5906
f 3403 4175 3402
f 4133 3506 3507
f 4147 3544 3545
f 3561 3325 3324
f 3237 3239 3238
f 4877 4793 4794
f 3241 3243 3242
f 3597 3625 3596
f 3279 3281 3280
f 3371 3373 3372
f 3599 3567 3598
f 3975 4032 4031
f 3277 3250 3278
f 3774 3565 3773
f 3658 3780 3779
f 4961 4963 4960
f 3600 3616 4096
f 4228 4202 4199
f 4011 4318 4350
f 4307 4262 4308
f 4838 4841 4842
f 4782 4773 4743
f 4914 4946 4947
f 4839 4765 4836
f 4771 4645 4642
f 4962 4964 4963
f 4966 4963 4964
f 3601 3615 3600
f 5878 5879 5881
f 5890 5881 5889
f 3720 4158 3719
f 4755 4689 4663
f 3740 3718 3739
f 5695 5686 5714
f 5740 5742 5741
f 5733 5736 5749
f 5755 5750 5749
f 5745 5762 5740
f 5798 5800 5799
f 4706 4879 4705
f 5651 5619 5620
f 5850 5797 5772
f 5804 5806 5805
f 4087 5707 4086
f 5915 5914 5916
f 5703 4167 4148
f 5893 5896 5895
f 5892 5919 8858
f 5706 5664 4081
f 5786 5788 5787
f 3973 3841 3493
f 4831 4915 4916
f 5906 8858 8859
f 4965 4969 4964
f 4684 4846 4842
f 3589 3611 3604
f 3596 4150 4091
f 5877 5763 5745
f 4121 4123 4122
f 3469 3868 3502
f 3204 3208 3207
f 3716 3726 3727
f 5460 5426 3571
f 3465 3470 3464
f 5738 3764 3765
f 4887 4655 4888
f 4203 4205 4204
f 3959 4082 4089
f 5758 5886 5885
f 5781 5872 5780
f 4675 4723 4674
f 3757 5751 5732
f 3334 3272 3335
f 8880 5903 5911
f 5615 3473 5614
f 5759 5760 5743
f 8845 8848 8847
f 5778 5780 5779
f 8857 8849 8850
f 4132 3798 3859
f 5839 5841 5842
f 560 3187 559
f 5747 4007 3792
f 5928 8840 5927
f 5766 5768 5767
f 4848 4956 4847
f 4953 4967 4965
f 4832 4910 4915
f 5879 5888 5887
f 3598 3530 4095
f 5747 5730 5748
f 5754 5748 5730
f 5810 5812 5811
f 5758 5749 5736
f 4315 4387 4314
f 5917 5916 5918
f 5913 5910 5914
f 5930 8841 8840
f 4951 4968 4953
f 3209 3201 3202
f 4059 3246 3247
f 8731 8842 8841
f 3776 3585 3778
f 5770 5772 5771
f 5891 5893 5892
f 9028 5641 5439
f 5814 5816 5815
f 5662 5673 5661
f 3522 3524 3523
f 5630 5942 5496
f 5791 5795 5794
f 5746 3754 5876
f 5928 5931 5930
f 5743 5739 5742
f 5876 5875 5878
f 3678 9021 3686
f 4200 4207 4199
f 4114 3916 4149
f 3601 3605 3604
f 3818 3712 3817
f 3315 3317 3316
f 5899 5902 5901
f 8840 5883 8936
f 5562 5559 5560
f 4416 3448 4414
f 3189 3191 3190
f 4751 4747 4671
f 4181 4180 4177
f 3832 5454 5351
f 3362 3526 3361
f 5678 5699 5698
f 3497 3499 3498
f 448 807 447
f 647 122 270
f 5690 5677 5697
f 4183 4185 4184
f 1833 1780 1832
f 5920 5897 5923
f 510 508 507
f 4401 5944 5941
f 5656 5530 5936
f 3970 5940 4293
f 5653 5939 5946
f 5450 5946 5532
f 3384 5945 5487
f 4403 4299 5494
f 5944 3968 5949
f 3963 5951 3852
f 5614 3474 5935
f 5427 3857 5951
f 3210 1887 3201
f 1887 3200 3201
f 15 3197 3200
f 16 3195 3197
f 3195 3187 3194
f 3194 1899 3207
f 3207 375 3204
f 387 126 127
f 3189 1760 5650
f 9029 757 758
f 763 2172 2175
f 9035 9032 9033
f 9033 9031 9030
f 9046 9048 9047
f 8751 9054 8752
f 9078 9077 9079
f 9083 9051 9053
f 9088 9047 9048
f 9099 9040 9097
f 9102 9036 9099
f 9105 9032 9103
f 9105 9106 9031
f 1801 9108 9107
f 9103 9034 9102
f 9096 9047 9089
f 1767 9111 9112
f 1597 9113 1600
f 1708 9117 9116
f 9123 9119 9118
f 9118 9125 9124
f 1588 9116 1587
f 2080 9118 2082
f 2082 9124 2084
f 9126 9087 9083
f 9129 9088 9087
f 5512 5943 5947
f 5634 5488 5948
f 5724 5947 5616
f 9134 9097 9133
f 9144 9102 9138
f 9133 9096 9132
f 786 9144 785
f 9146 9103 9144
f 785 9138 497
f 497 9134 650
f 650 9133 564
f 9148 9133 9132
f 8756 9057 8753
f 9154 9130 9129
f 9151 9131 9130
f 9097 9090 9096
f 1799 9111 1768
f 5949 3964 3853
f 9160 8809 8811
f 8813 9160 8811
f 9166 564 9148
f 9067 9054 9052
f 9162 9148 9150
f 9087 9048 9051
f 9081 9079 9082
f 9049 9051 9048
f 9082 9167 9081
f 9079 9049 9046
f 9169 9175 9170
f 9167 9112 9081
f 9168 9177 9167
f 9120 9113 9177
f 9120 9169 9119
f 9119 9170 9125
f 9179 9125 9170
f 9180 9124 9125
f 9178 9170 9175
f 1576 2084 9124
f 9179 9183 9181
f 3203 1387 3190
f 3190 1791 3189
f 5618 1949 3210
f 317 259 391
f 2000 9105 9146
f 9053 9052 9054
f 9041 9036 9037
f 9029 756 2170
f 9037 9034 9035
f 9130 9089 9088
f 3204 376 3203
f 1801 9109 1799
f 9181 9180 9179
f 1575 9190 1088
f 9187 1576 9180
f 1776 1796 1775
f 1293 1290 1284
f 1326 1327 12
f 1294 1234 1290
f 878 1330 1337
f 5633 5490 5945
f 5933 3360 5502
f 5613 5948 5500
f 5604 3844 5720
f 3972 5950 5601
f 3494 4322 5950
f 4406 5615 4298
f 3492 4292 5943
f 5631 5495 5942
f 497 374 498
f 122 413 121
f 5624 3398 5416
f 9151 9156 9160
f 9058 8752 9054
f 9160 9150 9151
f 8815 9162 8813
f 9156 8794 8809
f 439 399 438
f 1512 1526 1511
f 1668 1738 1671
f 839 1362 838
f 1362 826 1012
f 3425 3418 4047
f 4905 5243 4808
f 4621 4662 4690
f 5582 5574 5577
f 4754 4756 4755
f 3902 4021 4022
f 9295 1896 9267
f 2053 2118 2117
f 9340 2120 2119
f 696 9268 9283
f 4922 4939 4924
f 4365 4186 4183
f 5105 4862 4670
f 5228 5226 5225
f 4781 4877 4794
f 5218 5238 5217
f 4990 4992 4991
f 4335 4336 4251
f 4993 4972 5002
f 4794 4792 4750
f 5886 8852 8851
f 5405 5417 5416
f 4669 4764 4668
f 4676 4698 4679
f 1826 639 640
f 9192 9181 9183
f 5232 5233 5204
f 5418 4122 5419
f 956 886 960
f 5720 3512 5717
f 4728 4730 4729
f 8879 8863 8862
f 1980 1922 807
f 4969 4966 4964
f 33 105 164
f 9028 3254 5437
f 3837 3839 3838
f 4382 4301 4383
f 3908 4122 4123
f 4290 4294 4291
f 4400 4055 4056
f 3219 3221 3220
f 8894 8877 8876
f 4640 4735 4630
f 4389 4216 4213
f 3267 4493 4451
f 3268 4463 4144
f 5097 5098 5088
f 5094 5096 5095
f 5654 5937 5938
f 4089 3960 3959
f 5159 5162 5160
f 5202 5249 5205
f 5412 5414 5413
f 5715 3516 5716
f 5723 4423 5726
f 4263 4323 4374
f 3994 3564 3774
f 1343 9308 9309
f 3470 5667 3464
f 5659 5671 5706
f 3319 4053 3299
f 9359 2128 9354
f 1766 1582 1594
f 14 2163 738
f 595 99 594
f 5703 3772 5702
f 5206 5229 5209
f 3437 3458 3457
f 5516 3487 5509
f 5122 5087 5123
f 3223 3934 3935
f 3979 5402 3978
f 3828 3320 3827
f 5663 4081 5664
f 4035 4490 4461
f 4426 5724 4425
f 3881 4447 4444
f 5407 4118 4119
f 5691 5689 5687
f 5661 5672 5671
f 5911 8901 8880
f 3902 3871 4046
f 5541 5539 5606
f 4069 5561 5562
f 3248 3292 3247
f 1346 1044 1352
f 748 1425 747
f 3297 3255 3934
f 5445 4056 5550
f 5783 5830 5831
f 4310 4376 4373
f 5857 5800 5802
f 3882 4452 3881
f 3193 3919 3951
f 3190 3206 3203
f 4266 4268 4267
f 4488 3420 4486
f 3331 3940 3330
f 4282 4284 4283
f 4606 4607 4605
f 4628 4708 4712
f 4659 4733 4658
f 4615 4829 4614
f 4718 4713 4717
f 5722 4421 5721
f 3307 3461 3433
f 4686 4634 4636
f 3966 3550 3978
f 4738 4875 4873
f 3416 3237 3341
f 4527 4208 4200
f 5093 5114 5092
f 5124 5086 5122
f 5117 5138 5139
f 4631 4640 4630
f 5166 5168 5167
f 5185 5187 5186
f 5194 5191 5171
f 3245 4118 9027
f 5214 5203 5200
f 3230 3318 3284
f 5237 5217 5238
f 5250 5258 5255
f 5113 5084 5085
f 5270 5269 5268
f 4906 5107 4768
f 5271 5267 5270
f 5276 5262 5263
f 5153 5174 5173
f 5290 5268 5291
f 5306 5303 5304
f 5147 5146 5143
f 4585 4856 4584
f 3226 5436 3225
f 4473 4504 4470
f 5765 8897 8895
f 4529 4247 4530
f 8923 8916 8917
f 5713 5682 5714
f 3315 3898 3322
f 5564 5537 5563
f 4468 4441 5466
f 3738 4163 4165
f 4577 4559 4560
f 5567 3366 3363
f 3587 4150 4151
f 5471 4504 4505
f 5860 5816 5817
f 3516 5558 5932
f 5436 5637 5437
f 5050 5083 5060
f 5547 3338 3339
f 9023 3295 4115
f 5708 4132 5711
f 4104 3814 3815
f 3718 4161 4162
f 5498 5679 5692
f 3884 4432 3883
f 3955 3877 3878
f 4049 4061 3977
f 8892 8875 8890
f 4572 4218 4569
f 4440 4442 4441
f 4497 3407 3408
f 4632 4633 4724
f 8906 8881 8902
f 5664 5670 5663
f 3751 3706 3707
f 3511 3736 3800
f 5129 5116 5117
f 5086 5098 5085
f 5135 5128 5136
f 5143 5145 5144
f 5168 5136 5137
f 5297 5246 5257
f 5164 5160 5162
f 5155 5171 5170
f 5137 5167 5168
f 5293 5307 5305
f 5513 4083 5515
f 4053 3825 4057
f 3228 3298 3227
f 3631 3635 3636
f 5689 5670 5693
f 5759 5883 5882
f 3793 3507 4134
f 4906 4891 4907
f 4719 4901 4720
f 3597 4095 4092
f 3352 4125 3262
f 9064 9058 9067
f 9076 9067 9077
f 9083 8794 9126
f 9131 9096 9089
f 9138 9099 9134
f 9154 9126 9156
f 9077 9052 9049
f 9053 8766 9083
f 9191 9187 9181
f 9082 9046 9193
f 9193 9168 9082
f 1284 1288 1285
f 9150 9132 9131
f 3841 3496 3493
f 3570 3336 4083
f 4027 4312 3258
f 4889 4781 4794
f 4041 4044 4043
f 4885 4813 4829
f 5419 3905 5430
f 4367 4227 4224
f 1778 1780 1779
f 1792 1584 1789
f 4308 3869 4307
f 4594 4762 4551
f 4767 4769 4768
f 5461 3366 3847
f 4763 4716 4720
f 4919 4915 4910
f 4300 4334 4333
f 5196 5198 5197
f 5158 5135 5136
f 5431 5433 5432
f 4545 4571 4544
f 4557 4594 4556
f 695 571 694
f 4156 3626 3694
f 4861 4670 4862
f 5681 5674 5682
f 5473 5580 5583
f 3622 4152 4151
f 5647 3574 3231
f 3674 3808 3649
f 4420 3498 3499
f 5675 5666 5674
f 3253 5439 3280
f 5870 5917 5912
f 8887 8919 8886
f 5862 5913 5915
f 3534 3485 3482
f 3313 4484 3312
f 9090 9046 9047
f 4871 4695 4855
f 3778 3822 3819
f 4889 4874 4875
f 4000 3784 4001
f 4897 4911 4910
f 3856 3838 3839
f 4772 4896 4771
f 4015 4376 4014
f 3433 3476 3435
f 4053 3302 3299
f 3367 3363 4434
f 3242 3831 3241
f 3441 4082 4081
f 4735 4855 4854
f 4756 4737 4689
f 3382 3384 3383
f 3698 3697 3682
f 4676 4678 4677
f 4948 4941 4944
f 4890 4805 4747
f 4757 4745 4737
f 4581 4380 4586
f 5716 5932 5597
f 4923 4926 4932
f 5077 5081 5076
f 5078 5058 5054
f 4009 5400 3952
f 5081 5078 5076
f 3930 4513 4514
f 4014 4028 4029
f 4025 4020 4021
f 3618 4096 3616
f 4581 4576 4580
f 4219 4188 4189
f 5440 3335 3272
f 5449 3323 3322
f 4229 4177 4202
f 4590 4214 4589
f 4227 4184 4226
f 4574 4858 4547
f 4565 5453 4563
f 4592 4588 4589
f 4590 4573 4579
f 3517 5521 3519
f 3845 3522 5423
f 4444 3884 3881
f 3982 5533 5535
f 4465 4497 4495
f 4520 4521 4496
f 4076 5591 5590
f 3635 3666 3634
f 3343 4498 5481
f 4022 3870 3871
f 3661 4098 3660
f 5691 5697 5692
f 3768 5742 5739
f 4514 3956 4518
f 3697 3814 3696
f 4394 5460 4395
f 4054 4057 4058
f 3284 3323 3559
f 4052 4169 4397
f 4447 4510 4446
f 4456 3346 4138
f 4483 3877 4482
f 4482 4512 4492
f 4492 4513 4516
f 5642 5439 5641
f 5448 5442 5440
f 5466 3882 3883
f 3340 4445 3339
f 8908 8910 8911
f 4397 3835 3980
f 5413 3521 5412
f 3234 3932 3233
f 5753 8895 8894
f 8896 5756 5755
f 8921 8889 8888
f 8915 8911 8916
f 3933 3935 3934
f 3620 3657 3623
f 3966 3968 3967
f 4905 4769 4770
f 3225 5437 3254
f 5433 3984 5435
f 5714 5693 5713
f 5435 3985 5436
f 3954 3955 3878
f 4713 4632 4724
f 4879 4632 4705
f 3983 3896 3897
f 9027 3248 3245
f 5871 5912 5904
f 5849 5891 5905
f 4702 4640 4641
f 4213 4579 4389
f 3644 3688 3689
f 9193 9040 9041
f 8920 8935 8919
f 5406 4130 4127
f 4140 5401 4139
f 5659 3904 5660
f 4772 4783 4834
f 4244 4246 4245
f 4061 4037 4038
f 3669 3803 3668
f 3459 3209 3202
f 4072 5484 4071
f 4835 4834 4819
f 5660 5661 5659
f 4262 4264 4263
f 3633 3627 3628
f 3685 3676 3686
f 4517 3235 3304
f 4145 4085 3544
f 5455 5459 3850
f 5638 5640 5641
f 3228 3254 3255
f 4044 3411 3412
f 3614 3612 3613
f 3273 3275 3274
f 4952 4961 4918
f 4959 4960 4963
f 4888 4761 4860
f 4254 4256 4255
f 4199 4201 4200
f 4499 4465 5480
f 5479 4496 4521
f 5952 5954 5955
f 5956 5958 5959
f 5959 5960 5961
f 5962 5964 5965
f 5966 5968 5969
f 5967 5971 5968
f 5963 5961 5960
f 5972 5964 5973
f 5974 5976 5977
f 5978 5980 5981
f 5982 5984 5985
f 5986 5985 5984
f 5988 5990 5991
f 5992 5994 5995
f 5996 5998 5999
f 6000 6002 6003
f 6004 6006 6007
f 6008 6010 6011
f 6012 6014 6015
f 6016 6018 6019
f 6020 6022 6023
f 6024 6026 6027
f 6028 6030 6031
f 6032 6034 6035
f 6036 6038 6039
f 6040 6013 6012
f 6042 6044 6045
f 5992 6047 5993
f 6048 6050 6051
f 6052 6054 6055
f 6056 6058 6059
f 6060 5987 5986
f 6062 6064 6065
f 6066 6068 6069
f 6070 6027 6026
f 6072 6057 6056
f 6075 6077 6074
f 6078 6080 6081
f 6082 6054 6084
f 6085 6081 6086
f 6087 5990 6088
f 6061 6089 5987
f 6089 6091 6092
f 6092 6093 6094
f 6095 5981 6096
f 6062 6084 6063
f 6097 6035 6034
f 6056 6099 6072
f 6100 6102 6103
f 6001 6104 6105
f 6107 6109 6106
f 6110 6112 6113
f 6114 6025 6115
f 6116 6118 6119
f 6120 6122 6123
f 6124 6126 6127
f 6128 6101 6100
f 6039 6131 6036
f 6132 6134 6135
f 6136 6138 6003
f 6139 6141 6142
f 6143 6145 6146
f 6148 6150 6147
f 6152 6154 6151
f 6155 6157 6158
f 6159 6161 6162
f 6163 6165 6166
f 6167 6169 6170
f 6171 6173 6174
f 6175 6104 6177
f 6178 6180 6181
f 6023 6183 6020
f 6184 6186 6187
f 6117 6188 6189
f 6190 6192 6193
f 6194 6026 6114
f 6195 6191 6190
f 6197 6199 6200
f 6201 6203 6204
f 6205 6207 6208
f 6209 6201 6204
f 6197 6211 6212
f 6212 6213 6214
f 5979 6214 6213
f 6203 6217 6204
f 6206 6198 6207
f 6218 5962 6219
f 5965 6219 5962
f 5972 3354 6221
f 6070 6222 6223
f 6224 6226 6227
f 6228 6230 6231
f 6232 6234 6235
f 6196 6236 6237
f 6071 6223 6238
f 6239 6241 6242
f 6243 6245 6246
f 6247 6248 6249
f 6250 6252 6253
f 6254 6256 6257
f 6258 6260 6261
f 6229 6263 6230
f 6264 6242 6241
f 6266 6268 6269
f 6270 6272 6273
f 6274 6276 6277
f 6195 6279 6236
f 6280 6281 6282
f 6283 6285 6286
f 6123 6287 6288
f 6289 6291 6292
f 6293 6243 6295
f 6240 6297 6241
f 6298 6267 6266
f 6300 6302 6303
f 6304 6306 6307
f 6251 6308 6309
f 6247 6311 6312
f 6313 6315 6316
f 6314 6317 6318
f 6319 6320 6321
f 6322 6088 6323
f 6216 6258 6217
f 6325 6327 6328
f 6217 6261 6329
f 6330 6238 6331
f 6071 6048 6027
f 6015 6333 6012
f 6079 6335 6080
f 6336 6240 6239
f 6294 6296 6240
f 6337 6339 6340
f 6341 6343 6344
f 6345 6347 6348
f 6266 6349 6298
f 6350 6352 6353
f 6295 6246 6354
f 6303 6356 6300
f 6357 6359 6360
f 6361 6363 6364
f 6365 6353 6366
f 6367 6369 6370
f 6371 6370 6372
f 6372 6374 6371
f 6375 6373 6376
f 6376 6378 6375
f 6379 6381 6382
f 6383 6385 6386
f 6387 6389 6390
f 6391 6393 6394
f 6395 6397 6398
f 6398 6400 6395
f 6399 6402 6400
f 6403 6401 6404
f 6405 6407 6408
f 6409 6411 6412
f 6367 6413 6414
f 6374 6415 6416
f 6417 6384 6383
f 6419 6348 6347
f 6421 6423 6424
f 6425 6400 6402
f 6426 6395 6400
f 6393 6428 6429
f 6429 6394 6393
f 6390 6431 6432
f 6433 6408 6407
f 6435 6437 6438
f 6439 6411 6438
f 6392 6441 6442
f 6397 6442 6443
f 6401 6444 6445
f 6446 6437 6404
f 6448 6450 6451
f 6452 6454 6455
f 6442 6456 6457
f 6443 6457 6458
f 6444 6460 6461
f 6445 6461 6462
f 6463 6462 6465
f 6446 6462 6464
f 6466 6468 6469
f 6448 6470 6471
f 6453 6472 6473
f 6474 6476 6477
f 6478 6480 6481
f 6482 6484 6485
f 6486 6488 6489
f 6490 6492 6493
f 6493 6494 6495
f 6496 6498 6499
f 6500 6502 6503
f 6504 6506 6507
f 6508 6509 6510
f 6511 6513 6508
f 6499 6515 6496
f 6516 6518 6519
f 6520 6522 6523
f 6524 6525 6526
f 6507 6527 6504
f 6504 6528 6510
f 6528 6508 6510
f 6529 6531 6532
f 6342 6534 6343
f 6535 6346 6536
f 6347 6537 6419
f 6434 6539 6408
f 6539 6405 6408
f 6541 6451 6450
f 6543 6470 6545
f 6546 6481 6547
f 6499 6548 6549
f 6549 6514 6499
f 6551 6553 6554
f 6555 6557 6558
f 6403 6423 6559
f 6426 6413 6416
f 6415 6428 6427
f 6430 6561 6562
f 6434 6420 6419
f 6563 6565 6566
f 6404 6445 6446
f 6459 6399 6398
f 6455 6388 6387
f 6405 6449 6406
f 6540 6450 6405
f 6567 6568 6569
f 6570 6463 6567
f 6475 6490 6465
f 6458 6571 6572
f 6573 6574 6575
f 6576 6578 6579
f 6193 6580 6581
f 6582 6584 6585
f 6583 6586 6587
f 6588 6587 6586
f 6590 6068 6591
f 6592 6594 6319
f 6251 6595 6252
f 6304 6597 6598
f 6272 6599 6273
f 3737 6558 6557
f 6600 6160 6601
f 6123 6603 6120
f 6604 6606 6607
f 6608 6208 6609
f 5972 6220 5965
f 6610 6612 6556
f 6613 6615 6616
f 6242 6618 6239
f 6226 6245 6227
f 6620 6622 6623
f 6624 6146 6625
f 6626 6211 6136
f 6627 6629 6630
f 6631 6633 6634
f 6235 6636 6232
f 6637 6639 6640
f 6641 6286 6642
f 6643 6645 6646
f 6647 6649 6650
f 6244 6294 6336
f 6336 6652 6244
f 6194 6237 6222
f 6196 6114 6191
f 6115 6191 6114
f 6653 6655 6656
f 6657 6189 6658
f 6117 6659 6118
f 6130 6156 6131
f 6133 6151 6134
f 6661 6662 6660
f 6663 6616 6552
f 6664 6273 6665
f 6418 6432 6431
f 6290 6328 6291
f 6666 6556 6612
f 6557 3805 3737
f 5971 6668 5968
f 6181 6670 6178
f 6671 6673 6674
f 6676 6672 6675
f 6675 6149 6676
f 6067 5999 5998
f 6677 6679 6680
f 6681 6683 6684
f 6087 6090 6089
f 5983 6685 6686
f 5982 6687 6685
f 6094 6688 6687
f 6211 6137 6136
f 6689 6691 6692
f 6690 3833 3832
f 6001 6686 6002
f 5978 6215 5979
f 6694 5978 6095
f 5974 6095 6695
f 6183 6696 6697
f 6698 5961 6218
f 5959 6699 5956
f 6697 6700 6701
f 6702 6703 6704
f 5968 6705 5969
f 6706 5955 5954
f 6707 6617 6708
f 6024 6709 6710
f 6402 6559 6425
f 3852 6712 3853
f 3856 6593 3857
f 5977 6694 5974
f 6713 5977 5976
f 6714 6716 6717
f 6718 6308 6250
f 6720 6254 6721
f 6722 6724 6725
f 6312 6726 6727
f 6069 6728 6729
f 6319 6730 6086
f 6731 6644 6732
f 6732 6734 6731
f 6046 6320 6047
f 3880 6666 6735
f 6736 6738 6739
f 6531 6741 6326
f 6300 6614 6613
f 6742 6325 6290
f 6743 3891 3890
f 6744 6301 6745
f 6746 6534 6533
f 6536 6579 6535
f 6535 6563 6537
f 6566 6537 6563
f 6538 6409 6539
f 6412 6539 6409
f 6412 6541 6540
f 6748 6542 6541
f 6749 6545 6542
f 6568 6547 6543
f 6751 6548 6546
f 6753 6550 6549
f 6755 6757 6758
f 6759 6761 6762
f 6763 6765 6762
f 6764 6623 6765
f 6766 6768 6769
f 6770 6772 6773
f 6774 6776 6777
f 6021 6777 6022
f 6723 6779 6724
f 6780 6782 6783
f 6784 6786 6787
f 6788 6790 6791
f 6185 6793 6186
f 6794 6725 6795
f 6729 6098 6097
f 6135 6798 6132
f 6799 6065 6800
f 6037 6802 6038
f 6005 6588 6586
f 6005 6804 6006
f 6052 6010 6805
f 6586 6803 6005
f 6092 5987 6089
f 6094 5985 6092
f 6096 6695 6095
f 6082 6799 6585
f 6657 6041 6659
f 6013 6658 6014
f 6795 6807 6808
f 6809 6811 6812
f 6813 6815 6816
f 6817 6819 6820
f 6821 6823 6824
f 6329 6204 6217
f 6202 6826 6203
f 6072 6827 6828
f 6598 6305 6304
f 6301 6613 6663
f 6830 6271 6270
f 6822 6778 6823
f 6326 6832 6327
f 6203 6833 6216
f 6027 6051 6024
f 6360 6835 6357
f 6836 6838 6839
f 6837 6841 6838
f 6362 6366 6363
f 6380 6384 6381
f 6421 6578 6842
f 6566 6410 6409
f 6394 6388 6391
f 6414 6368 6367
f 6371 6416 6413
f 6561 6378 6382
f 6382 6562 6561
f 6381 6418 6562
f 6389 6430 6431
f 6391 6454 6441
f 6441 6453 6456
f 6456 6473 6574
f 6495 6750 6568
f 6843 6485 6484
f 6844 6843 6846
f 6573 6847 6848
f 6849 6487 6486
f 6513 6752 6469
f 6517 6850 6503
f 6521 6851 6850
f 6844 6852 6853
f 6505 6510 6509
f 6753 6512 6754
f 6516 6521 6517
f 6614 6854 6615
f 6742 4003 3891
f 6708 6855 6856
f 6307 6857 6858
f 6307 6665 6304
f 6414 6425 6559
f 6416 6427 6426
f 6562 6431 6430
f 6419 6538 6434
f 6358 6839 6359
f 6059 6859 6860
f 6861 6863 6864
f 6865 6867 6868
f 6115 6869 6870
f 6871 6873 6874
f 6721 6596 6875
f 6876 6556 6555
f 6877 6552 6551
f 6551 6268 6877
f 6879 6265 6269
f 6239 6651 6336
f 6230 6619 6226
f 6171 6669 6880
f 6106 6882 6881
f 6883 6822 6821
f 6759 6187 6174
f 6725 6785 6807
f 6885 6808 6791
f 6886 6888 6031
f 6701 6756 6755
f 6884 6779 6822
f 6715 6309 6308
f 6889 6890 6891
f 6743 4042 6892
f 6270 6893 6830
f 6386 6895 6383
f 6895 6420 6896
f 6897 6417 6896
f 6897 6407 6898
f 6390 6899 6387
f 6900 6406 6449
f 6455 6901 6452
f 6902 6904 6471
f 6482 6905 6483
f 6501 6907 6502
f 6496 6908 6909
f 6532 6326 6325
f 6532 6743 6529
f 6612 6735 6666
f 6611 6910 6612
f 6626 5979 6213
f 6704 6105 6702
f 6913 6591 6914
f 6915 6795 6885
f 6229 4067 4066
f 6263 6289 6619
f 6745 6663 6877
f 6916 6757 6917
f 6885 6165 6915
f 6920 6783 6919
f 6921 6923 6924
f 6925 6924 6926
f 6927 6929 6930
f 6931 6933 6934
f 6935 6937 6938
f 6939 6941 6942
f 6943 6945 6946
f 6947 6949 6950
f 6944 6951 6952
f 6953 6955 6956
f 6957 6959 6960
f 6961 6929 6963
f 6964 6966 6967
f 6968 6970 6971
f 6969 6955 6970
f 6972 6946 6973
f 6974 6976 6977
f 6978 6980 6981
f 6940 6982 6983
f 6984 6986 6987
f 6988 6990 6991
f 6992 6989 6993
f 6994 6996 6997
f 6998 7000 7001
f 7002 7004 7005
f 7006 7008 7009
f 7010 7012 7013
f 7014 7016 7017
f 7018 6999 6998
f 7020 7022 7023
f 7024 7026 7027
f 7028 7030 7031
f 7032 7034 7035
f 7003 7036 7037
f 7038 7040 7027
f 6993 7030 7041
f 7042 7044 7045
f 7046 7007 7006
f 7011 7048 7049
f 7050 7052 7053
f 7054 7014 7055
f 7015 7056 7057
f 6621 7045 7044
f 7049 6775 6774
f 7051 6021 6020
f 7055 6701 7054
f 7054 6755 7056
f 6764 7047 7046
f 7020 7059 7013
f 7060 7062 7063
f 6958 7065 6959
f 6925 7067 6973
f 7068 6934 6926
f 7069 6991 7070
f 7071 7072 7073
f 7074 7076 7077
f 7078 7080 7081
f 7014 7082 7083
f 7084 7086 7087
f 7025 7031 7026
f 7085 7072 7088
f 7089 7087 7090
f 7055 7083 7091
f 7090 6770 6773
f 7092 7094 7095
f 7091 6697 7055
f 6770 7086 6758
f 7095 6767 6766
f 7096 6980 7097
f 7098 6940 7099
f 7058 7023 7100
f 7101 6930 7102
f 6974 7063 6967
f 7103 6971 7104
f 7105 6981 6977
f 7106 7036 7108
f 7109 7010 7110
f 7111 7018 7034
f 7098 7037 7100
f 7048 7112 6775
f 7113 7041 6997
f 6994 7115 7088
f 6965 6923 6966
f 6975 6945 6976
f 7061 7065 7062
f 6954 6933 6963
f 6763 7109 7047
f 7046 6620 6764
f 6947 7067 6956
f 6758 7056 6755
f 7118 7039 7038
f 7038 7070 7118
f 7106 7121 7122
f 7123 7053 7052
f 7123 7083 7082
f 7045 7006 7042
f 7107 7122 7009
f 7091 7052 7051
f 7091 6020 6183
f 6936 7097 6937
f 7125 6960 7102
f 6774 7050 7049
f 7119 6942 7039
f 7019 7005 6999
f 7011 7124 7012
f 7021 7040 7022
f 7114 7016 7115
f 7053 7049 7050
f 7086 7057 7056
f 6993 7127 6992
f 7075 7113 7076
f 4281 6603 7128
f 6012 7129 6040
f 7130 6584 7131
f 6797 7133 6798
f 6074 7135 6075
f 6789 6173 6790
f 6760 6776 6761
f 7136 6801 6589
f 6914 6674 6913
f 7007 7059 7008
f 7099 7003 7098
f 6984 7104 6938
f 7110 7047 7109
f 6333 6587 7129
f 5956 6667 5971
f 5957 5971 5970
f 7137 6308 6719
f 4292 6718 6250
f 6693 6668 6215
f 6215 6667 6214
f 6214 6699 6212
f 6698 6212 6699
f 6219 6198 6218
f 6207 6220 6208
f 6220 6609 6208
f 6262 4066 4003
f 7138 7140 7141
f 4298 7140 4299
f 7143 7145 7146
f 7147 7144 7149
f 7149 7151 7147
f 7150 7153 7151
f 6329 7154 7152
f 6261 7155 7154
f 7156 7157 7158
f 6598 7159 7160
f 6257 7161 7162
f 6256 4321 7161
f 6693 6706 6705
f 5954 6705 6706
f 5953 5969 5954
f 7163 5983 6912
f 7164 6138 7166
f 7167 7169 7170
f 6141 7172 6142
f 7166 7173 7164
f 6141 7174 7175
f 7176 7178 7179
f 7180 7182 7183
f 7184 7186 7187
f 6631 7183 7188
f 6218 6197 6698
f 6625 7189 6624
f 6814 7190 7191
f 6882 7193 7194
f 7195 6109 6108
f 6888 7198 7199
f 7200 7202 7203
f 7176 6630 7204
f 6029 7187 6030
f 7205 7207 7208
f 7209 7211 7212
f 7203 7213 7214
f 6886 6778 6723
f 6031 7215 6886
f 7216 7218 7219
f 7220 6880 6669
f 6076 7220 7222
f 6074 6672 6671
f 6147 6662 7223
f 7223 6111 6110
f 6810 6113 6112
f 6920 6914 6591
f 6077 6675 6672
f 6660 6076 6661
f 7222 6669 6181
f 7224 6181 6180
f 6660 6150 6675
f 7225 6794 6915
f 6783 7225 6164
f 6781 6068 6067
f 7217 7228 7218
f 6031 7199 6028
f 6887 6723 6722
f 6164 6915 6165
f 6780 6591 6068
f 7134 6671 6914
f 7229 6824 6823
f 7187 7230 7229
f 7226 6722 6794
f 7231 6169 7233
f 7201 7233 7202
f 6107 7235 7200
f 7215 6823 6778
f 6030 7229 7215
f 7236 7219 7179
f 7237 6820 6819
f 7237 7207 7238
f 7239 7241 7242
f 6739 7244 6736
f 7245 7242 7246
f 7233 6168 7247
f 7247 7202 7233
f 7195 7203 7214
f 7248 7250 6703
f 7227 7252 7228
f 7253 5998 7251
f 6067 7198 6781
f 6781 7197 6782
f 5984 6683 5986
f 7254 6678 6684
f 6679 7252 5997
f 6887 7197 6888
f 6782 7226 7225
f 7135 6163 7221
f 7221 6075 7135
f 6661 7222 7224
f 7224 6111 6661
f 6180 6112 7224
f 6179 6810 6180
f 6811 6793 6649
f 6650 6622 6769
f 6766 7044 7095
f 7095 7043 7092
f 7092 7121 7081
f 7078 7255 7033
f 7256 7257 7258
f 6768 7259 6647
f 6773 7094 7090
f 7090 7093 7089
f 7089 7080 7073
f 7071 7032 7260
f 7077 6998 7074
f 6995 7260 6996
f 7077 7261 7035
f 7035 7018 7077
f 7108 7111 7255
f 6978 7262 7001
f 7105 7264 7262
f 7263 6952 7264
f 6990 6951 7265
f 6972 7266 7265
f 7117 6950 7266
f 6948 7267 6949
f 6969 6982 7267
f 7103 6987 6983
f 7005 6986 7268
f 6999 7268 7000
f 7269 7271 7272
f 7274 7275 7273
f 7274 7276 7277
f 7278 7280 7281
f 7282 7284 7285
f 7286 7288 7289
f 7290 7292 7293
f 7294 7296 7293
f 7068 7298 7299
f 7300 7302 7303
f 7304 7305 7306
f 7307 7305 7308
f 7309 7283 7310
f 7311 7313 7314
f 7125 7306 7315
f 7285 7280 7282
f 7277 7303 7302
f 6965 7316 7317
f 7318 7316 7319
f 7320 7271 7314
f 7312 7296 7313
f 7270 7298 7322
f 7311 7322 7317
f 6961 7300 7308
f 7323 7325 7326
f 7327 7328 7329
f 7064 7325 7328
f 7287 7292 7288
f 6931 7299 7301
f 7331 7329 7319
f 7332 7334 7335
f 7336 7338 7339
f 7340 7333 7332
f 7342 7343 7344
f 7345 7347 7344
f 7348 7350 7351
f 7352 7354 7355
f 7356 7358 7359
f 7360 7362 7363
f 7365 7367 7364
f 7368 7370 7371
f 7372 7336 7374
f 7373 7337 7336
f 7367 7376 7377
f 7378 7380 7381
f 7382 7384 7385
f 7386 7385 7384
f 7388 7390 7391
f 7392 7333 7393
f 7394 7396 7397
f 7398 7400 7401
f 7402 7404 7405
f 7406 7408 7409
f 7410 7383 7382
f 7412 7414 7415
f 7385 7417 7382
f 7389 7419 7390
f 7373 7421 7375
f 7420 7372 7422
f 7369 7424 7370
f 7399 7397 7425
f 7393 7341 7342
f 7398 7357 7426
f 7358 7401 7427
f 7428 7430 7431
f 7433 7435 7432
f 7363 7436 7437
f 7383 7439 7384
f 7411 7438 7383
f 7441 7443 7444
f 7445 7339 7447
f 7374 7339 7446
f 7444 7364 7448
f 7448 7450 7449
f 7364 7451 7450
f 7451 7377 7452
f 7449 7454 7453
f 7455 7450 7451
f 7456 7451 7452
f 7410 7458 7459
f 7460 7462 7369
f 7423 7462 7463
f 7464 7466 7467
f 7468 7347 7470
f 7376 7471 7472
f 7425 7396 7473
f 7475 7477 7474
f 7478 7480 7481
f 7482 7407 7406
f 7484 7351 7486
f 7487 7488 7489
f 7490 7492 7493
f 7412 7434 7433
f 7494 7434 7415
f 7496 7391 7497
f 7440 7498 7499
f 7401 7488 7500
f 7485 7345 7501
f 7500 7427 7401
f 7395 7469 7468
f 7503 7505 7506
f 7507 7509 7510
f 7511 7513 7514
f 7511 7515 7516
f 7517 7519 7520
f 7521 7523 7355
f 7352 7525 7526
f 7415 7527 7494
f 7528 7530 7486
f 7404 7502 7500
f 7477 7496 7532
f 7512 7481 7513
f 7405 7500 7488
f 7533 7535 7536
f 7378 7510 7537
f 7532 7379 7538
f 7539 7541 7542
f 7524 7355 7523
f 7351 7501 7348
f 7414 7523 7527
f 7522 7527 7523
f 7544 7412 7545
f 7546 7547 7548
f 7526 7353 7352
f 7550 7355 7354
f 7521 7551 7548
f 7552 7548 7551
f 7546 7553 7554
f 7522 7548 7547
f 7418 7520 7555
f 7416 7554 7417
f 7457 7558 7458
f 7557 7560 7558
f 7535 7561 7562
f 7562 7563 7564
f 7564 7349 7348
f 7351 7565 7486
f 7567 7569 7566
f 7570 7520 7519
f 7419 7555 7571
f 7572 7348 7501
f 7389 7556 7418
f 7573 7493 7480
f 7552 7534 7553
f 7562 7536 7535
f 7572 7576 7574
f 7422 7578 7420
f 7423 7580 7424
f 7579 7463 7581
f 7578 7576 7582
f 7583 7381 7380
f 7586 7581 7585
f 7533 7579 7586
f 7447 7338 7587
f 7588 7531 7589
f 7590 7431 7591
f 7321 7592 7585
f 7275 7463 7273
f 7461 7276 7462
f 7279 7461 7453
f 7453 7593 7279
f 7594 7454 7455
f 7330 7498 7459
f 7459 7294 7330
f 7558 7595 7295
f 7560 7320 7595
f 7275 7585 7581
f 7462 7273 7463
f 7596 7380 7497
f 7597 7406 7409
f 7467 7599 7600
f 7601 7603 7604
f 7605 7444 7443
f 7365 7606 7366
f 7607 7494 7608
f 7513 7473 7396
f 7396 7514 7513
f 7514 7468 7515
f 7470 7515 7468
f 7610 7609 7470
f 7612 7476 7475
f 7613 7529 7614
f 7442 7615 7616
f 7343 7617 7618
f 7574 7577 7536
f 7619 7399 7491
f 7518 7509 7519
f 7491 7425 7492
f 7549 7621 7565
f 7491 7622 7619
f 7377 7440 7452
f 7379 7497 7380
f 7453 7460 7449
f 7411 7459 7498
f 7623 7391 7390
f 7625 7610 7484
f 7487 7483 7626
f 7619 7408 7489
f 7627 7620 7549
f 7538 7378 7537
f 7389 7477 7476
f 7629 7412 7433
f 7489 7407 7487
f 7628 7598 7597
f 7413 7524 7414
f 7592 7559 7630
f 7584 7632 7381
f 7569 7633 7571
f 7570 7566 7569
f 7631 7566 7632
f 7508 7519 7509
f 7614 7480 7613
f 7346 7470 7347
f 7572 7562 7564
f 7571 7634 7419
f 7346 7484 7610
f 7607 7431 7495
f 7585 7630 7586
f 7624 7497 7391
f 7635 7384 7439
f 7636 7502 7588
f 7323 7310 7289
f 7420 7582 7421
f 7637 7455 7456
f 7287 7499 7498
f 7458 7295 7294
f 7439 7472 7635
f 7599 7604 7600
f 7359 7427 7636
f 7436 7639 7437
f 7490 7640 7622
f 7481 7493 7473
f 7641 7505 7525
f 7642 7627 7644
f 7492 7473 7493
f 7517 7625 7530
f 7625 7486 7530
f 7634 7390 7419
f 7474 7532 7516
f 7448 7441 7444
f 7368 7449 7460
f 7615 7368 7371
f 7638 7602 7639
f 7575 7501 7345
f 7571 7570 7569
f 7400 7489 7488
f 7508 7632 7566
f 7503 7540 7539
f 6957 7315 7326
f 7376 7438 7377
f 7507 7381 7632
f 7499 7452 7440
f 7286 7456 7499
f 7504 7644 7505
f 7368 7460 7369
f 7645 7627 7643
f 7647 7633 7646
f 7647 7623 7634
f 7649 7623 7648
f 7650 7624 7649
f 7646 7568 7651
f 7651 7567 7652
f 7653 7567 7631
f 7651 7655 7646
f 7656 7658 7659
f 7660 7657 7661
f 7663 7656 7662
f 7664 7663 7666
f 7667 7663 7662
f 7667 7668 7655
f 7663 7661 7657
f 7670 7672 7669
f 7661 7671 7660
f 7659 7662 7656
f 7648 7668 7659
f 7648 7673 7649
f 7659 7674 7673
f 7658 7675 7674
f 7668 7646 7655
f 7660 7676 7675
f 7675 7678 7674
f 7677 7676 7679
f 7677 7681 7678
f 7682 7678 7681
f 7677 7684 7680
f 7673 7678 7683
f 7683 7649 7673
f 7685 7671 7670
f 7667 7686 7666
f 7666 7687 7664
f 7654 7686 7655
f 7689 7686 7688
f 7664 7691 7690
f 7650 7583 7596
f 7693 7631 7584
f 7584 7692 7693
f 7693 7682 7694
f 7694 7681 7695
f 7694 7653 7693
f 7650 7682 7692
f 7696 7652 7653
f 7654 7652 7697
f 7688 7697 7698
f 7699 7697 7696
f 7700 7698 7699
f 7695 7696 7694
f 7699 7702 7700
f 7689 7698 7701
f 7689 7703 7704
f 7705 7707 7703
f 7701 7705 7703
f 7704 7707 7685
f 7685 7691 7704
f 7687 7704 7691
f 7680 7695 7681
f 7684 7702 7680
f 7702 7705 7700
f 7684 7707 7706
f 7676 7707 7679
f 7665 7672 7661
f 7670 7690 7691
f 7665 7690 7669
f 7611 7474 7609
f 7510 7479 7478
f 7511 7537 7512
f 7516 7538 7511
f 7517 7613 7518
f 7537 7478 7512
f 7611 7612 7475
f 7613 7479 7518
f 7556 7517 7520
f 7516 7609 7474
f 7708 7710 7711
f 7712 7714 7715
f 7713 7717 7714
f 7719 7721 7718
f 7722 7597 7409
f 7724 7715 7725
f 7726 7728 7729
f 7731 7573 7730
f 7730 7614 7732
f 7733 7735 7736
f 7721 7724 7737
f 7731 7409 7640
f 7708 7729 7738
f 7737 7709 7739
f 7716 7736 7740
f 7742 7744 7745
f 7740 7735 7746
f 7717 7740 7747
f 7716 7720 7741
f 7748 7711 7710
f 7750 7710 7725
f 7720 7751 7741
f 7734 7728 7735
f 7709 7725 7710
f 7752 7715 7714
f 7739 7708 7738
f 7720 7712 7721
f 7749 7755 7711
f 7745 7756 7747
f 7746 7742 7745
f 7743 7755 7754
f 7727 7735 7728
f 7747 7757 7717
f 7753 7725 7715
f 7751 7620 7733
f 7757 7714 7717
f 7718 7737 7732
f 7747 7746 7745
f 7727 7755 7742
f 7726 7711 7755
f 7759 7756 7758
f 7759 7752 7757
f 7760 7753 7752
f 7761 7750 7753
f 7758 7744 7763
f 7763 7743 7764
f 7754 7764 7743
f 7763 7767 7758
f 7768 7770 7771
f 7772 7771 7773
f 7775 7772 7774
f 7776 7775 7778
f 7779 7775 7774
f 7775 7769 7768
f 7770 7781 7780
f 7782 7772 7773
f 7760 7782 7773
f 7760 7783 7761
f 7773 7784 7783
f 7770 7784 7771
f 7779 7782 7767
f 7782 7758 7767
f 7785 7780 7786
f 7785 7788 7784
f 7787 7786 7789
f 7787 7791 7788
f 7792 7788 7791
f 7787 7794 7790
f 7793 7784 7788
f 7762 7783 7793
f 7796 7780 7795
f 7795 7781 7797
f 7779 7798 7778
f 7799 7778 7798
f 7766 7798 7767
f 7800 7799 7798
f 7802 7799 7803
f 7795 7802 7803
f 7762 7748 7750
f 7805 7754 7749
f 7749 7804 7805
f 7805 7792 7806
f 7806 7791 7807
f 7806 7765 7805
f 7793 7804 7762
f 7808 7764 7765
f 7766 7764 7809
f 7766 7810 7800
f 7811 7809 7808
f 7812 7810 7811
f 7807 7808 7806
f 7811 7814 7812
f 7813 7800 7810
f 7801 7815 7816
f 7817 7819 7815
f 7813 7817 7815
f 7816 7819 7796
f 7796 7803 7816
f 7799 7816 7803
f 7790 7807 7791
f 7794 7814 7790
f 7814 7817 7812
f 7794 7819 7818
f 7786 7819 7789
f 7777 7781 7769
f 7777 7802 7797
f 7528 7718 7529
f 7729 7723 7722
f 7738 7730 7739
f 7732 7739 7730
f 7733 7628 7734
f 7722 7738 7729
f 7621 7719 7528
f 7628 7723 7734
f 7733 7741 7751
f 7732 7529 7718
f 7486 7621 7528
f 7549 7350 7353
f 7353 7349 7354
f 7354 7563 7550
f 7821 7823 7820
f 7824 7826 7827
f 7825 7829 7826
f 7830 7832 7833
f 7834 7827 7835
f 7836 7838 7839
f 7840 7406 7841
f 7841 7598 7842
f 7843 7845 7846
f 7833 7834 7847
f 7848 7836 7839
f 7847 7821 7849
f 7828 7846 7850
f 7853 7855 7852
f 7850 7845 7856
f 7829 7850 7857
f 7828 7832 7851
f 7858 7823 7822
f 7860 7822 7835
f 7831 7851 7832
f 7844 7838 7845
f 7834 7822 7821
f 7863 7827 7826
f 7849 7820 7848
f 7825 7833 7832
f 7859 7866 7823
f 7855 7867 7857
f 7837 7855 7856
f 7865 7852 7866
f 7837 7845 7838
f 7857 7868 7829
f 7864 7835 7827
f 7843 7642 7504
f 7868 7826 7829
f 7830 7847 7842
f 7857 7856 7855
f 7837 7866 7852
f 7836 7823 7866
f 7870 7867 7869
f 7870 7863 7868
f 7871 7864 7863
f 7872 7860 7864
f 7869 7854 7874
f 7874 7853 7875
f 7876 7853 7865
f 7874 7878 7869
f 7879 7881 7882
f 7883 7882 7884
f 7886 7883 7885
f 7887 7886 7889
f 7890 7886 7885
f 7886 7880 7879
f 7891 7880 7892
f 7884 7885 7883
f 7871 7893 7884
f 7871 7894 7872
f 7884 7895 7894
f 7882 7896 7895
f 7890 7893 7878
f 7893 7869 7878
f 7881 7897 7896
f 7898 7895 7896
f 7900 7896 7897
f 7901 7899 7898
f 7904 7902 7903
f 7898 7905 7901
f 7894 7899 7904
f 7904 7872 7894
f 7907 7891 7906
f 7906 7892 7908
f 7890 7909 7889
f 7910 7889 7909
f 7877 7909 7878
f 7912 7909 7911
f 7887 7914 7913
f 7906 7913 7914
f 7873 7858 7860
f 7916 7865 7859
f 7859 7915 7916
f 7916 7903 7917
f 7917 7902 7918
f 7917 7876 7916
f 7873 7903 7915
f 7919 7875 7876
f 7877 7875 7920
f 7911 7920 7921
f 7922 7920 7919
f 7923 7921 7922
f 7918 7919 7917
f 7922 7925 7923
f 7924 7911 7921
f 7912 7926 7927
f 7928 7930 7926
f 7924 7928 7926
f 7927 7930 7907
f 7907 7914 7927
f 7910 7927 7914
f 7901 7918 7902
f 7905 7925 7901
f 7925 7928 7923
f 7905 7930 7929
f 7897 7930 7900
f 7888 7892 7880
f 7888 7913 7908
f 7645 7831 7830
f 7839 7862 7931
f 7841 7848 7840
f 7842 7849 7841
f 7504 7844 7843
f 7839 7840 7848
f 7643 7861 7831
f 7503 7862 7844
f 7846 7861 7843
f 7842 7645 7830
f 7932 7934 7935
f 7936 7938 7939
f 7937 7941 7938
f 7942 7944 7945
f 7947 7949 7946
f 7950 7939 7951
f 7953 7955 7952
f 7956 7958 7959
f 7956 7540 7960
f 7962 7964 7961
f 7936 7965 7945
f 7946 7958 7957
f 7966 7952 7955
f 7965 7933 7967
f 7968 7969 7964
f 7970 7972 7973
f 7974 7964 7963
f 7941 7968 7975
f 7940 7944 7969
f 7976 7935 7934
f 7978 7934 7951
f 7943 7969 7944
f 7947 7963 7962
f 7933 7951 7934
f 7980 7939 7938
f 7967 7932 7966
f 7937 7945 7944
f 7977 7983 7935
f 7973 7984 7975
f 7953 7973 7974
f 7982 7970 7983
f 7974 7954 7953
f 7975 7985 7941
f 7981 7951 7939
f 7961 7544 7545
f 7985 7938 7941
f 7942 7965 7960
f 7975 7974 7973
f 7952 7970 7953
f 7952 7935 7983
f 7987 7984 7986
f 7987 7980 7985
f 7988 7981 7980
f 7989 7978 7981
f 7986 7972 7991
f 7991 7971 7992
f 7993 7971 7982
f 7986 7994 7995
f 7997 7999 7996
f 8000 7999 8001
f 8003 8000 8002
f 8005 8006 8004
f 8007 8003 8002
f 7996 8005 7997
f 7998 8009 8008
f 8010 8000 8001
f 7988 8010 8001
f 7988 8011 7989
f 8011 7999 8012
f 7998 8012 7999
f 8007 8010 7995
f 8010 7986 7995
f 8013 8008 8014
f 8015 8012 8013
f 8017 8013 8014
f 8018 8016 8015
f 8021 8019 8020
f 8015 8022 8018
f 8011 8016 8021
f 8021 7989 8011
f 8023 8014 8008
f 8023 8009 8025
f 8007 8026 8006
f 8026 8004 8006
f 8028 7995 7994
f 8029 8026 8028
f 8030 8027 8031
f 8023 8030 8031
f 7990 7976 7978
f 8033 7982 7977
f 7976 8033 7977
f 8034 8032 8020
f 8035 8020 8019
f 8034 7993 8033
f 7990 8020 8032
f 8036 7992 7993
f 7991 8037 7994
f 7994 8038 8028
f 8039 8037 8036
f 8040 8038 8039
f 8035 8036 8034
f 8039 8042 8040
f 8041 8028 8038
f 8029 8043 8044
f 8045 8047 8043
f 8041 8045 8043
f 8044 8047 8024
f 8024 8031 8044
f 8027 8044 8031
f 8042 8019 8018
f 8022 8042 8018
f 8042 8045 8040
f 8017 8046 8022
f 8014 8047 8017
f 8005 8009 7997
f 8005 8030 8025
f 7506 7943 7942
f 7954 7946 7955
f 7967 7957 7956
f 7960 7967 7956
f 7948 7962 8048
f 7955 7957 7966
f 7641 7979 7943
f 7969 7961 7964
f 7960 7506 7942
f 7362 8050 7436
f 8052 7464 8051
f 8051 7467 8053
f 8054 7600 7604
f 8056 7618 8052
f 7436 8057 7638
f 8049 7361 8056
f 8057 7603 7638
f 8055 7467 7600
f 8058 7604 7603
f 8059 8058 8057
f 8060 8054 8058
f 8061 8055 8054
f 8062 8053 8055
f 8059 8050 8064
f 8064 8049 8065
f 8056 8065 8049
f 8059 8067 8068
f 8069 8071 8072
f 8073 8072 8074
f 8075 8073 8076
f 8077 8075 8076
f 8075 8070 8069
f 8079 8081 8070
f 8082 8070 8081
f 8083 8073 8074
f 8061 8083 8074
f 8061 8084 8062
f 8074 8085 8084
f 8072 8086 8085
f 8077 8083 8068
f 8083 8059 8068
f 8071 8087 8086
f 8088 8085 8086
f 8090 8086 8087
f 8091 8089 8088
f 8094 8092 8093
f 8088 8095 8091
f 8084 8089 8094
f 8094 8062 8084
f 8097 8082 8096
f 8096 8081 8080
f 8077 8098 8078
f 8099 8078 8098
f 8101 8068 8067
f 8102 8098 8101
f 8100 8104 8103
f 8096 8103 8104
f 8075 8100 8079
f 8079 8103 8080
f 8105 8053 8063
f 8066 8052 8106
f 8051 8106 8052
f 8107 8105 8093
f 8108 8093 8092
f 8107 8066 8106
f 8063 8093 8105
f 8109 8065 8066
f 8064 8110 8067
f 8067 8111 8101
f 8112 8110 8109
f 8113 8111 8112
f 8108 8109 8107
f 8112 8115 8113
f 8114 8101 8111
f 8102 8116 8117
f 8118 8120 8116
f 8114 8118 8116
f 8117 8120 8097
f 8097 8104 8117
f 8099 8117 8104
f 8091 8108 8092
f 8095 8115 8091
f 8115 8118 8113
f 8095 8120 8119
f 8087 8120 8090
f 7550 7561 7551
f 7552 7561 7535
f 7931 7539 7542
f 7640 7408 7622
f 7549 7644 7627
f 7525 7544 7641
f 7931 7482 7840
f 7483 7542 7541
f 7626 7405 7487
f 7629 7432 8121
f 7629 7949 7948
f 8122 7949 8121
f 8123 8121 7432
f 8124 7432 7435
f 7434 8125 7435
f 8125 8124 7435
f 8124 7429 8126
f 8123 8126 8127
f 8122 8127 8128
f 7541 7959 8128
f 7404 8129 7531
f 8125 7431 7430
f 7526 7505 7644
f 7626 7541 8128
f 7959 8122 8128
f 7961 8048 7962
f 7629 8048 7545
f 8127 7626 8128
f 7402 8126 7403
f 8129 8126 7429
f 7428 8129 7429
f 7589 7428 7590
f 7471 7366 7606
f 7334 7426 7357
f 7335 7357 7356
f 7616 7446 7445
f 7392 7398 7426
f 7393 7397 7392
f 7342 7394 7393
f 7344 7469 7342
f 7343 7361 7360
f 7360 7344 7343
f 7363 7345 7360
f 7437 7575 7363
f 7582 7437 7639
f 7421 7639 7602
f 7375 7602 7601
f 7599 7375 7601
f 7465 7618 7617
f 7332 7587 7340
f 7447 7335 7445
f 7445 7356 7616
f 7359 7616 7356
f 7636 7442 7359
f 7588 7443 7636
f 7589 7605 7588
f 7590 7606 7589
f 7471 7591 7472
f 7446 7371 7374
f 7371 7372 7374
f 7422 7370 7424
f 7577 7424 7580
f 7536 7580 7533
f 7591 7635 7472
f 7607 7386 7635
f 7543 7494 7527
f 7547 7543 7522
f 7608 7387 7386
f 7387 7416 7385
f 7457 7382 7417
f 7557 7417 7554
f 7559 7554 7553
f 7630 7553 7534
f 7534 7586 7630
f 7466 7337 7599
f 7465 7338 7466
f 7617 7587 7465
f 7341 7617 7343
f 8130 6090 8131
f 6023 8132 8133
f 6182 8133 6784
f 6623 6792 6185
f 6787 6182 6784
f 8134 6696 6787
f 6917 6756 8135
f 6762 7112 6763
f 6762 6184 6759
f 6765 6185 6184
f 6650 6768 6647
f 6772 6916 7259
f 6777 6789 6788
f 6022 6788 8132
f 6756 8134 8135
f 6758 6771 6770
f 6761 6775 7112
f 6769 6621 6766
f 6772 6767 6773
f 6174 6760 6759
f 6187 6178 6670
f 6811 6648 6812
f 6786 6724 6779
f 6791 6918 6885
f 6186 6179 6178
f 6808 8133 8132
f 6884 8135 8134
f 6174 6670 6171
f 6807 6784 8133
f 6791 8132 6788
f 6786 8134 6787
f 6790 6172 6918
f 6649 6792 6650
f 6316 8136 6717
f 8137 6654 8138
f 8139 6601 6160
f 6656 6580 6870
f 6868 8142 6865
f 6316 6711 6313
f 6864 8144 6861
f 6864 8145 6860
f 6868 6869 6710
f 6656 6866 6653
f 8146 8148 8149
f 8139 8151 6640
f 8152 6866 6865
f 8154 8138 6654
f 6874 8156 8157
f 8158 8159 6805
f 8160 6865 8142
f 8161 6313 6711
f 6161 8162 8163
f 8164 6654 6653
f 8153 6653 6866
f 8165 8167 8168
f 8166 8169 8167
f 5989 8170 8169
f 5988 8171 8170
f 8172 6043 6042
f 8174 6032 6035
f 8174 6098 8176
f 8176 6796 8177
f 8177 8178 8179
f 7132 6728 7133
f 6589 8180 7136
f 8180 6004 8181
f 8181 6007 8182
f 6334 6731 6734
f 6079 6645 6731
f 6078 6646 6645
f 6085 8184 6646
f 6091 8185 6093
f 6086 8183 6085
f 6950 7118 7070
f 6952 6992 7127
f 6983 6968 7103
f 6987 7004 7099
f 7001 6979 6978
f 7001 7074 6998
f 7262 7075 7074
f 7264 7127 7075
f 7265 6943 6972
f 7265 6991 6990
f 7266 7070 6991
f 6949 7119 7118
f 7267 6939 7119
f 6983 7099 6940
f 7268 6985 8186
f 7000 8186 6979
f 6938 6985 6984
f 6946 6922 6921
f 6956 6948 6947
f 6971 6928 6927
f 6970 6954 6928
f 6973 6921 6925
f 6977 7263 7105
f 6981 7061 7060
f 6973 7117 6972
f 7097 6979 8186
f 7104 6927 7101
f 6977 7060 6974
f 6976 6944 7263
f 6956 7066 6953
f 6937 8186 6985
f 6938 7101 6935
f 6924 7116 7297
f 6926 7297 7068
f 6930 6962 7304
f 6934 6953 7066
f 6960 6936 6935
f 6963 6928 6954
f 6967 6975 6974
f 7063 7327 7331
f 6959 7096 6936
f 6926 7066 6925
f 7102 7304 7125
f 6967 7331 6964
f 6966 6922 6975
f 7062 7064 7327
f 6963 6932 6961
f 7102 6935 7101
f 7299 7269 8187
f 7301 6932 6931
f 7306 7285 7284
f 7308 6962 6961
f 7315 7284 7309
f 7317 7312 7311
f 7319 6964 7331
f 7322 7297 7116
f 7317 7116 6965
f 7308 7303 7307
f 7326 6958 6957
f 7329 7291 7290
f 7328 7324 7291
f 7301 8187 7302
f 7319 7290 7318
f 7326 7309 7323
f 7272 7321 7275
f 7272 8187 7269
f 7274 7302 8187
f 7281 7307 7303
f 7283 7593 7594
f 7289 7324 7323
f 7293 7330 7294
f 7293 7318 7290
f 7310 7594 7637
f 7314 7595 7320
f 7282 7279 7593
f 7278 7277 7276
f 7314 7270 7311
f 7313 7295 7595
f 7288 7291 7324
f 7289 7637 7286
f 6003 6626 6136
f 6003 7165 6000
f 6690 8189 6691
f 6686 5981 5980
f 6685 6096 5981
f 6687 6806 6096
f 6002 5980 6626
f 6606 5351 5350
f 7164 8190 8191
f 8192 7174 8193
f 6015 8153 8152
f 6189 8155 8154
f 8157 6284 6283
f 6332 8152 8160
f 6593 6317 8161
f 6658 8154 8164
f 6014 8164 8153
f 6332 7131 6333
f 6805 6321 6052
f 6146 8162 6625
f 6607 8195 6604
f 8196 6125 8197
f 8198 7168 8199
f 8199 6633 8200
f 7177 8201 7178
f 8202 8204 8205
f 7208 7185 7205
f 7237 7186 7208
f 6819 7230 7237
f 6818 6824 6819
f 8206 6821 6818
f 8207 8135 8208
f 6917 8209 6916
f 8209 7259 6916
f 8210 6647 7259
f 6812 8212 7258
f 6809 7258 7257
f 6809 8213 6113
f 6113 8214 6110
f 7235 6110 8214
f 7223 7234 6147
f 6147 8215 6148
f 6148 8216 6153
f 8218 6158 8217
f 8219 6116 6119
f 6284 6116 6285
f 6188 8156 8155
f 8155 6873 8138
f 8138 6872 8137
f 8137 8148 6581
f 6193 6281 6190
f 6190 6278 6195
f 8220 8222 8223
f 8224 7139 7138
f 6223 8226 8227
f 6237 8228 8229
f 6238 8227 8230
f 6249 8231 8232
f 6253 8233 8234
f 6236 8221 8228
f 6331 8230 8235
f 6252 8236 8233
f 6222 8229 8226
f 6828 8237 8238
f 6280 8240 8241
f 8208 6883 8206
f 6648 8211 8212
f 6143 8242 8243
f 6624 8244 8242
f 8245 8247 8248
f 8249 8251 8252
f 7195 8254 7196
f 7214 8253 7195
f 8256 7214 7213
f 7243 8257 7244
f 7210 8257 7211
f 8259 6102 8260
f 8261 6121 8262
f 8178 8263 8179
f 7132 8264 8263
f 6797 8265 8264
f 6135 8266 8265
f 6134 8267 8266
f 6151 8268 8267
f 6154 8270 8268
f 8269 8272 8270
f 7194 8273 8274
f 7193 8275 8273
f 8249 8260 8276
f 8248 8278 8245
f 6129 8279 8280
f 7169 8197 6125
f 8198 8192 8197
f 7171 7175 7173
f 6589 7129 6587
f 6801 6040 7129
f 6037 6041 6040
f 6036 6659 6041
f 6131 6118 6659
f 6156 6119 6118
f 8218 6119 6155
f 8219 6815 6642
f 7191 6641 6814
f 8246 7189 7191
f 8245 8281 8282
f 8280 6288 6287
f 6125 7170 7169
f 6288 6602 6123
f 6126 6604 8195
f 8196 6605 6604
f 7174 6691 8189
f 6691 6139 6692
f 7171 8283 7172
f 7172 8284 6142
f 6139 8284 6692
f 8285 8287 8288
f 8211 8289 8286
f 8290 8292 8289
f 8293 8291 8290
f 8293 8208 8295
f 8296 8298 8295
f 6818 8296 8206
f 8285 7258 8212
f 7243 7212 7211
f 7243 8300 8299
f 8301 6739 6738
f 8302 7213 7247
f 8303 7247 6168
f 8304 6168 6167
f 6738 8297 8301
f 8288 6167 6170
f 8304 8291 8305
f 8305 8294 6737
f 6737 8306 8305
f 6736 8307 8306
f 8243 8308 8309
f 8242 8282 8308
f 8247 7191 7190
f 7196 8251 7192
f 8253 8311 8254
f 8255 8310 8253
f 8313 8255 8256
f 7244 8313 8307
f 8313 8258 8312
f 8312 8314 8310
f 8315 8310 8314
f 8311 8316 8252
f 8282 8317 8308
f 8308 8261 8309
f 8309 8262 8318
f 8248 8275 8276
f 8282 8246 8245
f 8307 8256 8302
f 8306 8302 8303
f 8305 8303 8304
f 8298 6737 8294
f 8287 8304 6167
f 7253 7199 7198
f 8319 6028 7199
f 8320 6029 6028
f 8321 7184 6029
f 8322 7185 7184
f 8203 7205 7185
f 8202 7206 7205
f 7239 7210 7209
f 7251 8319 7253
f 7227 8320 8319
f 7217 8321 8320
f 7216 8322 8321
f 7236 8203 8322
f 6175 8200 7204
f 7165 8191 6177
f 6137 7166 6138
f 6200 8283 6137
f 6199 8284 8283
f 8284 6205 6692
f 6205 6689 6692
f 6689 5485 3833
f 7009 8323 7107
f 7013 7021 7020
f 7017 7029 7028
f 7013 7110 7010
f 7073 7084 7089
f 7081 7093 7092
f 7082 7028 7025
f 7088 6995 6994
f 7088 7057 7085
f 7122 7043 7042
f 7124 7024 7126
f 7082 7024 7123
f 7009 7042 7006
f 7012 7126 7021
f 7115 7015 7057
f 7008 7058 8323
f 7081 7120 7078
f 7073 7079 7071
f 6997 7076 7113
f 7023 6942 6941
f 7027 7069 7038
f 7031 6989 6988
f 7079 7033 7032
f 7037 7107 8323
f 7027 7126 7024
f 7041 7029 7114
f 7026 6988 7069
f 7100 6941 7098
f 7108 7002 7019
f 7100 8323 7058
f 6997 7114 6994
f 7022 7039 6942
f 7111 7033 7255
f 7035 7260 7032
f 7261 6996 7260
f 7108 7120 7106
f 7245 8258 7210
f 7246 8314 7245
f 7181 8316 7182
f 8277 6129 8278
f 8278 8280 8281
f 6287 8281 8280
f 6122 8317 6287
f 5487 6144 5488
f 5489 6162 5490
f 6637 8325 8326
f 8326 8225 8224
f 5494 8225 5495
f 6160 8150 8139
f 5496 8151 5497
f 8163 6162 6161
f 6146 8327 8163
f 8243 6144 6143
f 8328 8309 8318
f 8318 5501 5500
f 8262 5502 5501
f 8329 8331 8332
f 8333 8335 8336
f 8338 6007 8337
f 8329 8339 8340
f 8341 6734 8330
f 6006 8337 6007
f 8342 6804 6800
f 6065 8339 8343
f 5995 8341 8340
f 6918 6166 6165
f 7221 6166 6880
f 6172 6880 6166
f 8344 5955 6713
f 5519 5975 5520
f 6806 8346 6695
f 6646 8347 6643
f 8165 8349 6323
f 6322 8131 6090
f 8345 6688 8351
f 6695 5975 5974
f 5976 5528 6713
f 5529 8131 5530
f 6643 8352 8168
f 8183 5532 8184
f 5534 8130 5529
f 6730 5533 8183
f 8351 6093 8185
f 5535 6594 3856
f 8353 6652 6651
f 8354 8355 8356
f 8357 6825 6202
f 8359 6202 6201
f 6224 8356 8360
f 6275 8362 6276
f 6201 7143 8359
f 7146 8359 7143
f 8357 8363 8364
f 8355 8366 8367
f 8361 8368 8362
f 8356 8367 8369
f 8370 8372 7142
f 8220 7145 8374
f 6275 6228 6231
f 5558 6228 6274
f 8375 8367 8366
f 8362 8376 8377
f 8378 8380 8381
f 8363 8382 8383
f 8384 8381 8385
f 8382 8386 8385
f 8383 8364 8363
f 6226 6231 6230
f 6231 8361 6275
f 6636 8389 8379
f 6635 8388 6636
f 8390 5576 5575
f 8379 6232 6636
f 8378 6233 6232
f 8384 8371 6233
f 8372 8393 7141
f 7138 8239 8224
f 8224 8394 8326
f 8146 8394 6282
f 6638 8326 8394
f 6340 6299 6298
f 6747 6577 6576
f 6344 6346 6345
f 6342 6355 6303
f 6353 6349 6297
f 6337 6369 8395
f 6360 6328 6327
f 6358 6386 6385
f 6364 6293 6295
f 6362 6376 6373
f 6366 6297 6296
f 6350 6372 6370
f 6533 6303 6302
f 6534 6346 6343
f 6744 6533 6302
f 6536 6747 6576
f 6357 6894 6386
f 6341 6832 6355
f 6839 6292 6291
f 6837 6380 6379
f 6838 6354 6292
f 6361 6377 6376
f 6363 6296 6293
f 6365 6373 6372
f 6359 6291 6328
f 6836 6385 6380
f 6481 6902 6544
f 6484 6501 6500
f 6477 6487 6474
f 6849 6492 6491
f 6494 6467 6466
f 6547 6544 6543
f 6750 6546 6547
f 6494 6751 6750
f 6843 6500 6846
f 6845 6575 6843
f 6489 6847 6853
f 6474 6491 6490
f 6483 6906 6501
f 6493 6465 6490
f 6471 6544 6902
f 6472 6485 6473
f 6476 6461 6460
f 6470 6542 6545
f 6570 6569 6749
f 6495 6463 6493
f 6475 6462 6461
f 6572 6477 6476
f 6574 6457 6456
f 6569 6543 6545
f 6575 6473 6485
f 6471 6901 6448
f 6469 6508 6513
f 6498 6479 6478
f 6503 6518 6517
f 6489 6505 6486
f 6467 6509 6468
f 6546 6498 6478
f 6549 6752 6753
f 6752 6466 6469
f 6503 6846 6500
f 6850 6844 6846
f 6507 6852 6525
f 6486 6509 6849
f 6502 6909 6518
f 6858 6664 6307
f 8396 6611 6610
f 6833 6324 6216
f 8399 6825 8400
f 6831 8401 8402
f 6707 6826 8399
f 8398 6890 6324
f 6858 8404 6554
f 8405 6610 6876
f 6830 6553 8401
f 8397 6911 6611
f 8400 8358 8365
f 8358 8364 8406
f 8406 8387 8407
f 8389 8380 8379
f 8389 8409 8377
f 8388 8410 8409
f 5575 8410 8390
f 6665 8411 6875
f 8412 6720 6721
f 8413 5601 6720
f 8411 8413 8412
f 6262 6290 6263
f 5602 8414 5604
f 6599 3735 5605
f 7141 7142 8372
f 8393 8241 8240
f 8227 7147 7151
f 8229 8374 7148
f 8230 7151 7153
f 8232 8415 8416
f 8234 8417 8418
f 8221 8374 8228
f 8235 7153 8419
f 8233 8420 8417
f 8226 7148 7147
f 8238 8421 8422
f 7141 8240 7138
f 6581 6655 8137
f 6640 8140 8139
f 6710 8141 6868
f 6717 6712 6316
f 6860 8143 6864
f 6870 6867 6656
f 6717 6726 6714
f 6870 6192 6115
f 6860 6050 6059
f 6710 6025 6024
f 6639 6871 8140
f 6640 8324 6637
f 6581 8147 6193
f 5615 6234 8370
f 7144 8374 7145
f 7144 6210 7149
f 7150 6210 6209
f 7152 6209 6329
f 7152 8419 7153
f 7154 8421 8419
f 7158 8415 8422
f 7160 8420 8416
f 7162 8418 8417
f 7161 5616 8418
f 8370 6233 8371
f 8373 7146 7145
f 8392 8386 8223
f 8391 8372 8371
f 5617 6713 5528
f 5973 3355 5972
f 8345 5619 8346
f 3880 6910 5621
f 8351 5620 8345
f 8346 5520 5975
f 5621 6911 5623
f 5622 8185 5534
f 8150 5497 8151
f 8423 8425 8426
f 8427 6519 8428
f 8429 8431 8432
f 6523 8433 6526
f 8434 8436 8437
f 8438 8434 8439
f 8438 6511 6528
f 8441 8424 8423
f 8427 8430 8429
f 8444 8445 8446
f 8447 8424 8448
f 8449 8444 8450
f 8451 8430 8452
f 8453 8454 8455
f 8456 8437 8453
f 8439 8456 8457
f 8448 8442 8458
f 8452 8443 8449
f 8425 8459 8446
f 8460 8462 8463
f 8464 8466 8467
f 8468 8470 8471
f 8472 8474 8475
f 8476 8478 8479
f 8480 8482 8483
f 8484 8486 8487
f 8485 8489 8486
f 8490 8481 8480
f 8492 8494 8495
f 8495 8496 8497
f 8498 8500 8501
f 8502 8500 8503
f 8504 8506 8507
f 8508 8510 8511
f 8513 8511 8512
f 8507 8514 8515
f 8516 8518 8519
f 8520 8516 8521
f 8522 8524 8525
f 8526 8522 8525
f 8528 8530 8531
f 8532 8529 8533
f 8534 8536 8537
f 8538 8534 8537
f 8464 8481 8465
f 8483 8541 8480
f 8542 8484 8467
f 8487 8540 8483
f 8488 8542 8544
f 8545 8486 8489
f 8481 8466 8465
f 8547 8489 8490
f 8548 8493 8471
f 8549 8502 8492
f 8551 8494 8548
f 8497 8552 8495
f 8469 8499 8470
f 8547 8497 8498
f 8469 8503 8500
f 8501 8550 8545
f 8460 8507 8461
f 8552 8506 8505
f 8554 8510 8463
f 8549 8505 8509
f 8554 8512 8511
f 8513 8550 8508
f 8461 8515 8462
f 8557 8513 8514
f 8558 8519 8479
f 8559 8527 8518
f 8521 8558 8561
f 8553 8517 8520
f 8477 8524 8478
f 8520 8557 8553
f 8476 8525 8477
f 8527 8556 8522
f 8563 8528 8475
f 8564 8531 8565
f 8533 8563 8566
f 8562 8530 8532
f 8473 8536 8474
f 8559 8532 8535
f 8472 8537 8473
f 8560 8539 8564
f 8463 8555 8554
f 8544 8467 8466
f 8470 8548 8471
f 8475 8566 8563
f 8479 8561 8558
f 8484 8483 8482
f 8490 8488 8491
f 8503 8492 8502
f 8498 8496 8499
f 8504 8509 8505
f 8515 8513 8512
f 8519 8527 8526
f 8521 8523 8520
f 8528 8539 8538
f 8533 8535 8532
f 8467 8482 8464
f 8487 8546 8543
f 8544 8491 8488
f 8480 8547 8490
f 8493 8468 8471
f 8495 8549 8492
f 8551 8499 8496
f 8501 8547 8498
f 8460 8510 8504
f 8508 8549 8509
f 8555 8515 8512
f 8506 8557 8514
f 8519 8476 8479
f 8517 8559 8518
f 8561 8524 8521
f 8522 8557 8523
f 8475 8538 8472
f 8567 8531 8530
f 8566 8536 8533
f 8560 8535 8534
f 8442 8568 8569
f 6512 8568 6754
f 8570 8571 8572
f 8426 6514 8423
f 8428 8443 8427
f 6522 8432 6523
f 8437 8433 8454
f 6524 8435 6527
f 6528 8435 8438
f 8423 6550 8441
f 8429 6516 8427
f 6515 8445 6908
f 8441 6754 8568
f 8570 8569 8568
f 8440 6512 6511
f 8569 8458 8442
f 8574 8572 8571
f 8572 8573 8569
f 8453 8577 8456
f 8576 8455 8578
f 8452 8580 8451
f 8573 8582 8458
f 8575 8581 8573
f 8584 8575 8574
f 8571 8457 8574
f 8439 8440 8438
f 8585 8587 8588
f 8587 8590 8588
f 8589 8592 8590
f 8591 8594 8592
f 8593 8596 8594
f 8595 8598 8596
f 8599 8586 8585
f 8601 8600 8599
f 8603 8602 8601
f 8605 8598 8597
f 8607 8604 8603
f 8609 8608 8607
f 8611 8610 8609
f 8606 8612 8611
f 8613 8589 8587
f 8614 8591 8589
f 8615 8593 8591
f 8616 8595 8593
f 8617 8597 8595
f 8619 8617 8616
f 8620 8618 8617
f 8620 8623 8621
f 8624 8626 8627
f 8626 8622 8627
f 8620 8628 8622
f 8622 8629 8627
f 8627 8630 8624
f 8632 8634 8631
f 8636 8633 8635
f 8637 8636 8635
f 8639 8632 8640
f 8633 8641 8635
f 8635 8642 8637
f 8642 8644 8637
f 8645 8637 8644
f 8586 8613 8587
f 8600 8646 8586
f 8616 8648 8619
f 8615 8649 8648
f 8613 8649 8614
f 8651 8613 8646
f 8647 8651 8646
f 8652 8654 8651
f 8602 8647 8600
f 8655 8652 8647
f 8656 8653 8652
f 8653 8659 8654
f 8658 8661 8659
f 8644 8663 8645
f 8664 8662 8665
f 8661 8666 8659
f 8666 8654 8659
f 8667 8651 8654
f 8668 8597 8618
f 8669 8618 8621
f 8670 8621 8623
f 8671 8623 8626
f 8671 8625 8672
f 8625 8673 8672
f 8636 8675 8634
f 8638 8674 8636
f 8645 8676 8638
f 8645 8678 8677
f 8679 8660 8658
f 8657 8658 8653
f 8583 8648 8649
f 8650 8583 8649
f 8667 8581 8650
f 8666 8582 8667
f 8664 8681 8666
f 8682 8665 8683
f 8684 8643 8642
f 8684 8641 8579
f 8639 8579 8641
f 8580 8640 8578
f 8629 8576 8630
f 8604 8655 8602
f 8608 8686 8604
f 8610 8687 8608
f 8612 8688 8610
f 8605 8689 8612
f 8690 8668 8669
f 8691 8689 8690
f 8692 8688 8691
f 8693 8687 8692
f 8656 8686 8693
f 8694 8669 8670
f 8695 8690 8694
f 8696 8691 8695
f 8697 8692 8696
f 8657 8693 8697
f 8697 8679 8657
f 8696 8698 8697
f 8696 8700 8699
f 8694 8700 8695
f 8670 8701 8694
f 8702 8671 8672
f 8701 8703 8700
f 8703 8699 8700
f 8699 8705 8698
f 8698 8680 8679
f 8672 8706 8702
f 8675 8707 8708
f 8674 8709 8707
f 8709 8677 8710
f 8677 8711 8710
f 8712 8710 8711
f 8702 8714 8703
f 8713 8714 8715
f 8707 8716 8717
f 8717 8713 8715
f 8710 8716 8709
f 8708 8717 8715
f 8546 8599 8543
f 8546 8603 8601
f 8550 8603 8545
f 8556 8607 8550
f 8560 8609 8556
f 8564 8611 8560
f 8565 8606 8564
f 8565 8596 8598
f 8567 8594 8596
f 8562 8592 8594
f 8553 8590 8592
f 8590 8541 8588
f 8540 8588 8541
f 8543 8585 8540
f 8684 8450 8685
f 8579 8449 8684
f 8682 8448 8681
f 8447 8683 8459
f 8681 8458 8582
f 8628 8619 8718
f 8584 8619 8648
f 8628 8577 8629
f 8457 8577 8718
f 8574 8718 8584
f 7134 6919 7135
f 6164 6919 6783
f 5485 6609 5921
f 3832 8188 6690
f 5921 6221 3354
f 5922 7128 6607
f 6439 8720 6440
f 8720 6570 6749
f 6570 8721 6464
f 6439 8721 8719
f 6727 6057 6312
f 6312 6073 6247
f 6828 6073 6072
f 6877 6267 6745
f 6745 6299 6744
f 6891 6305 6889
f 6338 6746 6339
f 6438 6410 6435
f 6412 6440 6748
f 6564 6424 6565
f 6842 6577 8395
f 6889 6829 7156
f 6579 6564 6563
f 6435 6565 6424
f 8722 6306 6891
f 8723 6058 6727
f 6269 6878 6879
f 7160 6829 6598
f 8724 8143 8725
f 8238 6248 6828
f 6339 6744 6299
f 8395 6338 6337
f 6879 8404 8726
f 8422 8231 8238
f 8725 6859 8723
f 8416 7157 7160
f 6059 6049 6056
f 6330 6049 6048
f 7156 6259 6889
f 6269 6264 6266
f 6297 6264 6241
f 6340 6351 6337
f 6368 8395 6369
f 6422 6559 6423
f 6436 6404 6437
f 6447 6438 6437
f 6424 6436 6435
f 6331 6099 6330
f 6422 6842 6368
f 8722 6856 8726
f 8141 6862 8142
f 6265 6617 6242
f 6324 6259 6258
f 7158 6260 7156
f 6709 6863 8141
f 8235 6827 6331
f 6298 6352 6340
f 6370 6351 6350
f 6891 8403 8722
f 8419 8237 8235
f 6051 8145 6709
f 8422 7155 7158
f 8721 6446 6464
f 6748 8720 6749
f 8727 6011 8194
f 8158 8144 8724
f 6009 6861 8144
f 6008 6862 6861
f 8142 8727 8160
f 6554 6893 6858
f 6833 6708 8398
f 6708 8403 8398
f 5623 6892 4042
f 8406 8365 8358
f 8407 8366 8406
f 8377 8408 8389
f 8397 6530 6529
f 6651 8400 8353
f 8402 6616 6615
f 6618 8399 6651
f 6554 6878 6551
f 8396 6854 6530
f 8401 6552 6616
f 6892 6529 6743
f 8353 8365 8355
f 8377 6276 8362
f 8409 6277 6276
f 8410 5932 6277
f 8726 6857 8722
f 8726 6855 6879
f 7234 6106 8215
f 8279 6127 6288
f 8354 6227 6652
f 6246 6619 6289
f 8239 6282 8394
f 8162 6286 6625
f 6292 6246 6289
f 6382 6377 6379
f 6392 6396 6393
f 6396 6427 6428
f 6398 6443 6459
f 6459 6458 6460
f 6525 6523 6526
f 6558 6271 6555
f 6429 6560 6561
f 6460 6572 6476
f 6272 3736 3735
f 7128 6602 8195
f 6227 6244 6652
f 7180 6634 6103
f 6642 6285 8219
f 6356 6740 6614
f 6816 8218 8217
f 6820 8301 6817
f 6355 6741 6356
f 6344 6834 6341
f 6364 6840 6361
f 6375 6560 6415
f 6848 6488 6477
f 6853 6506 6489
f 6530 6740 6531
f 8140 6874 6601
f 6555 6831 6876
f 8215 6881 8216
f 6348 6894 6345
f 6383 6896 6417
f 6433 6896 6420
f 6432 6898 6390
f 6406 6898 6407
f 6900 6387 6899
f 6900 6448 6901
f 6472 6903 6482
f 6480 6903 6902
f 6497 6906 6479
f 6908 6518 6909
f 4280 6120 6603
f 6100 7170 6128
f 6632 7188 8201
f 7235 7201 7200
f 7206 7212 7207
f 8213 7232 7231
f 8214 7231 7201
f 6108 7200 7203
f 7238 8300 6820
f 7207 8299 7238
f 8205 7240 8202
f 6170 7232 7256
f 6638 8149 6639
f 6601 8157 6600
f 6600 6283 8162
f 8392 8222 8393
f 6278 8241 6279
f 6816 8274 6813
f 6642 6814 6641
f 6128 6124 8279
f 8195 6127 6126
f 8212 8286 8285
f 8292 8286 8289
f 8290 8210 8209
f 8207 8290 8209
f 8294 8295 8298
f 8206 8295 8208
f 6817 8297 8296
f 8288 7256 8285
f 7209 7240 7239
f 6225 8360 8361
f 8369 8360 8356
f 8375 8368 8369
f 8381 8387 8383
f 8385 8383 8382
f 8385 8391 8384
f 8147 6282 6281
f 6345 6835 6344
f 6327 6834 6360
f 6295 6841 6364
f 6379 6840 6837
f 6853 6845 6844
f 6479 6905 6480
f 6848 6571 6573
f 6452 6904 6472
f 6525 6851 6520
f 6496 6907 6497
f 8402 6876 6831
f 8408 8387 8380
f 6279 8222 8221
f 6872 8149 8148
f 8223 8373 8220
f 6526 8436 6524
f 8446 8426 8425
f 8455 8431 8451
f 8446 8450 8444
f 8454 8432 8431
f 6908 8428 6519
f 8578 8451 8580
f 8632 8625 8624
f 8640 8624 8630
f 8660 8662 8661
f 8662 8643 8665
f 8675 8631 8634
f 8680 8663 8660
f 8683 8643 8685
f 8578 8630 8576
f 8673 8708 8706
f 8678 8705 8711
f 8711 8704 8712
f 8706 8715 8714
f 8703 8712 8704
f 8459 8685 8450
f 8407 8376 8375
f 6615 8405 8402
f 5993 6335 5994
f 6060 6018 5991
f 5993 6081 6080
f 6105 6176 6702
f 6177 6000 7165
f 6309 6310 6251
f 8725 6314 8724
f 8724 6318 8158
f 6321 6053 6052
f 6249 6310 6247
f 6596 6257 6597
f 8188 6605 8189
f 5986 6682 6060
f 6714 6311 6309
f 6047 6086 6081
f 6875 6304 6665
f 6001 6912 5983
f 7162 6597 6257
f 7254 6912 6704
f 6684 7163 7254
f 8723 6315 8725
f 6592 6318 6317
f 8332 8171 8728
f 6607 5350 5922
f 8191 8198 8199
f 8197 8193 8196
f 8159 6319 6321
f 8232 6595 6249
f 8192 7173 7175
f 8189 8193 7174
f 6177 8199 6175
f 6733 8330 6734
f 8340 8330 8329
f 8341 6335 6334
f 8412 6875 8411
f 8414 6273 6599
f 8416 8236 8232
f 6727 8136 8723
f 8417 7159 7162
f 6277 5558 6274
f 5935 6635 6235
f 5991 6061 6060
f 6019 6682 6681
f 5999 6033 5996
f 6045 6677 6680
f 6055 6083 7130
f 5995 6063 5992
f 6084 6053 6046
f 6088 5989 8166
f 6063 6046 5992
f 6066 6034 5999
f 6103 7181 7180
f 6673 6133 6132
f 6149 6153 6152
f 6323 8166 8165
f 6585 6083 6082
f 6630 6702 6176
f 6634 7168 7167
f 6676 6152 6133
f 6703 6628 7248
f 6796 6728 8178
f 6069 6097 6066
f 6132 6674 6673
f 6803 6800 6804
f 6011 6055 7130
f 6799 6582 6585
f 7194 6881 6882
f 7131 6583 6333
f 6798 6913 6674
f 7179 8204 7236
f 7183 7246 7242
f 7188 7242 7241
f 6109 7192 6882
f 7204 6176 6175
f 7219 6628 6627
f 7218 7248 6628
f 7179 6627 7176
f 7250 6704 6703
f 7228 7249 7248
f 6678 7249 6679
f 5997 7251 5998
f 8168 6644 6643
f 8167 6732 6644
f 8169 6733 6732
f 8170 8331 6733
f 8336 8173 8172
f 8182 8175 8174
f 8182 8176 8181
f 8181 8177 8180
f 8180 8179 7136
f 7133 6590 6913
f 7130 8194 6011
f 8200 6632 7177
f 7178 8205 8204
f 8269 6153 8216
f 8254 8252 8251
f 8260 6101 8277
f 8179 6802 7136
f 8263 6038 6802
f 8264 6039 6038
f 8265 6130 6039
f 8266 6157 6130
f 8267 6158 6157
f 8268 8217 6158
f 8270 6816 8217
f 6813 8273 7190
f 8273 8247 7190
f 8276 8277 8248
f 7192 8250 7193
f 8252 8259 8249
f 8276 8250 8249
f 7204 7177 7176
f 7182 8315 7246
f 8343 8334 8333
f 8333 8342 8343
f 8343 6800 6065
f 8340 6064 5995
f 6323 8350 6322
f 8168 8348 8165
f 8349 5936 8350
f 8352 5938 8348
f 6103 7167 6100
f 8271 8216 6881
f 8201 7241 8205
f 8274 8271 7194
f 5991 6017 5988
f 8728 6017 6016
f 5997 6680 6679
f 5996 6045 6680
f 6033 6042 6045
f 6042 8175 8172
f 8172 8338 8336
f 8336 8337 8333
f 6684 6677 6681
f 6681 6044 6019
f 6019 6043 6016
f 6016 8173 8728
f 8728 8335 8332
f 8332 8334 8329
f 8194 8160 8727
f 6805 6009 8158
f 5940 7137 6719
f 8324 5942 8325
f 8325 5495 8225
f 6253 4292 6250
f 7137 5944 6715
f 8348 5937 8349
f 8350 5530 8131
f 5624 6159 5489
f 6718 5940 6719
f 8327 5490 6162
f 8347 5939 8352
f 5933 6121 6120
f 8184 5946 8347
f 7142 5615 8370
f 6145 5945 8327
f 8234 5943 6253
f 8328 5488 6144
f 8318 5948 8328
f 7139 4299 7140
f 8418 5947 8234
f 5604 6599 5605
f 5949 6712 6716
f 5944 6716 6715
f 6720 5950 6255
f 6255 4322 6256
f 5614 6235 6234
f 6711 5951 8161
f 8161 3857 6593
f 5973 2965 3013
f 2965 5963 222
f 222 5960 223
f 223 5958 3186
f 5958 3185 3186
f 5957 2977 3185
f 5970 1213 2977
f 5967 1214 1213
f 2532 5966 5953
f 2894 5953 5952
f 2871 5952 8344
f 5510 5721 5509
f 5822 5824 5823
f 3511 3844 3735
f 3887 3889 3888
f 3876 3878 3877
f 3356 3911 3909
f 3372 3390 3391
f 3849 3851 3850
f 3481 3867 3866
f 3873 3385 3382
f 3875 3450 3452
f 3915 3865 3862
f 3657 3671 3656
f 5618 3013 2152
f 1997 1889 1892
f 1237 744 855
f 1535 120 121
f 1531 201 214
f 1119 1032 984
f 946 824 947
f 163 5 162
f 9041 9175 9193
f 1155 1162 1164
f 427 327 424
f 553 796 498
f 8732 2231 2237
f 8732 2230 2232
f 2237 3180 8732
f 8734 8736 8733
f 8735 8738 8736
f 8737 8740 8738
f 8739 8742 8740
f 8743 8745 8746
f 8746 8747 8748
f 8749 8748 8747
f 8751 8750 8749
f 8754 8756 8753
f 8757 8755 8754
f 8759 8758 8757
f 8761 8760 8759
f 8763 8762 8761
f 8766 8749 8765
f 8765 8747 8767
f 8767 8745 8768
f 8768 8744 8769
f 8744 8771 8769
f 8770 8772 8771
f 8741 8773 8772
f 8739 8774 8773
f 8737 8775 8774
f 8735 8776 8775
f 8776 8777 3184
f 2904 8779 2947
f 8780 2904 2902
f 8781 2902 2876
f 2875 8781 2876
f 8783 2733 2736
f 2825 8786 2824
f 8788 8790 8787
f 8792 8787 8791
f 2724 8785 2825
f 8787 3115 3117
f 8791 3117 3119
f 8794 8765 8793
f 8793 8767 8795
f 8795 8768 8796
f 8796 8769 8797
f 8797 8771 8798
f 8771 8799 8798
f 8772 8800 8799
f 8773 8801 8800
f 8774 8802 8801
f 8775 8803 8802
f 8776 3056 8803
f 8802 2253 2252
f 8801 2252 1727
f 8800 1727 2150
f 8799 2150 1941
f 8804 8799 1941
f 8805 8798 8804
f 8806 8797 8805
f 8807 8796 8806
f 8793 8807 8808
f 8794 8808 8809
f 8810 8809 8808
f 8808 8806 8810
f 8810 8805 8812
f 8813 8810 8812
f 8812 8804 8814
f 8815 8812 8814
f 8814 1941 1360
f 8755 8752 8756
f 8758 8750 8755
f 8760 8748 8758
f 8762 8746 8760
f 8816 8764 8763
f 8818 8820 8817
f 8816 8782 8784
f 8821 8817 8816
f 8789 8783 8786
f 8818 8789 8788
f 8819 8788 8792
f 8822 8819 8823
f 8823 8792 8824
f 8824 8791 2712
f 2712 3119 3128
f 8826 8823 8825
f 8825 8824 8827
f 8827 2712 2711
f 8828 2711 2400
f 8829 8827 8828
f 8830 8825 8829
f 8743 8764 8831
f 8817 8831 8764
f 8770 8743 8831
f 8741 8831 8742
f 8820 8742 8831
f 8740 8822 8826
f 8738 8826 8830
f 8736 8830 8832
f 8833 2400 2402
f 8834 8828 8833
f 8832 8829 8834
f 8835 2402 2707
f 3058 2707 2708
f 3061 8835 3058
f 8836 8833 8835
f 8733 8832 8837
f 8837 8834 8836
f 8777 8733 8838
f 8838 8837 1962
f 8837 3061 1962
f 1961 8838 1962
f 3057 8777 8838
f 8779 8753 8839
f 8778 8754 8779
f 8780 8757 8778
f 8781 8759 8780
f 8782 8761 8781
f 8821 8784 8783
f 8785 8789 8786
f 2723 8790 8785
f 2875 8784 8782
f 2736 8786 8783
f 2947 8839 8944
f 8815 1360 8941
f 1900 1924 1901
f 1736 1718 1750
f 1955 1943 1956
f 1671 1735 1751
f 1696 1698 1692
f 1800 1864 1801
f 2063 2056 2060
f 1737 1717 1736
f 1751 1697 1695
f 943 9351 684
f 9108 8753 9057
f 1577 1764 1703
f 9369 1599 9375
f 1945 82 1944
f 68 7 248
f 147 1543 148
f 1109 1133 1102
f 1503 1907 1908
f 1499 1909 1498
f 452 735 215
f 1824 9287 9297
f 1825 2068 1824
f 1463 1022 1194
f 841 1009 1011
f 1568 1955 1534
f 1926 1927 1923
f 1910 1502 1939
f 1939 422 442
f 309 1940 308
f 1804 1866 1803
f 269 1954 56
f 2065 2060 2056
f 9264 1758 9287
f 280 552 1940
f 1875 1869 1874
f 1739 1734 1737
f 5923 5899 5924
f 1778 1790 1788
f 310 1915 279
f 1909 1906 1954
f 1789 1778 1788
f 978 980 979
f 1584 1731 1583
f 425 311 312
f 148 115 116
f 2044 9346 2046
f 277 1939 551
f 1943 1945 1944
f 1461 1463 1464
f 2253 3056 3055
f 2981 8927 958
f 2209 8927 3055
f 2254 3055 8927
f 2998 958 8927
f 2826 2721 2724
f 8928 2721 2817
f 2816 8928 2817
f 2334 2296 2335
f 2298 2334 2336
f 2301 2336 2338
f 2311 2338 2354
f 2312 2354 2355
f 2359 2361 2360
f 2335 2359 2360
f 2414 2365 2364
f 2413 2361 2365
f 2355 2540 2541
f 2541 2539 2542
f 2722 2739 2738
f 3114 2738 3113
f 3110 3121 3120
f 3108 3120 3113
f 3122 3127 3126
f 3112 3126 3121
f 3127 1753 3135
f 3139 2529 2542
f 9196 3133 3139
f 8928 2740 2739
f 8929 2789 8928
f 228 91 88
f 245 243 242
f 248 247 191
f 2 296 295
f 145 300 267
f 327 210 328
f 329 331 330
f 250 228 236
f 239 240 230
f 373 375 374
f 178 176 175
f 1218 1228 1321
f 9314 1295 9306
f 808 824 823
f 9310 1013 1014
f 9265 1411 1413
f 2154 2159 2160
f 9297 1758 1757
f 306 1922 452
f 2157 1976 1977
f 708 2031 1474
f 1450 1227 1428
f 1672 1605 1624
f 1813 1821 1816
f 1717 1715 1718
f 176 402 347
f 1710 9368 9367
f 1712 1577 1711
f 1705 1711 1704
f 3435 3475 3434
f 971 979 970
f 822 1094 1102
f 2909 2793 2792
f 2810 2795 2793
f 2799 2249 2800
f 9114 2910 2799
f 2769 2801 2795
f 3177 3178 3179
f 3178 3180 3179
f 3181 1393 2800
f 3181 1632 3182
f 3182 2244 3183
f 3183 2243 3180
f 8932 2790 8929
f 2808 8929 2816
f 2239 9016 2240
f 1149 9015 9014
f 1150 9011 9015
f 2202 9010 2015
f 2921 9009 2923
f 9012 2133 2928
f 1777 1759 1792
f 1201 1183 1184
f 9005 2195 2194
f 8997 2770 2768
f 9379 1687 1692
f 1516 154 503
f 8993 2974 2803
f 8994 2779 2778
f 2771 9019 8990
f 3070 8990 9002
f 8991 2775 2867
f 1376 1370 1372
f 2767 9000 2206
f 2195 8987 2767
f 2775 8986 2776
f 8344 8989 2871
f 9256 8983 2806
f 2776 8982 2805
f 2240 8979 2920
f 2920 9121 9071
f 8992 2786 2779
f 1805 1851 1804
f 8978 2787 2786
f 2951 8984 8975
f 2772 8975 9019
f 2973 8974 8980
f 2224 8981 8974
f 1957 320 510
f 306 304 303
f 2770 8972 2913
f 2913 9018 2239
f 2923 8971 2922
f 308 431 47
f 207 132 543
f 1879 1881 1880
f 9185 8969 2089
f 2475 9002 8968
f 2476 8968 8967
f 2223 8967 8981
f 8966 2803 2802
f 2037 11 1950
f 1959 450 505
f 2003 8964 2129
f 9 334 540
f 2009 8962 9011
f 2008 8980 8962
f 9329 673 9331
f 8959 2778 2784
f 2935 8957 2936
f 111 9014 8955
f 3238 3341 3237
f 8954 2935 2938
f 683 9337 943
f 8952 2810 2909
f 736 732 729
f 1795 1803 1796
f 8949 2938 2939
f 8951 2939 2940
f 2950 8948 2949
f 2940 8948 8951
f 9253 8956 2950
f 2868 8946 2869
f 2869 8966 2802
f 1024 1023 1020
f 8944 2948 2947
f 551 442 443
f 2972 9012 2928
f 2032 8943 2972
f 216 1924 1923
f 3532 3482 3533
f 203 201 200
f 3539 3541 3540
f 1828 1847 1837
f 1958 449 450
f 272 178 175
f 2871 8939 1361
f 9071 9008 2921
f 2801 9095 9114
f 2005 9106 2176
f 960 899 962
f 9109 9064 9076
f 9232 9098 3151
f 3151 9045 2555
f 2193 9075 2194
f 9059 3145 3144
f 9055 2761 3145
f 9044 3144 3104
f 2926 9086 3103
f 9086 3104 3103
f 9207 9198 9205
f 566 9210 2005
f 8839 1864 8944
f 1602 2079 2078
f 2868 9063 2922
f 2922 9062 2923
f 2923 9070 2921
f 9122 2918 9066
f 9071 9066 2920
f 2921 9122 9071
f 2920 9038 2240
f 9065 2915 2918
f 2917 9074 9093
f 2916 9093 9094
f 2239 9104 2913
f 2911 9104 2757
f 9095 2911 2910
f 2797 9114 9043
f 2797 9050 2750
f 9074 2763 2765
f 9060 2764 2745
f 2194 9100 2221
f 2221 9101 2222
f 2756 9061 2755
f 2750 9061 2747
f 9121 1817 9279
f 9215 1691 1699
f 2515 9042 2548
f 2548 9045 2550
f 2513 9084 9068
f 2513 9073 2515
f 2509 9072 2289
f 2510 9085 2509
f 2289 9091 2283
f 2283 9069 2286
f 2240 9039 2239
f 9111 9076 9078
f 716 9339 9340
f 727 9213 1923
f 2165 2170 2164
f 9112 9078 9081
f 9195 9030 9209
f 2175 769 770
f 2100 2095 2099
f 9210 9209 9030
f 640 9012 1826
f 1653 8997 1651
f 1895 8974 746
f 746 8981 741
f 1653 8972 9020
f 9214 1604 1672
f 2093 2073 2078
f 959 995 884
f 962 919 986
f 1400 1398 1399
f 1000 1127 1004
f 956 884 885
f 1662 8994 1661
f 2034 8990 1654
f 9378 8983 9254
f 8979 766 1817
f 9016 765 766
f 334 9015 335
f 1868 8984 1656
f 1684 1652 1678
f 1682 775 1807
f 1585 9214 1700
f 9215 1672 1673
f 2173 490 491
f 1658 8991 1752
f 9000 1650 724
f 1571 2010 1572
f 1587 9123 2080
f 2099 2077 2094
f 787 1999 786
f 2000 786 1999
f 3155 9149 9135
f 9165 9135 9241
f 2180 9137 9136
f 8940 9136 9157
f 1684 9292 1651
f 1760 8939 8989
f 2607 9145 2590
f 2581 9141 2607
f 2371 9152 9147
f 2371 9145 2372
f 2587 9127 2586
f 2586 9149 339
f 2497 9139 2503
f 2502 9139 9152
f 2494 9142 2495
f 9142 2472 2495
f 9140 2468 2472
f 9153 2469 2468
f 726 9344 630
f 581 8962 580
f 10 9014 334
f 1837 8954 1849
f 741 8967 1300
f 1299 9002 2034
f 1851 8948 1866
f 8971 1820 1819
f 580 8980 1895
f 1758 8966 8946
f 1693 8952 1806
f 8948 1867 1866
f 1894 9012 8943
f 2126 9265 9293
f 9358 9293 9364
f 2113 9319 2110
f 2179 9241 9137
f 624 9356 623
f 2192 9240 9232
f 2177 9239 9185
f 1364 9285 1338
f 9310 1470 1453
f 3135 9227 9196
f 2069 9287 2068
f 1351 9305 1352
f 2108 9353 499
f 2089 9188 9185
f 9280 1358 866
f 2001 9235 2187
f 2187 9171 2091
f 2130 9204 2004
f 2004 9201 2001
f 2014 9231 2201
f 2201 9208 2130
f 3167 9211 2969
f 3168 9172 3167
f 3159 9216 3160
f 3160 9217 3081
f 9182 3158 337
f 3158 9161 3159
f 2200 9182 9174
f 9137 9194 2204
f 9174 2197 2200
f 9242 2092 9173
f 9226 9173 2197
f 3154 9242 9226
f 3155 9158 3154
f 2091 9173 2092
f 2196 9202 9228
f 2193 9228 9233
f 9056 9233 9240
f 2086 9232 9230
f 2087 9230 9229
f 2204 9203 2205
f 2205 9202 3148
f 9361 574 692
f 2124 9229 9212
f 2208 9212 9234
f 9163 3140 3137
f 9237 3138 3140
f 9197 3139 3138
f 9223 3136 2322
f 9164 3137 3136
f 9227 3131 3133
f 9219 3132 3131
f 1813 9290 1814
f 1293 9308 1344
f 2184 9200 9184
f 2181 9184 9186
f 9217 3079 3081
f 9220 3080 3079
f 709 9327 2031
f 2774 9189 9221
f 9238 2134 9003
f 9261 766 765
f 2968 9218 2959
f 2969 9236 2968
f 2958 9189 2961
f 2132 9218 2960
f 2321 9223 9200
f 9312 1449 28
f 9357 582 710
f 9338 577 574
f 9299 1818 9279
f 705 9339 2121
f 9268 9359 698
f 2111 9363 2113
f 9262 1366 1411
f 1812 9274 1815
f 675 9304 674
f 8940 9303 675
f 2110 9320 2109
f 2104 9353 2106
f 2109 9351 944
f 9294 703 739
f 1680 9298 1684
f 1639 9271 9270
f 623 9358 697
f 2139 9318 9317
f 1808 9296 9289
f 9272 1819 1820
f 9324 9352 706
f 1646 9282 1648
f 9341 633 577
f 2139 9327 18
f 2156 9323 9326
f 674 9365 9321
f 2117 9264 2069
f 1815 9299 9275
f 9307 1444 1470
f 697 9364 9268
f 866 9288 9280
f 9316 2136 2135
f 9037 9178 9041
f 9035 9183 9037
f 9205 9190 9191
f 9192 9033 9195
f 1088 9198 1093
f 9191 9195 9205
f 2791 8933 2792
f 8932 2807 8933
f 2792 8934 2909
f 8933 2806 8934
f 8952 8934 8960
f 8960 2806 8983
f 2948 9243 9253
f 2105 9348 2104
f 8982 9256 2805
f 680 9328 683
f 1891 9362 9343
f 2905 9253 2950
f 2900 9251 2905
f 2901 9259 2877
f 2734 9258 9246
f 2877 9258 2878
f 2820 9246 2872
f 2818 9244 2827
f 2823 9244 2826
f 2822 9250 2821
f 2819 9252 9250
f 2817 9247 2816
f 2809 9247 2815
f 2808 9255 2807
f 2805 9255 2804
f 1702 9375 1599
f 9374 1797 1802
f 9367 1706 1709
f 9370 1692 1698
f 1657 9332 1879
f 1890 9347 9362
f 9224 1674 1675
f 1689 9224 9225
f 9378 8982 1688
f 8960 1689 9225
f 9369 1703 1764
f 1598 9380 1770
f 9332 1876 1879
f 1691 9377 9379
f 9377 1688 1687
f 1117 1118 9382
f 1066 1322 9382
f 1243 847 9382
f 9277 848 9382
f 1128 1117 9382
f 1129 1130 9382
f 841 1011 9382
f 1230 9315 9382
f 1242 1243 9382
f 1322 1229 9382
f 1064 1065 9382
f 1003 1128 9382
f 1229 1230 9382
f 9315 1285 9382
f 1285 1288 9382
f 848 839 9382
f 847 9277 9382
f 1118 1129 9382
f 1065 1066 9382
f 1087 1086 9382
f 1008 1002 9382
f 1011 1008 9382
f 1002 1003 9382
f 1076 1069 9382
f 838 841 9382
f 839 838 9382
f 1288 1242 9382
f 1130 1087 9382
f 1086 1076 9382
f 1069 1064 9382
f 2410 2414 9383
f 2411 2410 9383
f 9069 2285 9383
f 2394 2393 9383
f 2393 2396 9383
f 2281 2286 9383
f 2282 2280 9383
f 2398 2399 9383
f 2465 2464 9383
f 2396 2397 9383
f 2470 2469 9383
f 2399 2416 9383
f 2480 2395 9383
f 2459 2480 9383
f 2369 2282 9383
f 2460 2459 9383
f 2415 2411 9383
f 2416 2415 9383
f 2364 2363 9383
f 2286 9069 9383
f 2464 2470 9383
f 2469 9155 9383
f 2285 2465 9383
f 2414 2364 9383
f 2395 2394 9383
f 2363 2367 9383
f 2397 2398 9383
f 2280 2281 9383
f 9155 2460 9383
f 2367 2369 9383
f 9386 9389 9390
f 9386 9391 9387
f 9384 9389 9385
f 9390 9395 9391
f 9389 9392 9393
f 9389 9394 9390
f 9394 9399 9395
f 9393 9396 9397
f 9394 9397 9398
f 9399 9402 9403
f 9396 9401 9397
f 9397 9402 9398
f 9402 9407 9403
f 9401 9404 9405
f 9402 9405 9406
f 9407 9410 9411
f 9405 9408 9409
f 9405 9410 9406
f 9411 9414 9415
f 9409 9412 9413
f 9410 9413 9414
f 9414 9419 9415
f 9412 9417 9413
f 9413 9418 9414
f 9418 9423 9419
f 9417 9420 9421
f 9418 9421 9422
f 9422 9427 9423
f 9420 9425 9421
f 9421 9426 9422
f 9426 9431 9427
f 9425 9428 9429
f 9426 9429 9430
f 9431 9434 9435
f 9428 9433 9429
f 9429 9434 9430
f 9434 9439 9435
f 9433 9436 9437
f 9434 9437 9438
f 9439 9442 9443
f 9436 9441 9437
f 9437 9442 9438
f 9443 9446 9447
f 9441 9444 9445
f 9442 9445 9446
f 9447 9450 9451
f 9444 9449 9445
f 9445 9450 9446
f 9450 9455 9451
f 9449 9452 9453
f 9450 9453 9454
f 9454 9459 9455
f 9452 9457 9453
f 9453 9458 9454
f 9458 9463 9459
f 9457 9460 9461
f 9458 9461 9462
f 9463 9466 9467
f 9460 9465 9461
f 9461 9466 9462
f 9466 9471 9467
f 9465 9468 9469
f 9466 9469 9470
f 9471 9474 9475
f 9468 9473 9469
f 9469 9474 9470
f 9475 9478 9479
f 9473 9476 9477
f 9474 9477 9478
f 9479 9482 9483
f 9476 9481 9477
f 9477 9482 9478
f 9483 9486 9487
f 9481 9484 9485
f 9482 9485 9486
f 9486 9491 9487
f 9484 9489 9485
f 9485 9490 9486
f 9490 9495 9491
f 9489 9492 9493
f 9490 9493 9494
f 9495 9498 9499
f 9492 9497 9493
f 9493 9498 9494
f 9498 9503 9499
f 9497 9500 9501
f 9498 9501 9502
f 9503 9507 9508
f 9500 9506 9501
f 9501 9507 9502
f 9508 9511 9512
f 9505 9510 9506
f 9507 9510 9511
f 9384 9504 9388
f 9388 9504 9392
f 9392 9504 9396
f 9396 9504 9400
f 9400 9504 9404
f 9404 9504 9408
f 9408 9504 9412
f 9412 9504 9416
f 9416 9504 9420
f 9420 9504 9424
f 9424 9504 9428
f 9428 9504 9432
f 9432 9504 9436
f 9436 9504 9440
f 9440 9504 9444
f 9444 9504 9448
f 9448 9504 9452
f 9452 9504 9456
f 9456 9504 9460
f 9460 9504 9464
f 9464 9504 9468
f 9468 9504 9472
f 9472 9504 9476
f 9476 9504 9480
f 9480 9504 9484
f 9484 9504 9488
f 9488 9504 9492
f 9492 9504 9496
f 9496 9504 9500
f 9500 9504 9505
f 9505 9504 9509
f 9512 9386 9387
f 9510 9384 9385
f 9510 9386 9511
f 9509 9504 9384
f 9521 9533 9534
f 9518 9532 9519
f 9517 9529 9530
f 9515 9527 9528
f 9523 9537 9524
f 9521 9535 9522
f 9519 9533 9520
f 9518 9530 9531
f 9515 9529 9516
f 9513 9527 9514
f 9524 9538 9525
f 9523 9535 9536
f 9528 9542 9529
f 9526 9540 9527
f 9538 9550 9551
f 9535 9549 9536
f 9534 9546 9547
f 9531 9545 9532
f 9530 9542 9543
f 9528 9540 9541
f 9537 9549 9550
f 9534 9548 9535
f 9532 9546 9533
f 9531 9543 9544
f 9541 9555 9542
f 9540 9552 9553
f 9550 9564 9551
f 9548 9562 9549
f 9547 9559 9560
f 9544 9558 9545
f 9542 9556 9543
f 9541 9553 9554
f 9549 9563 9550
f 9547 9561 9548
f 9546 9558 9559
f 9544 9556 9557
f 9555 9567 9568
f 9552 9566 9553
f 9564 9576 9577
f 9562 9574 9575
f 9559 9573 9560
f 9557 9571 9558
f 9555 9569 9556
f 9553 9567 9554
f 9562 9576 9563
f 9561 9573 9574
f 9559 9571 9572
f 9557 9569 9570
f 9567 9581 9568
f 9566 9578 9579
f 9576 9590 9577
f 9575 9587 9588
f 9572 9586 9573
f 9571 9583 9584
f 9569 9581 9582
f 9566 9580 9567
f 9576 9588 9589
f 9574 9586 9587
f 9571 9585 9572
f 9569 9583 9570
f 9581 9593 9594
f 9578 9592 9579
f 9590 9602 9603
f 9588 9600 9601
f 9585 9599 9586
f 9583 9597 9584
f 9582 9594 9595
f 9579 9593 9580
f 9589 9601 9602
f 9587 9599 9600
f 9584 9598 9585
f 9583 9595 9596
f 9594 9606 9607
f 9592 9604 9605
f 9602 9616 9603
f 9601 9613 9614
f 9598 9612 9599
f 9596 9610 9597
f 9594 9608 9595
f 9592 9606 9593
f 9601 9615 9602
f 9600 9612 9613
f 9598 9610 9611
f 9596 9608 9609
f 9607 9619 9620
f 9605 9617 9618
f 9615 9629 9616
f 9613 9627 9614
f 9611 9625 9612
f 9610 9622 9623
f 9607 9621 9608
f 9605 9619 9606
f 9615 9627 9628
f 9613 9625 9626
f 9611 9623 9624
f 9608 9622 9609
f 9619 9633 9620
f 9617 9631 9618
f 9628 9642 9629
f 9627 9639 9640
f 9625 9637 9638
f 9622 9636 9623
f 9621 9633 9634
f 9619 9631 9632
f 9627 9641 9628
f 9625 9639 9626
f 9623 9637 9624
f 9622 9634 9635
f 9632 9646 9633
f 9630 9644 9631
f 9642 9654 9655
f 9639 9653 9640
f 9638 9650 9651
f 9635 9649 9636
f 9634 9646 9647
f 9632 9644 9645
f 9641 9653 9654
f 9638 9652 9639
f 9636 9650 9637
f 9635 9647 9648
f 9645 9659 9646
f 9644 9656 9657
f 9654 9668 9655
f 9652 9666 9653
f 9651 9663 9664
f 9648 9662 9649
f 9646 9660 9647
f 9645 9657 9658
f 9653 9667 9654
f 9651 9665 9652
f 9650 9662 9663
f 9648 9660 9661
f 9659 9671 9672
f 9656 9670 9657
f 9668 9680 9681
f 9665 9679 9666
f 9663 9677 9664
f 9661 9675 9662
f 9659 9673 9660
f 9657 9671 9658
f 9666 9680 9667
f 9665 9677 9678
f 9663 9675 9676
f 9661 9673 9674
f 9671 9685 9672
f 9670 9682 9683
f 9680 9694 9681
f 9678 9692 9679
f 9677 9689 9690
f 9675 9687 9688
f 9673 9685 9686
f 9670 9684 9671
f 9680 9692 9693
f 9678 9690 9691
f 9675 9689 9676
f 9673 9687 9674
f 9685 9697 9698
f 9682 9696 9683
f 9694 9706 9707
f 9692 9704 9705
f 9689 9703 9690
f 9687 9701 9688
f 9686 9698 9699
f 9683 9697 9684
f 9693 9705 9706
f 9691 9703 9704
f 9688 9702 9689
f 9687 9699 9700
f 9698 9710 9711
f 9696 9708 9709
f 9706 9720 9707
f 9705 9717 9718
f 9702 9716 9703
f 9700 9714 9701
f 9698 9712 9699
f 9696 9710 9697
f 9705 9719 9706
f 9704 9716 9717
f 9702 9714 9715
f 9700 9712 9713
f 9711 9723 9724
f 9709 9721 9722
f 9719 9733 9720
f 9717 9731 9718
f 9715 9729 9716
f 9714 9726 9727
f 9711 9725 9712
f 9709 9723 9710
f 9718 9732 9719
f 9717 9729 9730
f 9715 9727 9728
f 9712 9726 9713
f 9723 9737 9724
f 9721 9735 9722
f 9733 9745 9746
f 9731 9743 9744
f 9729 9741 9742
f 9726 9740 9727
f 9725 9737 9738
f 9723 9735 9736
f 9732 9744 9745
f 9729 9743 9730
f 9727 9741 9728
f 9726 9738 9739
f 9736 9750 9737
f 9734 9748 9735
f 9746 9758 9759
f 9743 9757 9744
f 9742 9754 9755
f 9739 9753 9740
f 9738 9750 9751
f 9736 9748 9749
f 9745 9757 9758
f 9742 9756 9743
f 9740 9754 9741
f 9739 9751 9752
f 9749 9763 9750
f 9748 9760 9761
f 9758 9772 9759
f 9756 9770 9757
f 9755 9767 9768
f 9752 9766 9753
f 9750 9764 9751
f 9749 9761 9762
f 9757 9771 9758
f 9756 9768 9769
f 9754 9766 9767
f 9752 9764 9765
f 9762 9776 9763
f 9760 9774 9761
f 9772 9784 9785
f 9770 9782 9783
f 9768 9780 9781
f 9765 9779 9766
f 9763 9777 9764
f 9762 9774 9775
f 9770 9784 9771
f 9768 9782 9769
f 9767 9779 9780
f 9764 9778 9765
f 9775 9789 9776
f 9774 9786 9787
f 9784 9798 9785
f 9782 9796 9783
f 9781 9793 9794
f 9779 9791 9792
f 9777 9789 9790
f 9774 9788 9775
f 9784 9796 9797
f 9782 9794 9795
f 9779 9793 9780
f 9777 9791 9778
f 9789 9802 9803
f 9786 9801 9787
f 9798 9811 9812
f 9796 9809 9810
f 9793 9808 9794
f 9792 9805 9806
f 9790 9803 9804
f 9787 9802 9788
f 9797 9810 9811
f 9795 9808 9809
f 9792 9807 9793
f 9790 9805 9791
f 9803 9815 9816
f 9801 9813 9814
f 9811 9825 9812
f 9810 9822 9823
f 9807 9821 9808
f 9806 9818 9819
f 9803 9817 9804
f 9801 9815 9802
f 9810 9824 9811
f 9809 9821 9822
f 9807 9819 9820
f 9804 9818 9805
f 9816 9828 9829
f 9814 9826 9827
f 9825 9837 9838
f 9822 9836 9823
f 9820 9834 9821
f 9819 9831 9832
f 9816 9830 9817
f 9814 9828 9815
f 9824 9836 9837
f 9822 9834 9835
f 9820 9832 9833
f 9817 9831 9818
f 9828 9842 9829
f 9826 9840 9827
f 9837 9851 9838
f 9836 9848 9849
f 9834 9846 9847
f 9831 9845 9832
f 9830 9842 9843
f 9828 9840 9841
f 9836 9850 9837
f 9834 9848 9835
f 9832 9846 9833
f 9831 9843 9844
f 9841 9855 9842
f 9839 9853 9840
f 9851 9863 9864
f 9848 9862 9849
f 9847 9859 9860
f 9845 9857 9858
f 9843 9855 9856
f 9841 9853 9854
f 9850 9862 9863
f 9847 9861 9848
f 9845 9859 9846
f 9843 9857 9844
f 9854 9868 9855
f 9853 9865 9866
f 9863 9877 9864
f 9861 9875 9862
f 9860 9872 9873
f 9858 9870 9871
f 9855 9869 9856
f 9854 9866 9867
f 9862 9876 9863
f 9860 9874 9861
f 9859 9871 9872
f 9856 9870 9857
f 9868 9880 9881
f 9865 9879 9866
f 9877 9889 9890
f 9875 9887 9888
f 9873 9885 9886
f 9870 9884 9871
f 9868 9882 9869
f 9867 9879 9880
f 9875 9889 9876
f 9873 9887 9874
f 9872 9884 9885
f 9870 9882 9883
f 9880 9894 9881
f 9878 9892 9879
f 9889 9903 9890
f 9887 9901 9888
f 9886 9898 9899
f 9884 9896 9897
f 9882 9894 9895
f 9879 9893 9880
f 9889 9901 9902
f 9887 9899 9900
f 9884 9898 9885
f 9882 9896 9883
f 9894 9906 9907
f 9891 9905 9892
f 9903 9915 9916
f 9901 9913 9914
f 9898 9912 9899
f 9896 9910 9897
f 9895 9907 9908
f 9892 9906 9893
f 9902 9914 9915
f 9899 9913 9900
f 9897 9911 9898
f 9896 9908 9909
f 9907 9919 9920
f 9905 9917 9918
f 9915 9929 9916
f 9914 9926 9927
f 9911 9925 9912
f 9909 9923 9910
f 9907 9921 9908
f 9905 9919 9906
f 9914 9928 9915
f 9913 9925 9926
f 9911 9923 9924
f 9909 9921 9922
f 9799 9525 9538
f 9799 9538 9551
f 9799 9551 9564
f 9799 9564 9577
f 9799 9577 9590
f 9799 9590 9603
f 9799 9603 9616
f 9799 9616 9629
f 9799 9629 9642
f 9799 9642 9655
f 9799 9655 9668
f 9799 9668 9681
f 9799 9681 9694
f 9799 9694 9707
f 9799 9707 9720
f 9799 9720 9733
f 9799 9733 9746
f 9799 9746 9759
f 9799 9759 9772
f 9799 9772 9785
f 9799 9785 9798
f 9799 9798 9812
f 9799 9812 9825
f 9799 9825 9838
f 9799 9838 9851
f 9799 9851 9864
f 9799 9864 9877
f 9799 9877 9890
f 9799 9890 9903
f 9799 9903 9916
f 9799 9916 9929
f 9920 9515 9516
f 9918 9513 9514
f 9929 9524 9525
f 9926 9523 9927
f 9924 9521 9925
f 9923 9518 9519
f 9920 9517 9921
f 9918 9515 9919
f 9799 9929 9525
f 9928 9523 9524
f 9926 9521 9522
f 9924 9519 9520
f 9921 9518 9922
f 9387 9917 9512
f 9917 9508 9512
f 9904 9503 9508
f 9891 9499 9503
f 9499 9865 9495
f 9495 9852 9491
f 9491 9839 9487
f 9839 9483 9487
f 9483 9813 9479
f 9813 9475 9479
f 9800 9471 9475
f 9786 9467 9471
f 9467 9760 9463
f 9463 9747 9459
f 9459 9734 9455
f 9734 9451 9455
f 9451 9708 9447
f 9708 9443 9447
f 9695 9439 9443
f 9682 9435 9439
f 9435 9656 9431
f 9431 9643 9427
f 9427 9630 9423
f 9630 9419 9423
f 9419 9604 9415
f 9604 9411 9415
f 9591 9407 9411
f 9578 9403 9407
f 9403 9552 9399
f 9399 9539 9395
f 9395 9526 9391
f 9526 9387 9391
f 9932 9935 9936
f 9932 9937 9933
f 9931 9934 9935
f 9936 9941 9937
f 9934 9939 9935
f 9935 9940 9936
f 9940 9945 9941
f 9939 9942 9943
f 9940 9943 9944
f 9945 9948 9949
f 9942 9947 9943
f 9943 9948 9944
f 9948 9953 9949
f 9947 9950 9951
f 9948 9951 9952
f 9953 9956 9957
f 9950 9955 9951
f 9951 9956 9952
f 9957 9960 9961
f 9955 9958 9959
f 9956 9959 9960
f 9961 9964 9965
f 9958 9963 9959
f 9959 9964 9960
f 9965 9968 9969
f 9963 9966 9967
f 9964 9967 9968
f 9968 9973 9969
f 9966 9971 9967
f 9967 9972 9968
f 9972 9977 9973
f 9970 9975 9971
f 9972 9975 9976
f 9977 9980 9981
f 9974 9979 9975
f 9975 9980 9976
f 9980 9985 9981
f 9979 9982 9983
f 9980 9983 9984
f 9985 9988 9989
f 9982 9987 9983
f 9983 9988 9984
f 9989 9992 9993
f 9986 9991 9987
f 9988 9991 9992
f 9993 9996 9997
f 9991 9994 9995
f 9991 9996 9992
f 9996 10001 9997
f 9994 9999 9995
f 9996 9999 10000
f 10000 10005 10001
f 9999 10002 10003
f 9999 10004 10000
f 10004 10009 10005
f 10003 10006 10007
f 10004 10007 10008
f 10009 10012 10013
f 10006 10011 10007
f 10007 10012 10008
f 10012 10017 10013
f 10011 10014 10015
f 10012 10015 10016
f 10017 10020 10021
f 10014 10019 10015
f 10015 10020 10016
f 10021 10024 10025
f 10019 10022 10023
f 10020 10023 10024
f 10024 10029 10025
f 10022 10027 10023
f 10023 10028 10024
f 10028 10033 10029
f 10027 10030 10031
f 10028 10031 10032
f 10032 10037 10033
f 10030 10035 10031
f 10031 10036 10032
f 10036 10041 10037
f 10035 10038 10039
f 10036 10039 10040
f 10041 10044 10045
f 10038 10043 10039
f 10039 10044 10040
f 10044 10049 10045
f 10043 10046 10047
f 10044 10047 10048
f 10049 10053 10054
f 10046 10052 10047
f 10047 10053 10048
f 10054 10057 10058
f 10052 10055 10056
f 10053 10056 10057
f 9930 10050 9934
f 9934 10050 9938
f 9938 10050 9942
f 9942 10050 9946
f 9946 10050 9950
f 9950 10050 9954
f 9954 10050 9958
f 9958 10050 9962
f 9962 10050 9966
f 9966 10050 9970
f 9970 10050 9974
f 9974 10050 9978
f 9978 10050 9982
f 9982 10050 9986
f 9986 10050 9990
f 9990 10050 9994
f 9994 10050 9998
f 9998 10050 10002
f 10002 10050 10006
f 10006 10050 10010
f 10010 10050 10014
f 10014 10050 10018
f 10018 10050 10022
f 10022 10050 10026
f 10026 10050 10030
f 10030 10050 10034
f 10034 10050 10038
f 10038 10050 10042
f 10042 10050 10046
f 10046 10050 10051
f 10051 10050 10055
f 10058 9932 9933
f 10055 9931 10056
f 10056 9932 10057
f 10055 10050 9930
f 10067 10079 10080
f 10064 10078 10065
f 10063 10075 10076
f 10061 10073 10074
f 10070 10082 10083
f 10067 10081 10068
f 10065 10079 10066
f 10064 10076 10077
f 10061 10075 10062
f 10059 10073 10060
f 10071 10083 10084
f 10069 10081 10082
f 10074 10088 10075
f 10072 10086 10073
f 10084 10096 10097
f 10081 10095 10082
f 10080 10092 10093
f 10078 10090 10091
f 10076 10088 10089
f 10074 10086 10087
f 10083 10095 10096
f 10080 10094 10081
f 10078 10092 10079
f 10076 10090 10077
f 10087 10101 10088
f 10086 10098 10099
f 10096 10110 10097
f 10094 10108 10095
f 10093 10105 10106
f 10091 10103 10104
f 10088 10102 10089
f 10087 10099 10100
f 10095 10109 10096
f 10094 10106 10107
f 10092 10104 10105
f 10089 10103 10090
f 10100 10114 10101
f 10098 10112 10099
f 10110 10122 10123
f 10108 10120 10121
f 10105 10119 10106
f 10103 10117 10104
f 10101 10115 10102
f 10100 10112 10113
f 10108 10122 10109
f 10106 10120 10107
f 10105 10117 10118
f 10103 10115 10116
f 10113 10127 10114
f 10112 10124 10125
f 10122 10136 10123
f 10120 10134 10121
f 10119 10131 10132
f 10117 10129 10130
f 10115 10127 10128
f 10113 10125 10126
f 10122 10134 10135
f 10119 10133 10120
f 10117 10131 10118
f 10115 10129 10116
f 10127 10139 10140
f 10124 10138 10125
f 10136 10148 10149
f 10134 10146 10147
f 10131 10145 10132
f 10130 10142 10143
f 10128 10140 10141
f 10125 10139 10126
f 10135 10147 10148
f 10133 10145 10146
f 10130 10144 10131
f 10128 10142 10129
f 10140 10152 10153
f 10138 10150 10151
f 10148 10162 10149
f 10147 10159 10160
f 10144 10158 10145
f 10143 10155 10156
f 10140 10154 10141
f 10138 10152 10139
f 10147 10161 10148
f 10146 10158 10159
f 10144 10156 10157
f 10141 10155 10142
f 10153 10165 10166
f 10151 10163 10164
f 10162 10174 10175
f 10159 10173 10160
f 10157 10171 10158
f 10156 10168 10169
f 10153 10167 10154
f 10151 10165 10152
f 10161 10173 10174
f 10159 10171 10172
f 10157 10169 10170
f 10154 10168 10155
f 10165 10179 10166
f 10163 10177 10164
f 10175 10187 10188
f 10173 10185 10186
f 10171 10183 10184
f 10168 10182 10169
f 10167 10179 10180
f 10165 10177 10178
f 10173 10187 10174
f 10171 10185 10172
f 10169 10183 10170
f 10168 10180 10181
f 10178 10192 10179
f 10176 10190 10177
f 10188 10200 10201
f 10185 10199 10186
f 10184 10196 10197
f 10182 10194 10195
f 10180 10192 10193
f 10178 10190 10191
f 10187 10199 10200
f 10184 10198 10185
f 10182 10196 10183
f 10180 10194 10181
f 10191 10205 10192
f 10190 10202 10203
f 10200 10214 10201
f 10198 10212 10199
f 10197 10209 10210
f 10195 10207 10208
f 10192 10206 10193
f 10191 10203 10204
f 10199 10213 10200
f 10197 10211 10198
f 10196 10208 10209
f 10193 10207 10194
f 10205 10217 10218
f 10202 10216 10203
f 10214 10226 10227
f 10211 10225 10212
f 10210 10222 10223
f 10207 10221 10208
f 10205 10219 10206
f 10204 10216 10217
f 10212 10226 10213
f 10210 10224 10211
f 10209 10221 10222
f 10207 10219 10220
f 10217 10231 10218
f 10216 10228 10229
f 10226 10240 10227
f 10224 10238 10225
f 10223 10235 10236
f 10221 10233 10234
f 10219 10231 10232
f 10217 10229 10230
f 10226 10238 10239
f 10223 10237 10224
f 10221 10235 10222
f 10219 10233 10220
f 10231 10243 10244
f 10228 10242 10229
f 10240 10252 10253
f 10238 10250 10251
f 10235 10249 10236
f 10234 10246 10247
f 10232 10244 10245
f 10229 10243 10230
f 10239 10251 10252
f 10237 10249 10250
f 10234 10248 10235
f 10232 10246 10233
f 10244 10256 10257
f 10242 10254 10255
f 10252 10266 10253
f 10251 10263 10264
f 10248 10262 10249
f 10247 10259 10260
f 10244 10258 10245
f 10242 10256 10243
f 10251 10265 10252
f 10250 10262 10263
f 10248 10260 10261
f 10245 10259 10246
f 10257 10269 10270
f 10255 10267 10268
f 10266 10278 10279
f 10263 10277 10264
f 10261 10275 10262
f 10260 10272 10273
f 10257 10271 10258
f 10255 10269 10256
f 10265 10277 10278
f 10263 10275 10276
f 10261 10273 10274
f 10258 10272 10259
f 10269 10283 10270
f 10267 10281 10268
f 10278 10292 10279
f 10277 10289 10290
f 10275 10287 10288
f 10272 10286 10273
f 10271 10283 10284
f 10269 10281 10282
f 10277 10291 10278
f 10275 10289 10276
f 10273 10287 10274
f 10272 10284 10285
f 10282 10296 10283
f 10280 10294 10281
f 10292 10304 10305
f 10289 10303 10290
f 10288 10300 10301
f 10286 10298 10299
f 10284 10296 10297
f 10282 10294 10295
f 10291 10303 10304
f 10288 10302 10289
f 10286 10300 10287
f 10284 10298 10285
f 10295 10309 10296
f 10294 10306 10307
f 10304 10318 10305
f 10302 10316 10303
f 10301 10313 10314
f 10299 10311 10312
f 10296 10310 10297
f 10295 10307 10308
f 10303 10317 10304
f 10301 10315 10302
f 10300 10312 10313
f 10297 10311 10298
f 10309 10321 10322
f 10307 10319 10320
f 10318 10330 10331
f 10316 10328 10329
f 10314 10326 10327
f 10311 10325 10312
f 10309 10323 10310
f 10308 10320 10321
f 10316 10330 10317
f 10314 10328 10315
f 10313 10325 10326
f 10311 10323 10324
f 10321 10335 10322
f 10320 10332 10333
f 10330 10344 10331
f 10329 10341 10342
f 10326 10340 10327
f 10325 10337 10338
f 10323 10335 10336
f 10320 10334 10321
f 10330 10342 10343
f 10328 10340 10341
f 10325 10339 10326
f 10323 10337 10324
f 10335 10348 10349
f 10332 10347 10333
f 10344 10357 10358
f 10342 10355 10356
f 10339 10354 10340
f 10337 10352 10338
f 10336 10349 10350
f 10333 10348 10334
f 10343 10356 10357
f 10341 10354 10355
f 10338 10353 10339
f 10337 10350 10351
f 10349 10361 10362
f 10347 10359 10360
f 10357 10371 10358
f 10356 10368 10369
f 10353 10367 10354
f 10351 10365 10352
f 10349 10363 10350
f 10347 10361 10348
f 10356 10370 10357
f 10355 10367 10368
f 10353 10365 10366
f 10351 10363 10364
f 10362 10374 10375
f 10360 10372 10373
f 10371 10383 10384
f 10368 10382 10369
f 10366 10380 10367
f 10365 10377 10378
f 10362 10376 10363
f 10360 10374 10361
f 10370 10382 10383
f 10368 10380 10381
f 10366 10378 10379
f 10363 10377 10364
f 10374 10388 10375
f 10372 10386 10373
f 10383 10397 10384
f 10382 10394 10395
f 10380 10392 10393
f 10377 10391 10378
f 10376 10388 10389
f 10374 10386 10387
f 10382 10396 10383
f 10380 10394 10381
f 10378 10392 10379
f 10377 10389 10390
f 10387 10401 10388
f 10385 10399 10386
f 10397 10409 10410
f 10394 10408 10395
f 10393 10405 10406
f 10390 10404 10391
f 10389 10401 10402
f 10387 10399 10400
f 10396 10408 10409
f 10393 10407 10394
f 10391 10405 10392
f 10390 10402 10403
f 10400 10414 10401
f 10399 10411 10412
f 10409 10423 10410
f 10407 10421 10408
f 10406 10418 10419
f 10403 10417 10404
f 10401 10415 10402
f 10400 10412 10413
f 10408 10422 10409
f 10406 10420 10407
f 10405 10417 10418
f 10403 10415 10416
f 10414 10426 10427
f 10411 10425 10412
f 10423 10435 10436
f 10420 10434 10421
f 10418 10432 10419
f 10416 10430 10417
f 10414 10428 10415
f 10412 10426 10413
f 10421 10435 10422
f 10419 10433 10420
f 10418 10430 10431
f 10416 10428 10429
f 10427 10439 10440
f 10425 10437 10438
f 10435 10449 10436
f 10433 10447 10434
f 10431 10445 10432
f 10430 10442 10443
f 10428 10440 10441
f 10425 10439 10426
f 10435 10447 10448
f 10433 10445 10446
f 10430 10444 10431
f 10428 10442 10429
f 10440 10452 10453
f 10437 10451 10438
f 10449 10461 10462
f 10447 10459 10460
f 10444 10458 10445
f 10443 10455 10456
f 10441 10453 10454
f 10438 10452 10439
f 10448 10460 10461
f 10446 10458 10459
f 10443 10457 10444
f 10441 10455 10442
f 10453 10465 10466
f 10451 10463 10464
f 10461 10475 10462
f 10460 10472 10473
f 10457 10471 10458
f 10456 10468 10469
f 10453 10467 10454
f 10451 10465 10452
f 10460 10474 10461
f 10459 10471 10472
f 10457 10469 10470
f 10454 10468 10455
f 10345 10071 10084
f 10345 10084 10097
f 10345 10097 10110
f 10345 10110 10123
f 10345 10123 10136
f 10345 10136 10149
f 10345 10149 10162
f 10345 10162 10175
f 10345 10175 10188
f 10345 10188 10201
f 10345 10201 10214
f 10345 10214 10227
f 10345 10227 10240
f 10345 10240 10253
f 10345 10253 10266
f 10345 10266 10279
f 10345 10279 10292
f 10345 10292 10305
f 10345 10305 10318
f 10345 10318 10331
f 10345 10331 10344
f 10345 10344 10358
f 10345 10358 10371
f 10345 10371 10384
f 10345 10384 10397
f 10345 10397 10410
f 10345 10410 10423
f 10345 10423 10436
f 10345 10436 10449
f 10345 10449 10462
f 10345 10462 10475
f 10466 10061 10062
f 10464 10059 10060
f 10474 10071 10475
f 10472 10069 10473
f 10470 10067 10471
f 10469 10064 10065
f 10466 10063 10467
f 10464 10061 10465
f 10345 10475 10071
f 10473 10070 10474
f 10472 10067 10068
f 10470 10065 10066
f 10467 10064 10468
f 9933 10463 10058
f 10463 10054 10058
f 10450 10049 10054
f 10437 10045 10049
f 10045 10411 10041
f 10041 10398 10037
f 10037 10385 10033
f 10385 10029 10033
f 10029 10359 10025
f 10359 10021 10025
f 10346 10017 10021
f 10332 10013 10017
f 10013 10306 10009
f 10009 10293 10005
f 10005 10280 10001
f 10280 9997 10001
f 9997 10254 9993
f 10254 9989 9993
f 10241 9985 9989
f 10228 9981 9985
f 9981 10202 9977
f 9977 10189 9973
f 9973 10176 9969
f 10176 9965 9969
f 9965 10150 9961
f 10150 9957 9961
f 10137 9953 9957
f 10124 9949 9953
f 9949 10098 9945
f 9945 10085 9941
f 9941 10072 9937
f 10072 9933 9937
f 4 3 2
f 8 7 6
f 13 16 15
f 17 28 19
f 32 31 30
f 36 35 34
f 37 40 39
f 21 22 23
f 25 26 27
f 41 44 43
f 48 47 46
f 52 51 50
f 53 56 55
f 60 59 58
f 29 30 62
f 66 65 64
f 67 5 6
f 72 71 70
f 76 75 74
f 77 80 79
f 81 84 83
f 59 87 86
f 88 91 90
f 96 95 94
f 100 99 98
f 101 104 103
f 106 105 34
f 108 116 115
f 117 119 36
f 124 127 126
f 131 130 129
f 132 102 134
f 142 141 140
f 148 106 60
f 144 143 127
f 149 152 151
f 156 155 154
f 159 150 158
f 116 108 164
f 171 170 169
f 174 126 173
f 179 182 181
f 186 189 188
f 194 197 196
f 199 142 139
f 206 209 208
f 213 212 211
f 202 215 214
f 96 93 216
f 92 238 43
f 97 184 246
f 250 249 229
f 252 254 58
f 258 257 256
f 260 91 229
f 110 111 112
f 114 264 263
f 265 268 267
f 56 53 270
f 274 273 249
f 185 183 63
f 280 279 278
f 285 284 283
f 288 219 211
f 141 142 92
f 289 290 175
f 148 116 105
f 312 311 170
f 238 262 42
f 318 163 160
f 310 309 308
f 241 239 325
f 160 230 240
f 47 48 307
f 108 109 315
f 345 85 86
f 348 351 350
f 356 359 358
f 355 354 353
f 363 31 32
f 364 252 253
f 366 125 368
f 183 372 371
f 163 162 161
f 209 226 101
f 378 377 165
f 379 295 381
f 383 382 3
f 284 285 386
f 387 127 389
f 391 259 229
f 73 281 397
f 405 408 407
f 203 218 411
f 414 121 413
f 1 356 357
f 277 276 131
f 254 344 57
f 358 384 415
f 417 416 386
f 401 400 192
f 419 389 127
f 421 181 182
f 103 301 302
f 428 367 368
f 380 390 359
f 62 204 266
f 140 141 431
f 357 358 351
f 356 1 379
f 415 392 403
f 437 428 436
f 438 441 440
f 188 451 450
f 265 455 181
f 224 185 64
f 237 212 213
f 275 131 128
f 281 282 460
f 50 462 79
f 73 74 282
f 468 467 466
f 390 355 352
f 482 485 484
f 489 488 487
f 493 496 495
f 472 471 470
f 502 501 500
f 220 221 222
f 512 419 143
f 518 517 511
f 513 239 230
f 205 30 31
f 189 370 451
f 163 318 532
f 533 224 225
f 446 448 447
f 335 541 540
f 544 512 546
f 329 519 291
f 199 534 262
f 385 386 416
f 532 190 191
f 363 117 118
f 578 581 580
f 573 572 571
f 561 563 562
f 241 260 259
f 590 593 592
f 545 546 595
f 503 154 155
f 606 625 624
f 478 481 480
f 646 649 648
f 590 591 689
f 564 565 651
f 728 246 184
f 714 724 716
f 692 574 575
f 541 335 581
f 346 68 248
f 161 231 230
f 128 129 94
f 698 705 704
f 574 577 576
f 290 289 401
f 630 631 725
f 733 736 735
f 755 466 496
f 759 480 481
f 757 763 762
f 764 496 466
f 768 767 9260
f 759 760 488
f 492 474 475
f 474 770 769
f 773 468 465
f 771 774 486
f 484 485 775
f 774 776 489
f 495 496 764
f 495 757 761
f 137 397 784
f 325 239 797
f 165 519 51
f 369 32 29
f 730 731 568
f 90 302 301
f 243 118 516
f 800 734 806
f 817 815 808
f 816 808 823
f 306 303 447
f 815 810 809
f 829 830 828
f 726 725 501
f 274 427 424
f 879 882 881
f 884 883 879
f 219 218 217
f 906 905 904
f 455 204 205
f 898 882 830
f 903 900 880
f 377 291 519
f 923 949 948
f 946 947 951
f 8963 740 739
f 900 899 886
f 225 64 65
f 182 445 442
f 809 952 947
f 954 960 962
f 927 950 965
f 885 879 880
f 925 927 966
f 343 342 341
f 965 964 971
f 968 971 970
f 972 968 969
f 963 961 981
f 336 337 338
f 992 993 827
f 810 815 996
f 1007 1001 1002
f 1012 826 827
f 1011 1009 1007
f 294 293 292
f 907 908 920
f 1017 579 1019
f 1020 1023 1022
f 1035 1024 1020
f 1061 1060 1047
f 1063 1061 1046
f 1044 1020 1021
f 1102 1094 1097
f 1116 1126 1118
f 1016 1015 1014
f 881 897 904
f 816 1116 1127
f 1094 948 949
f 514 342 167
f 146 145 81
f 1133 1135 1130
f 1102 1133 1126
f 822 1126 1116
f 1145 1143 1148
f 1076 1144 1151
f 1148 1143 1086
f 1109 1097 1114
f 1154 1153 1156
f 1153 925 967
f 8815 8941 463
f 1144 1147 1152
f 1156 967 1163
f 1164 1162 1169
f 1145 1171 1176
f 1114 1115 1154
f 1183 1155 1164
f 1184 1183 1177
f 1069 1151 1062
f 1023 1191 1194
f 1162 1163 1170
f 1195 1184 1185
f 1183 1196 1176
f 1201 1063 1152
f 1061 1063 1201
f 9277 847 843
f 1203 1202 1195
f 1202 1201 1184
f 1218 1060 1203
f 1060 1061 1202
f 1225 1218 1217
f 671 695 694
f 1219 1217 1024
f 1217 1203 1034
f 1226 1014 1015
f 1243 1242 1234
f 1231 1230 1229
f 847 1243 1233
f 843 1233 1244
f 1233 1234 1245
f 1923 9213 233
f 2100 2108 499
f 9366 9316 2135
f 61 62 323
f 210 211 217
f 1299 1310 1309
f 9315 1230 1231
f 1066 1047 1321
f 1322 1321 1228
f 1060 1218 1321
f 1325 1324 1323
f 1244 1245 1332
f 1290 1234 1242
f 1337 1330 1339
f 1330 1332 1340
f 1341 1332 1245
f 1342 1340 1332
f 1343 1342 1341
f 1344 1341 1294
f 9309 9308 1345
f 1347 1348 1342
f 9308 9306 1295
f 1349 1350 1348
f 9313 1349 1347
f 9305 1347 1343
f 906 898 829
f 905 906 1353
f 865 1356 1355
f 1355 1353 829
f 1357 1355 825
f 1356 1354 1353
f 9286 1337 1338
f 866 1358 1356
f 1358 1359 1354
f 9280 878 1337
f 838 1362 1012
f 1363 1364 1338
f 1368 1363 1339
f 1348 1368 1340
f 1371 1369 9276
f 524 525 526
f 528 529 530
f 1372 1370 1369
f 535 536 537
f 1367 1368 1348
f 1370 1354 1359
f 1369 1359 9285
f 1373 910 903
f 555 556 557
f 1374 909 910
f 1373 904 905
f 1374 1373 1375
f 1375 905 1354
f 1378 920 908
f 376 373 651
f 1388 928 973
f 586 587 588
f 1390 1389 1388
f 1391 1388 969
f 597 598 599
f 600 601 602
f 1392 1391 970
f 608 609 610
f 612 524 523
f 614 615 616
f 617 618 25
f 620 621 622
f 1397 1390 1391
f 1398 1397 1392
f 1400 987 920
f 1402 1403 1165
f 636 637 638
f 930 1404 1402
f 641 642 643
f 929 1402 1169
f 1404 1405 1403
f 1411 1366 1365
f 1412 1406 1415
f 652 653 654
f 609 656 657
f 659 660 661
f 558 663 586
f 665 666 667
f 1413 1411 1406
f 1418 1416 9262
f 1417 1372 1371
f 1416 1371 9281
f 1419 1417 1416
f 1386 909 1374
f 677 678 679
f 1385 1386 1420
f 1420 1374 1376
f 685 686 687
f 1421 1420 1422
f 528 690 691
f 1422 1376 1372
f 1018 1019 747
f 699 700 701
f 1424 578 579
f 9115 1597 1767
f 700 699 711
f 1093 9198 9206
f 717 718 530
f 721 722 723
f 704 1650 8987
f 19 1429 1426
f 1429 1428 1427
f 1658 1659 8986
f 1439 1437 1434
f 1437 1436 1435
f 1426 1427 1433
f 1442 1431 1432
f 742 743 744
f 1432 1433 1441
f 751 752 753
f 1438 1434 1403
f 1446 1445 1444
f 1447 1448 1446
f 9312 1447 1443
f 1415 1367 1445
f 1414 1415 1446
f 2173 1683 469
f 777 778 779
f 780 781 782
f 1676 1693 1806
f 9311 1451 1349
f 789 790 791
f 745 792 793
f 652 794 795
f 1455 1458 1457
f 1454 1367 1350
f 610 691 802
f 9283 9268 698
f 1352 1044 1045
f 1015 1016 1459
f 811 812 813
f 2118 9267 9269
f 819 820 821
f 1466 1463 1194
f 1467 1468 1465
f 1182 1165 1468
f 832 812 833
f 835 836 837
f 1467 1466 1190
f 1469 1470 1444
f 840 700 712
f 1453 1470 1469
f 599 844 845
f 1226 1450 9301
f 851 852 853
f 855 744 856
f 858 859 860
f 861 862 863
f 1014 1226 9307
f 867 676 868
f 870 871 872
f 874 875 876
f 1310 1323 1471
f 1476 1433 1427
f 1461 1476 1475
f 887 888 889
f 788 791 892
f 894 895 896
f 1460 1475 1227
f 901 902 524
f 1465 1478 1477
f 1865 8947 8944
f 911 912 913
f 916 917 918
f 1850 8949 8951
f 921 922 895
f 1479 1435 1436
f 926 664 667
f 1481 562 563
f 269 1483 84
f 931 932 933
f 934 935 614
f 936 685 688
f 938 659 662
f 1484 270 122
f 941 942 835
f 320 321 509
f 1849 8954 8949
f 84 1483 1484
f 1487 1490 1488
f 1757 1758 8946
f 365 1492 1491
f 461 79 80
f 117 363 362
f 1494 540 541
f 926 601 957
f 1477 1441 1433
f 1709 1588 1585
f 119 117 1496
f 271 1497 504
f 511 517 189
f 345 1496 1492
f 57 344 299
f 1501 1499 268
f 267 268 1499
f 974 975 976
f 1678 1652 1693
f 9298 1682 1807
f 557 982 663
f 983 941 984
f 1443 1444 9301
f 421 1500 268
f 989 990 991
f 1490 1487 418
f 279 280 309
f 997 868 676
f 998 26 999
f 1504 418 38
f 1506 1508 1507
f 360 361 1508
f 1506 1486 207
f 939 1005 1006
f 270 1484 1483
f 66 63 546
f 1010 742 793
f 367 428 437
f 244 31 363
f 1670 8976 8978
f 209 206 1510
f 388 389 426
f 427 274 250
f 161 520 521
f 100 246 45
f 1025 1026 608
f 1029 1030 1031
f 939 662 1033
f 41 42 594
f 1036 780 783
f 702 701 1038
f 1040 1041 1042
f 362 32 369
f 187 1520 477
f 70 1487 539
f 1049 600 603
f 613 867 869
f 860 1050 1051
f 1005 1052 1053
f 753 1055 1056
f 1057 1058 1059
f 293 288 1522
f 288 212 1521
f 292 1522 1523
f 331 1507 1508
f 306 452 453
f 100 44 41
f 462 1524 78
f 330 331 1524
f 635 1067 1068
f 1485 1527 1526
f 206 1485 1528
f 1070 1071 1072
f 942 941 1073
f 916 933 1075
f 440 1529 1530
f 157 158 1514
f 1529 162 5
f 371 595 546
f 790 586 663
f 1077 858 857
f 1403 1434 1435
f 1080 1081 1082
f 531 520 1529
f 21 1083 1084
f 272 1532 1531
f 690 712 802
f 335 9015 9011
f 1090 1030 1029
f 1092 795 794
f 1533 396 137
f 661 660 1095
f 69 444 445
f 1099 1100 1101
f 38 39 1536
f 1104 1105 1106
f 852 1107 1108
f 1377 908 909
f 291 377 411
f 316 1536 516
f 539 1488 1533
f 1505 1536 316
f 1110 1111 1112
f 1539 1537 460
f 522 441 1537
f 834 837 1120
f 1122 1123 1124
f 612 1125 1041
f 935 793 615
f 276 278 130
f 1686 8993 8966
f 193 190 1541
f 231 521 1540
f 556 1037 982
f 365 253 85
f 190 532 318
f 1810 765 9018
f 9376 1867 8956
f 1132 983 985
f 208 101 102
f 1134 1033 662
f 1491 518 80
f 429 133 1542
f 1137 1138 915
f 172 436 428
f 1139 1140 1141
f 549 96 54
f 1517 1519 1518
f 834 1119 984
f 1543 513 286
f 1544 797 239
f 133 134 1544
f 506 361 257
f 420 327 328
f 1158 1159 1160
f 587 1104 1103
f 607 1161 1027
f 304 1546 1545
f 364 1491 77
f 69 70 198
f 700 840 1112
f 9329 626 8969
f 1166 719 657
f 1167 1168 858
f 1300 8967 8968
f 1172 1173 1174
f 218 203 200
f 1179 1180 1181
f 372 183 97
f 89 104 227
f 1186 1187 1188
f 172 173 1517
f 1482 84 81
f 1090 1192 1193
f 394 395 353
f 526 525 1198
f 1199 1200 1026
f 606 623 697
f 1204 1205 1206
f 1207 1208 523
f 1209 1210 867
f 914 913 685
f 1478 1436 1441
f 1029 1028 1161
f 1211 1212 1213
f 9310 1453 1451
f 844 1215 1216
f 423 193 273
f 1220 1221 1222
f 22 1223 1224
f 882 898 897
f 1519 1517 173
f 1189 1188 1232
f 349 350 550
f 1071 1235 1236
f 1237 1238 1239
f 1221 1186 1189
f 1510 1528 1512
f 939 1032 1241
f 1556 1530 5
f 1553 1554 394
f 404 1556 67
f 1247 1248 1249
f 142 199 238
f 1251 1067 635
f 850 1252 1253
f 1254 1167 1077
f 57 132 133
f 443 430 552
f 1187 1172 1175
f 1256 1070 831
f 432 405 382
f 741 748 747
f 434 350 351
f 349 432 383
f 251 124 1481
f 395 384 352
f 1518 1519 1550
f 1558 410 378
f 109 263 314
f 285 1514 1513
f 395 394 393
f 202 203 410
f 417 408 405
f 1246 1257 1258
f 3 1559 297
f 1259 1260 1261
f 403 404 347
f 955 954 953
f 462 50 51
f 1096 1095 687
f 429 147 60
f 896 1264 1265
f 1267 721 1268
f 423 424 327
f 37 179 180
f 20 23 1187
f 1256 1168 1071
f 1188 1175 1269
f 1236 1270 1271
f 1272 536 535
f 565 564 463
f 1273 792 745
f 876 1254 1255
f 316 33 164
f 437 1516 503
f 194 1494 1495
f 1275 1276 864
f 624 625 631
f 1277 1274 1137
f 569 568 567
f 1481 124 125
f 324 325 547
f 1279 1108 1107
f 1525 332 329
f 1281 1278 1137
f 171 168 1553
f 1488 73 396
f 1557 1561 1562
f 1282 856 1206
f 1053 1277 1278
f 778 777 607
f 713 583 9010
f 251 225 144
f 4 357 348
f 709 708 707
f 728 48 45
f 261 135 1563
f 789 1286 1287
f 74 314 263
f 403 284 385
f 1178 1181 1240
f 1223 1259 1289
f 1220 20 1186
f 296 1518 354
f 784 459 1538
f 1181 1180 1291
f 1269 1292 1257
f 1566 1538 438
f 136 784 1566
f 1563 1564 169
f 107 114 109
f 1297 1282 1298
f 1464 1477 1476
f 1520 187 507
f 1301 1302 1303
f 1306 1307 1308
f 175 456 1532
f 1532 456 200
f 1311 1266 1312
f 872 1314 1315
f 9288 843 878
f 1305 1308 864
f 1040 1275 863
f 1564 1566 399
f 592 1576 1575
f 591 1575 1088
f 1581 1584 1583
f 1196 1152 1147
f 710 582 583
f 285 407 408
f 953 954 961
f 1594 1592 1589
f 1585 1588 1587
f 1592 1591 1590
f 9337 945 944
f 1600 1599 1598
f 1604 1603 1602
f 1399 1392 979
f 1589 1590 1596
f 1610 1609 1608
f 298 257 361
f 551 552 276
f 1627 1626 9266
f 859 811 818
f 1078 857 1328
f 1555 439 1530
f 572 573 680
f 772 465 776
f 977 1281 918
f 404 403 392
f 1054 1331 750
f 1644 1645 1643
f 932 1265 1082
f 1067 1333 1334
f 1540 1539 264
f 597 1335 643
f 471 761 762
f 1642 696 9283
f 1644 1642 9294
f 923 946 950
f 96 549 548
f 520 531 522
f 445 444 443
f 849 839 848
f 480 759 755
f 1646 760 481
f 311 426 1567
f 464 463 8941
f 8941 1360 1361
f 234 237 236
f 190 193 192
f 153 154 152
f 231 287 286
f 1552 1553 1551
f 760 1646 1648
f 9284 1647 1649
f 828 827 826
f 52 167 166
f 1663 1662 1661
f 287 107 115
f 668 671 670
f 634 645 640
f 553 560 559
f 118 36 33
f 492 484 491
f 8996 1652 1651
f 582 589 584
f 384 395 392
f 1381 1382 1383
f 1562 1561 435
f 952 953 951
f 8973 9010 583
f 1660 1661 1667
f 1394 1395 1396
f 1660 1665 1664
f 1671 1670 1669
f 1624 1625 1673
f 1407 1408 1409
f 1677 1676 1675
f 1613 1679 1677
f 1679 1678 1676
f 1626 1681 9263
f 534 199 198
f 803 733 734
f 400 248 191
f 65 66 143
f 8970 1657 1656
f 402 159 157
f 629 628 627
f 461 477 49
f 758 757 495
f 796 787 786
f 406 407 1513
f 342 343 166
f 1694 1659 1658
f 1692 1687 1694
f 9001 1693 1652
f 9373 1704 1703
f 326 547 302
f 9368 9373 1702
f 9371 9370 1698
f 1699 1691 9379
f 1557 406 1560
f 1127 1116 1117
f 400 401 289
f 1706 1702 1707
f 1707 1702 1599
f 1709 1706 1708
f 1714 1712 1711
f 9371 9367 1709
f 1704 1711 1577
f 1716 1714 1713
f 1559 1562 1549
f 1722 1721 1720
f 1335 597 596
f 410 411 377
f 973 1170 1163
f 168 169 399
f 1571 682 1089
f 1572 681 682
f 749 646 647
f 1730 1724 1723
f 1594 1582 1729
f 1729 1723 1591
f 1384 1378 1377
f 1732 1731 1712
f 1724 1730 1731
f 1722 1724 1732
f 1721 1722 1733
f 1734 1733 1716
f 1735 1737 1736
f 1733 1732 1714
f 1663 1664 1741
f 1742 1665 1740
f 1738 1739 1737
f 1665 1660 1666
f 1665 1742 1744
f 1725 1726 1746
f 1591 1725 1745
f 1590 1745 1747
f 1745 1746 1748
f 1659 1688 8982
f 5650 1760 8989
f 1185 1177 1182
f 1664 1744 1749
f 1741 1749 1739
f 1746 1742 1743
f 1726 1744 1742
f 1115 924 1153
f 1654 8990 9019
f 1896 9006 8993
f 1720 1749 1744
f 1721 1739 1749
f 1750 1718 1701
f 1697 1736 1750
f 1151 1152 1063
f 1751 1752 1670
f 1695 1658 1752
f 961 962 986
f 1770 1769 1768
f 1766 1594 1593
f 1731 1759 1579
f 1579 1777 1774
f 9380 1772 1771
f 1764 1772 9380
f 1777 1776 1775
f 9214 9215 1699
f 1004 1127 1128
f 1774 1775 1771
f 987 1400 1399
f 1578 1774 1772
f 1783 1782 1781
f 1597 1598 1770
f 639 1878 9347
f 9380 9381 1769
f 1793 1792 1789
f 9381 9372 1798
f 8952 8960 9225
f 1802 1867 9376
f 1788 1790 1794
f 1793 1794 1795
f 9225 9224 1675
f 1584 1581 1783
f 1771 1797 9372
f 1801 1799 1798
f 1768 1769 1798
f 1775 1796 1797
f 508 514 515
f 1796 1803 1802
f 1800 1798 9372
f 1794 1805 1804
f 8976 1670 1752
f 485 1808 1807
f 9261 9296 1640
f 9289 9296 1810
f 485 482 1640
f 1690 1691 9222
f 487 488 1648
f 9291 1813 1816
f 9290 1811 1648
f 9291 1812 1811
f 1812 1809 487
f 1641 1809 767
f 465 466 755
f 767 1815 9275
f 9274 1816 9278
f 1809 1812 1815
f 9289 1653 1651
f 675 672 8985
f 1814 1649 1822
f 1821 1822 9273
f 1824 1822 1649
f 1827 1849 1850
f 1668 1669 1662
f 1779 1780 1848
f 1790 1827 1805
f 1833 1836 1853
f 8965 8950 693
f 1614 1615 1616
f 1852 1853 8942
f 1620 1621 1622
f 1855 1765 1574
f 1847 1852 8945
f 1766 1765 1855
f 1629 1630 1631
f 1633 1622 1634
f 1635 1636 1637
f 1848 1833 1852
f 1855 1861 1863
f 1803 1866 1867
f 1862 1863 1831
f 1782 1855 1862
f 9374 9376 1865
f 1873 1872 1870
f 1874 1869 799
f 2045 9330 9349
f 1219 1345 1295
f 1615 1614 1396
f 9336 9347 1877
f 645 9350 9238
f 1345 1219 1035
f 634 639 9336
f 15 1887 1327
f 9362 9347 1878
f 1894 604 605
f 8950 8995 627
f 9004 640 645
f 340 341 454
f 1897 194 195
f 1889 1882 1877
f 1901 94 129
f 196 749 754
f 1705 1704 9373
f 340 378 166
f 1570 1480 563
f 1904 1494 194
f 1781 1862 1832
f 1905 549 55
f 1000 994 995
f 986 919 920
f 1191 1185 1190
f 2094 2077 2075
f 1920 1921 1919
f 453 454 1912
f 1915 1919 1918
f 9334 2112 2106
f 1655 9019 8975
f 1916 1918 1926
f 704 8998 9005
f 278 1916 1925
f 9009 9008 1818
f 1097 949 1115
f 1927 1928 727
f 9030 9031 9106
f 1920 310 307
f 1929 307 48
f 503 504 1497
f 1902 1903 787
f 1816 1821 9272
f 1925 1926 1923
f 1535 1569 1568
f 254 252 258
f 1509 1497 366
f 119 86 35
f 219 288 293
f 141 46 47
f 542 205 244
f 1940 552 430
f 1779 1828 1827
f 1701 1710 9367
f 1661 8994 8959
f 270 53 754
f 197 1947 749
f 1727 1728 1212
f 53 54 232
f 1465 1468 1479
f 1284 9314 9306
f 1951 446 412
f 168 398 1554
f 1486 1485 206
f 506 77 78
f 994 1001 1007
f 951 953 963
f 1013 9311 9313
f 9278 9272 1820
f 1498 1909 1954
f 299 298 543
f 1754 1755 1756
f 1681 469 1683
f 1696 1694 1695
f 13 14 738
f 473 476 475
f 482 1641 768
f 204 62 30
f 1761 1762 820
f 611 1763 1125
f 1501 1503 1908
f 1074 1073 711
f 1960 1944 82
f 120 1956 1960
f 35 86 87
f 1773 1199 1025
f 1965 1545 1569
f 494 761 471
f 1966 1967 1969
f 446 1951 1971
f 174 368 125
f 1580 1579 1578
f 1785 1786 1787
f 1972 1546 304
f 1254 876 875
f 1973 341 342
f 321 1912 1973
f 1910 277 275
f 509 1973 514
f 1486 1507 1527
f 1974 1874 804
f 1977 1976 1974
f 1980 448 1966
f 379 1 2
f 1718 1715 1710
f 884 995 992
f 1680 1684 1678
f 902 990 525
f 344 255 256
f 135 138 137
f 448 446 1967
f 589 605 604
f 910 909 908
f 1981 1966 1968
f 1982 1981 1987
f 1988 1979 1987
f 1990 1988 1989
f 1991 1989 1993
f 322 321 320
f 992 828 830
f 1144 1076 1086
f 1995 1977 1978
f 1133 1129 1118
f 1997 1995 1994
f 870 1823 1335
f 805 806 1982
f 727 184 2000
f 1996 1994 1988
f 1994 1978 1979
f 1829 616 792
f 1830 1073 941
f 798 803 800
f 729 732 731
f 2011 2012 2023
f 1834 1835 846
f 402 283 284
f 2022 2023 2024
f 1838 718 989
f 810 955 952
f 1823 1839 1840
f 1430 1426 1432
f 1215 844 1841
f 1316 1208 873
f 2112 1401 1384
f 1842 1843 1844
f 1159 846 845
f 837 27 1846
f 1971 1951 2030
f 517 369 370
f 1471 2026 2027
f 8995 8969 626
f 2174 2175 770
f 935 934 1854
f 1613 1619 1611
f 1231 1228 1225
f 1856 1857 891
f 1300 1309 748
f 1150 1149 1858
f 1643 606 696
f 1215 1265 1264
f 1320 1860 902
f 1956 1943 1944
f 2031 668 669
f 2034 1325 1310
f 1879 1880 1656
f 40 245 242
f 1992 1993 2039
f 888 958 957
f 1882 1889 1996
f 1078 1138 1255
f 1871 912 1192
f 294 411 218
f 1323 2041 2026
f 123 1960 83
f 1324 2036 2041
f 384 358 359
f 1324 1325 2038
f 1883 1884 1885
f 287 1540 114
f 1096 1886 1134
f 915 1329 931
f 806 1980 1981
f 8977 8973 584
f 1425 2030 2042
f 1018 2042 1948
f 9006 1896 740
f 1948 2042 649
f 1881 1882 1990
f 1900 129 130
f 992 995 994
f 923 927 925
f 9330 2045 2047
f 1643 2048 625
f 2050 2052 2051
f 2045 1405 1404
f 9328 2047 945
f 1139 1080 1079
f 1037 1856 892
f 2055 2053 2057
f 1198 989 718
f 1619 2058 1612
f 2058 1605 1606
f 2059 2060 1607
f 2058 1619 1624
f 71 72 179
f 405 406 1557
f 322 1548 1972
f 2061 2052 2063
f 2066 2065 2067
f 2052 2061 2064
f 1609 1610 2066
f 1515 151 152
f 1009 827 993
f 1644 9295 9267
f 279 1915 1916
f 1285 9315 9314
f 1647 2066 1825
f 2056 2057 2067
f 319 320 1953
f 667 666 1913
f 2070 631 625
f 2052 2050 2055
f 2038 1654 1655
f 1606 1601 2073
f 1235 1917 1270
f 2072 2073 2075
f 2059 1606 2072
f 2074 2075 2077
f 1601 1602 2078
f 2049 2048 1643
f 1000 1004 1001
f 1089 943 684
f 1931 1286 1306
f 1462 1459 1021
f 1932 1933 1934
f 875 874 1846
f 1936 1051 1937
f 44 45 46
f 1534 1955 1956
f 1541 318 317
f 2081 2082 2084
f 146 1945 1959
f 1360 1941 1942
f 985 984 1032
f 1995 1997 1892
f 2079 2080 2082
f 2095 2096 2076
f 2081 2093 2078
f 2055 2050 2054
f 501 2096 2095
f 2097 2100 2099
f 2098 2099 2094
f 2140 2141 9345
f 2141 2046 9346
f 2051 2070 2048
f 592 2102 2101
f 2071 2064 2076
f 2102 2097 2098
f 593 2103 2102
f 1019 1895 746
f 1950 11 12
f 725 2071 2096
f 1385 2105 2104
f 1379 2104 2106
f 2107 2108 2100
f 9360 726 502
f 9348 502 499
f 940 1389 2109
f 928 929 1170
f 9320 590 684
f 1962 1963 1964
f 9330 680 573
f 2039 1993 1968
f 1389 1390 2110
f 1398 2111 2113
f 9209 9207 9205
f 9363 9335 2107
f 949 923 924
f 260 241 324
f 1390 1397 2113
f 2070 2051 2064
f 9319 9363 2103
f 2105 1385 1421
f 2114 1421 1423
f 9344 2114 2115
f 9360 2105 2114
f 554 2116 1902
f 972 1163 967
f 1765 1593 1573
f 1984 1985 1986
f 2053 2117 2069
f 9017 9000 724
f 1625 1677 1674
f 9333 9340 2119
f 9355 2115 2123
f 56 1954 1906
f 626 9329 9331
f 2001 2002 2003
f 9364 9293 2127
f 2006 2007 2008
f 2127 1413 1412
f 2014 2015 2016
f 2018 2019 2020
f 1495 1424 1947
f 1379 1377 1386
f 9266 9263 1680
f 2029 1885 1884
f 9354 2128 2120
f 629 9331 9366
f 682 683 943
f 724 1650 2121
f 1757 1819 9273
f 765 1810 9296
f 9303 714 715
f 706 707 9322
f 981 986 987
f 1457 1868 1656
f 2017 2016 2032
f 1458 1655 1868
f 1776 1777 1792
f 1959 1945 1946
f 9115 9167 9177
f 9365 9333 2122
f 1093 1089 689
f 966 965 968
f 9304 715 9333
f 2172 9029 2170
f 670 2138 2137
f 9213 787 1903
f 1429 19 28
f 964 963 978
f 9293 9265 1413
f 1473 1474 669
f 9286 9285 1359
f 2138 798 1870
f 1872 1473 2137
f 715 716 9340
f 1881 1991 1992
f 9295 9294 739
f 1837 1847 8957
f 253 58 59
f 1808 9289 9292
f 1647 9284 9270
f 9317 9318 671
f 2112 9334 9335
f 1405 2045 2044
f 9281 9276 1364
f 273 1541 391
f 576 632 8964
f 9327 9317 668
f 1430 1431 2140
f 2136 9302 9312
f 1430 2139 18
f 9345 9346 570
f 1442 1439 2046
f 1431 1442 2141
f 9321 9365 9302
f 9260 9275 1817
f 9318 9345 695
f 2142 2025 798
f 571 2143 2142
f 9271 9266 1618
f 2143 2022 2025
f 694 2142 2138
f 681 1572 2144
f 2144 2011 2022
f 328 210 457
f 1572 2010 2011
f 630 9344 9355
f 2085 2086 2087
f 2090 2091 2092
f 572 2144 2143
f 1875 1976 2153
f 1873 1875 2149
f 2103 2107 2097
f 2157 2043 2155
f 2128 1412 1414
f 9326 9323 589
f 9324 9322 628
f 2149 2153 2158
f 2159 2158 9357
f 698 9359 9354
f 9275 9299 9279
f 2158 2156 9326
f 1438 2044 2046
f 2035 2154 2160
f 2161 2160 9341
f 9323 9343 605
f 9325 17 18
f 370 29 61
f 649 1951 413
f 2153 2157 2156
f 1428 1429 1449
f 1490 76 73
f 9342 9357 710
f 2155 1891 9343
f 1456 1457 1880
f 2125 2088 2087
f 2160 2159 9342
f 300 1959 505
f 1064 1062 1046
f 2043 1892 1891
f 2129 2130 2004
f 2131 2132 2133
f 9300 9301 1450
f 1998 1975 804
f 9331 673 9316
f 474 492 490
f 1164 1165 1182
f 707 2162 9361
f 708 1472 2162
f 2162 2161 9338
f 548 549 1905
f 1145 1136 1114
f 705 2121 1650
f 2043 2157 1977
f 737 738 554
f 1034 1195 1191
f 458 1905 1907
f 195 196 232
f 2040 2039 1969
f 2145 2146 2147
f 2054 2050 2049
f 9284 1646 1639
f 9 12 11
f 252 364 506
f 472 478 479
f 1865 9376 9243
f 900 903 910
f 1941 2150 2151
f 1921 1928 1927
f 2163 1897 1898
f 271 156 153
f 1904 1326 12
f 282 263 264
f 1872 1873 2154
f 1326 1904 1897
f 628 692 693
f 1724 1722 1719
f 1549 1562 436
f 1582 1583 1730
f 1921 1920 1929
f 9007 8955 10
f 2152 2037 1950
f 475 772 774
f 769 2172 2171
f 2171 2165 476
f 476 773 772
f 1791 565 464
f 2166 2167 2168
f 595 371 372
f 483 1809 1641
f 762 2174 2173
f 771 483 484
f 486 487 1809
f 297 1549 1517
f 763 2175 2174
f 776 755 759
f 184 185 2176
f 412 447 303
f 2005 2176 185
f 9263 1681 1682
f 2164 2170 756
f 1472 2035 2161
f 950 951 964
f 2177 2178 2179
f 227 226 1510
f 2182 2183 2184
f 2186 2019 2018
f 1985 2182 2181
f 214 736 729
f 865 849 842
f 849 865 1357
f 559 3187 3188
f 16 13 737
f 560 553 498
f 3193 3196 3195
f 3200 3197 3198
f 3211 3214 3213
f 3215 3218 3217
f 2187 2188 2002
f 3233 3236 3235
f 3223 3221 3222
f 3229 3232 3231
f 3245 3248 3247
f 2169 2168 2189
f 2192 2086 2085
f 2193 2194 2195
f 2198 2199 2200
f 1998 1982 1979
f 9116 9117 9120
f 3253 3256 3255
f 2116 1898 1903
f 1859 2006 2009
f 9356 2123 2126
f 1135 1148 1087
f 2201 2202 2015
f 1149 111 110
f 3261 3264 3263
f 3269 3272 3271
f 3265 3268 3267
f 3229 3230 3284
f 3289 3292 3291
f 3299 3302 3301
f 3307 3263 3264
f 3293 3296 3295
f 3297 3223 3224
f 3319 3321 3291
f 3322 3323 3318
f 3314 3313 3312
f 3285 3288 3287
f 3332 3333 3218
f 3329 3331 3330
f 3324 3325 3227
f 3298 3224 3326
f 2203 2204 2205
f 579 580 1895
f 1755 2207 2208
f 3337 3340 3339
f 9343 9362 1893
f 1211 2151 2150
f 868 997 2210
f 3347 3350 3349
f 944 945 930
f 2130 2129 2202
f 233 1903 1898
f 665 751 750
f 1167 1254 999
f 2211 2212 2213
f 2215 2216 2217
f 9319 593 590
f 2220 221 220
f 823 824 948
f 3375 3240 3377
f 3393 3392 3391
f 3353 3358 3357
f 3363 3366 3365
f 3402 3405 3404
f 266 204 455
f 9334 2108 2107
f 2221 2222 8963
f 2223 2224 2225
f 2207 2125 2124
f 3293 3309 3336
f 673 674 9321
f 817 1000 996
f 2227 2228 2146
f 1947 1948 646
f 9352 2135 17
f 2229 1635 1638
f 1679 1613 1618
f 1637 2231 2232
f 2233 2234 1617
f 2231 2235 2236
f 3406 3409 3408
f 1381 1638 2238
f 9038 2241 2242
f 3414 3416 3341
f 1630 2234 2233
f 1681 1626 472
f 1408 1407 2243
f 3423 3426 3425
f 3433 3351 3263
f 3434 3429 3430
f 3440 3443 3442
f 3444 3447 3446
f 3436 3451 3450
f 3442 3443 3456
f 1637 2230 2238
f 3445 3446 3437
f 3448 3443 3440
f 1409 1408 1634
f 1380 1383 2247
f 1628 2248 2245
f 3463 3466 3465
f 3308 3477 3462
f 2249 1623 1622
f 1632 1634 1408
f 2248 1628 1631
f 3478 3481 3480
f 3509 3512 3511
f 2235 2231 1637
f 3505 3508 3507
f 3457 3458 3199
f 631 2070 2071
f 515 167 52
f 782 781 2251
f 2253 2254 2255
f 397 281 459
f 1456 2039 2040
f 2040 2041 2036
f 3434 3475 3518
f 1401 2112 2111
f 2041 2040 1970
f 3367 3337 3338
f 1535 121 414
f 1586 1587 2080
f 2256 983 1132
f 3528 3531 3530
f 3519 3521 3520
f 3537 3505 3506
f 3543 3546 3545
f 1700 1699 9370
f 3486 3551 3550
f 3455 3456 3497
f 3558 3560 3559
f 3456 3568 3500
f 3572 3571 3252
f 3308 3264 3285
f 3316 3317 3574
f 3575 3478 3479
f 3576 3579 3578
f 3580 3583 3582
f 3584 3587 3586
f 3505 3537 3588
f 3589 3592 3591
f 3600 3603 3602
f 3542 3539 3595
f 3604 3605 3592
f 3611 3610 3613
f 3622 3625 3624
f 3618 3621 3620
f 3626 3629 3628
f 3644 3647 3646
f 3634 3637 3636
f 3638 3639 3641
f 9267 1896 1686
f 1263 2256 1886
f 3613 3655 3654
f 598 1841 844
f 2257 2258 2259
f 2258 2261 2262
f 2259 2262 2263
f 2260 2259 2216
f 1967 1971 1970
f 2212 1964 1963
f 922 921 2218
f 1312 1098 1101
f 1307 1306 1286
f 1548 1569 1546
f 2266 2267 2268
f 2265 2268 2270
f 2272 2265 2269
f 2273 2266 2265
f 2275 2276 2277
f 2278 2274 2277
f 2284 2285 9069
f 2287 2283 2286
f 2288 2289 2283
f 2290 2284 9091
f 2291 2292 2293
f 2295 2291 2294
f 2296 2297 2291
f 2297 2298 2292
f 2294 2293 2299
f 2279 2294 2300
f 2298 2301 2302
f 2292 2302 2303
f 2293 2303 2304
f 2304 2305 2306
f 2308 2309 2310
f 2302 2307 2310
f 2301 2311 2307
f 2312 2308 2307
f 2313 2314 2315
f 2318 2319 2320
f 9200 9223 2322
f 2324 2325 2273
f 2313 2324 2326
f 2328 2324 2313
f 2329 2325 2324
f 2331 2332 2333
f 2330 2333 2267
f 2325 2330 2266
f 2329 2331 2330
f 2333 2334 2335
f 2336 2334 2333
f 2338 2336 2332
f 2331 2339 2337
f 2329 2340 2339
f 2328 2341 2340
f 2316 2342 2341
f 2342 2316 2315
f 2344 2345 2346
f 2341 2344 2347
f 2342 2348 2344
f 2348 2349 2345
f 2350 2351 2352
f 2339 2350 2353
f 2340 2347 2350
f 2347 2346 2351
f 2337 2353 2354
f 2353 2352 2355
f 2356 2277 2276
f 2356 2357 2358
f 2356 2359 2296
f 2279 2277 2356
f 2360 2361 2270
f 2267 2335 2360
f 2362 2363 2364
f 2362 2365 2361
f 2366 2362 2358
f 2366 2367 2363
f 2357 2276 2368
f 2366 2368 2369
f 2276 2275 2370
f 2368 2370 2282
f 2372 2373 2374
f 2375 2376 2377
f 2378 2379 2380
f 2382 2378 2381
f 2384 2385 2378
f 2385 2386 2379
f 2388 2389 2390
f 2387 2390 2392
f 2393 2394 2387
f 2394 2395 2388
f 2186 2401 2402
f 2403 2404 2327
f 2272 2403 2326
f 2271 2405 2403
f 2405 2406 2404
f 2404 2407 2408
f 2409 2410 2411
f 2409 2412 2271
f 2413 2409 2269
f 2413 2414 2410
f 2417 2415 2416
f 2417 2418 2406
f 2412 2417 2405
f 2411 2415 2417
f 2406 2419 2407
f 9013 8964 632
f 2420 2398 2397
f 2420 2421 2423
f 2424 2420 2422
f 2424 2399 2398
f 2425 2391 2392
f 2421 2425 2426
f 2397 2396 2425
f 2396 2393 2391
f 2427 2314 2408
f 2430 2427 2428
f 2343 2315 2427
f 2432 2343 2430
f 2431 2430 2429
f 2435 2431 2433
f 2436 2432 2431
f 2428 2408 2407
f 2422 2437 2407
f 2438 2437 2422
f 2429 2428 2437
f 2440 2434 2433
f 2441 2439 2433
f 2442 2443 2439
f 2443 2444 2440
f 2445 2446 2444
f 2447 2445 2443
f 2383 2381 2445
f 2381 2380 2446
f 2448 2438 2423
f 2449 2448 2426
f 2441 2448 2449
f 2441 2429 2438
f 2449 2392 2390
f 2450 2390 2389
f 2447 2450 2451
f 2442 2449 2450
f 2451 2389 2453
f 2452 2453 2455
f 2382 2452 2454
f 2383 2451 2452
f 2456 2457 2373
f 2459 2460 2461
f 2463 2464 2465
f 2462 2465 2285
f 2466 2462 2284
f 2467 2463 2462
f 2461 2460 9155
f 2468 2469 2470
f 2472 2468 2471
f 2474 2461 9153
f 2475 2476 2477
f 2458 2455 2453
f 2479 2453 2389
f 2395 2480 2479
f 2480 2459 2458
f 2481 2482 2483
f 2484 113 2485
f 2471 2470 2464
f 2473 2471 2463
f 2487 2467 2466
f 2486 2466 2290
f 2490 2486 2488
f 2491 2487 2486
f 2492 2473 2467
f 2493 2492 2487
f 2494 2495 2492
f 2495 2472 2473
f 9142 2496 2474
f 9143 2497 2496
f 2498 2494 2493
f 2500 2498 2499
f 9152 9139 2498
f 9139 9143 2494
f 2306 2504 2278
f 2305 2505 2504
f 2504 2505 2507
f 2506 2507 2288
f 2274 2506 2508
f 2278 2504 2506
f 9085 9084 2489
f 9072 9085 2488
f 2507 2509 2289
f 2505 2510 2509
f 2508 2288 2287
f 2511 2287 2281
f 2370 2511 2280
f 2275 2508 2511
f 2512 2490 2489
f 2514 2512 2513
f 2517 2512 2514
f 2517 2491 2490
f 2499 2493 2491
f 2499 2517 2516
f 2510 2505 2519
f 2518 2519 2521
f 9068 2518 2520
f 9084 2510 2518
f 2522 2304 2303
f 2523 2522 2310
f 2305 2304 2522
f 2524 2522 2523
f 2519 2524 2525
f 2505 2305 2524
f 2308 2312 2527
f 2526 2527 2529
f 2531 2526 2528
f 2309 2308 2526
f 1214 2532 2151
f 2419 2406 2418
f 2533 2345 2349
f 2534 2533 2317
f 2535 2536 2533
f 2536 2346 2345
f 2537 2351 2346
f 2538 2537 2536
f 2539 2540 2537
f 2540 2352 2351
f 2312 2355 2541
f 2527 2541 2542
f 2543 2435 2434
f 2545 2543 2544
f 2319 2318 2543
f 2318 2436 2435
f 2514 2515 2548
f 2547 2548 2550
f 2552 2547 2549
f 2552 2516 2514
f 2520 2521 2554
f 2553 2554 2556
f 9042 2553 2555
f 9073 2520 2553
f 2523 2309 2531
f 2557 2531 2530
f 2525 2523 2557
f 2559 2557 2558
f 2554 2559 2560
f 2521 2525 2559
f 2561 2375 2007
f 2376 2562 2225
f 2564 2565 2566
f 2563 2566 338
f 2569 2563 2567
f 2570 2564 2563
f 2572 2573 2574
f 2571 2574 2576
f 2544 2571 2575
f 2544 2434 2572
f 2578 2570 2569
f 2579 2577 2569
f 2574 2577 2579
f 2573 2578 2577
f 2581 2582 2583
f 2584 2580 2583
f 9149 9127 2580
f 9128 2581 2580
f 2582 2516 2552
f 2583 2552 2551
f 2500 2501 2589
f 2590 2588 2589
f 9145 9147 2588
f 9147 9152 2500
f 2501 2516 2591
f 2592 2593 2594
f 2386 2385 2503
f 2596 2379 2386
f 2596 2374 2373
f 2599 2596 2597
f 2599 2380 2379
f 2600 2446 2380
f 2600 2599 2598
f 2603 2600 2601
f 2603 2444 2446
f 2604 2603 2602
f 2440 2604 2605
f 2444 2603 2604
f 2606 2582 2581
f 2606 2607 2590
f 2591 2516 2582
f 9128 2587 2456
f 9141 2456 2372
f 2478 2477 2608
f 2609 2610 2611
f 2564 2570 2613
f 2612 2613 2598
f 2457 2612 2597
f 2565 2564 2612
f 2614 2613 2570
f 2615 2614 2578
f 2602 2601 2614
f 2601 2598 2613
f 2572 2434 2605
f 2616 2605 2602
f 2573 2572 2616
f 1459 1016 1045
f 1265 1215 1079
f 1612 1608 1609
f 2067 2057 2069
f 1135 1109 1136
f 1938 1937 2618
f 95 548 458
f 2058 1607 1608
f 1454 1469 1445
f 655 2620 1048
f 722 1049 2621
f 3665 3639 3634
f 1131 985 1033
f 562 1481 366
f 1723 1719 1725
f 1786 1123 1122
f 267 300 323
f 1325 2034 1654
f 1468 1165 1435
f 658 657 529
f 8 532 247
f 382 1557 1559
f 3631 3681 3680
f 788 619 1307
f 940 930 929
f 911 2622 2623
f 2621 2620 655
f 2624 1857 2625
f 998 1846 27
f 635 638 2626
f 2627 641 644
f 2628 2627 1840
f 1200 1199 2627
f 1199 1773 641
f 1520 515 49
f 1452 1350 1349
f 2630 2631 1859
f 644 643 1335
f 3683 3700 3699
f 1197 1198 717
f 2632 717 719
f 2628 2632 1166
f 2629 1197 2632
f 1762 2633 1050
f 1823 870 873
f 2634 2635 794
f 1042 794 2635
f 93 94 1901
f 2036 2038 1458
f 1527 332 1525
f 877 876 1274
f 134 409 797
f 1328 893 931
f 607 777 1091
f 1043 2635 2637
f 2636 2637 2639
f 1275 2636 2638
f 1275 1040 1043
f 1272 2624 2626
f 2640 2626 638
f 1110 2641 2640
f 536 1272 2640
f 1472 708 1474
f 2042 2030 1951
f 3668 3632 3633
f 1058 1106 1105
f 2642 2623 2643
f 1192 2642 2644
f 912 2623 2642
f 9350 1657 8970
f 1049 1048 2620
f 616 1829 1885
f 1331 1913 666
f 990 989 1198
f 1911 1912 321
f 1298 1282 1205
f 76 1490 1504
f 1502 1500 421
f 610 609 658
f 1146 937 659
f 2646 911 914
f 1280 1239 1238
f 1453 1454 1452
f 835 942 1843
f 1271 1270 1173
f 1893 1878 1826
f 1050 2633 1937
f 2651 2652 814
f 1006 1053 1281
f 2653 1084 2654
f 1001 1004 1003
f 585 997 679
f 2624 1272 621
f 555 678 2028
f 1207 526 1197
f 1626 1627 478
f 3729 3732 3731
f 3746 3749 3748
f 3770 3752 3750
f 426 389 419
f 1030 1193 1773
f 9350 645 634
f 534 1533 138
f 1125 1092 1042
f 333 228 88
f 569 1570 561
f 3691 3694 3693
f 1489 2656 871
f 1857 2624 620
f 1673 1674 9222
f 622 861 864
f 619 788 891
f 261 544 545
f 393 1555 1556
f 2658 2659 2647
f 1075 2658 2657
f 1081 1080 2658
f 1080 1139 2659
f 2644 2643 1141
f 2660 1141 1140
f 642 2660 1336
f 1193 2644 2660
f 679 678 555
f 3762 3765 3764
f 1503 1501 1500
f 1318 1317 1101
f 2661 2659 1139
f 2661 1142 2663
f 2662 2647 2659
f 2662 2663 2622
f 2664 2622 911
f 2648 2664 2646
f 2648 2647 2662
f 3586 3658 3779
f 2083 2094 2093
f 1442 1440 1437
f 3732 3734 3733
f 519 329 330
f 1885 2029 1209
f 799 800 805
f 1946 1943 1952
f 1302 1301 1253
f 3741 3738 3757
f 3660 3663 3662
f 566 2005 224
f 1389 940 928
f 683 682 681
f 836 835 1842
f 2665 1842 1845
f 2666 2665 1303
f 24 836 2665
f 831 1072 2650
f 1845 1844 1304
f 2010 2013 2012
f 1051 1936 2667
f 1522 1521 1511
f 531 440 441
f 1250 635 2625
f 2669 2625 1857
f 783 2669 1856
f 782 1250 2669
f 720 2670 2671
f 1055 1931 1930
f 1333 1067 1251
f 619 622 1308
f 652 655 2619
f 521 522 1539
f 1838 988 537
f 2672 537 536
f 1113 2672 2641
f 1113 527 1838
f 1016 1013 1351
f 9349 573 570
f 226 227 104
f 9008 9121 9279
f 1036 1037 1884
f 2674 1301 1304
f 2673 1304 1844
f 1334 2673 2675
f 1333 2674 2673
f 2676 702 1039
f 1843 2676 2675
f 942 1074 2676
f 1074 699 702
f 752 1057 1055
f 1200 1166 656
f 1120 1846 874
f 2677 874 877
f 1241 2677 1052
f 1119 1120 2677
f 1560 1513 151
f 1208 1316 611
f 215 735 736
f 1460 1459 1462
f 3717 3720 3719
f 1208 1207 1839
f 854 856 1282
f 3682 3697 3696
f 72 445 182
f 544 1563 1565
f 217 200 456
f 3673 3647 3781
f 2047 1404 930
f 1204 2618 1937
f 913 777 686
f 3705 3708 3707
f 840 527 1113
f 1531 729 730
f 2678 778 1283
f 601 667 1914
f 1537 1538 459
f 1819 1757 8953
f 991 1860 862
f 2679 711 1073
f 3776 3775 3581
f 2680 1830 983
f 779 2680 2256
f 778 2678 2680
f 2678 2679 1830
f 180 542 245
f 1886 1132 1131
f 3766 3768 3767
f 1138 1137 1274
f 3777 3778 3585
f 1841 598 1140
f 75 313 314
f 193 423 420
f 2681 2682 1099
f 3658 3586 3587
f 170 1567 1565
f 349 416 417
f 1121 1124 2684
f 547 797 409
f 123 122 121
f 2643 2663 1142
f 1542 1544 513
f 899 900 907
f 1210 677 676
f 791 663 982
f 24 27 837
f 893 896 932
f 1860 1320 863
f 535 538 862
f 3640 3684 3683
f 1569 1548 1547
f 181 455 542
f 660 659 937
f 2013 567 568
f 3781 3647 3644
f 887 890 2631
f 1524 1508 361
f 520 161 162
f 2653 855 854
f 1238 1237 2655
f 718 1838 527
f 1492 1493 518
f 792 616 615
f 599 846 1835
f 290 457 456
f 312 171 1552
f 1248 2687 1179
f 153 149 177
f 1240 1181 1222
f 1257 1292 1235
f 1291 1084 1083
f 1052 877 1277
f 743 742 2618
f 444 140 430
f 23 1224 1172
f 2687 2654 1180
f 102 103 409
f 1283 607 610
f 373 497 650
f 1180 2654 1084
f 855 2653 2655
f 1173 1270 1917
f 2689 850 853
f 2688 853 1108
f 2686 2688 1279
f 2687 2689 2688
f 2691 1302 1252
f 2690 1252 850
f 1248 2690 2689
f 1248 1247 2691
f 2692 617 24
f 2691 2692 2666
f 1247 1258 2692
f 1258 1168 617
f 394 1554 1555
f 2693 1260 1259
f 1072 1236 1262
f 1257 1071 1168
f 398 439 1555
f 871 1784 1314
f 1178 1232 1249
f 1224 1289 1173
f 1010 2617 2618
f 1175 1174 1292
f 2654 2687 2686
f 2694 1157 1216
f 71 418 1487
f 701 1112 1111
f 1072 1261 2649
f 1085 2695 22
f 895 2694 1264
f 1601 1606 1605
f 1259 1262 1271
f 21 20 1220
f 988 991 538
f 3533 3479 3535
f 598 597 1336
f 1050 860 818
f 1298 2645 1761
f 1168 1167 618
f 3629 3671 3670
f 858 1168 1256
f 39 242 516
f 2652 1761 819
f 313 316 315
f 2026 1970 1971
f 2656 1489 596
f 814 819 818
f 2696 2651 813
f 1260 2696 2649
f 2693 2697 2696
f 2697 1296 2651
f 381 355 390
f 9270 9271 1611
f 1475 1427 1428
f 1292 1174 1917
f 1551 353 354
f 1526 1525 1523
f 1593 1589 1595
f 1232 1269 1246
f 2695 2693 1223
f 2698 1297 1296
f 2698 2697 2693
f 2685 2698 2695
f 2685 854 1297
f 562 1497 271
f 2652 2651 1296
f 1365 1366 1364
f 1958 1946 1953
f 585 588 2210
f 1561 1560 1515
f 975 2648 1146
f 347 67 68
f 1038 1111 636
f 2700 781 780
f 2699 780 1036
f 2701 2699 1883
f 851 2700 2699
f 2674 1333 2251
f 2702 2251 781
f 1253 2702 2700
f 1301 2674 2702
f 1519 387 388
f 1273 1239 1280
f 2703 1280 1107
f 2701 2703 852
f 1829 1273 2703
f 91 260 326
f 1784 871 2656
f 2683 2684 2705
f 604 1894 8943
f 1669 8978 8992
f 2062 2063 2060
f 621 535 861
f 2023 731 732
f 686 779 1263
f 857 1051 2668
f 883 830 882
f 3648 3651 3650
f 637 636 1111
f 2668 894 893
f 3692 3712 3711
f 2667 921 894
f 1039 1038 1068
f 313 75 1504
f 1911 1972 305
f 1936 2706 1964
f 2707 2402 2401
f 2708 2707 2183
f 738 2163 2116
f 3785 3787 3709
f 2349 2348 2432
f 2711 2712 2020
f 2400 2711 2019
f 2714 2715 2716
f 2717 2718 2719
f 2721 2722 2723
f 2726 2727 2728
f 2725 2728 2730
f 2731 2725 2729
f 2732 2726 2725
f 2734 2735 2736
f 2738 2739 2740
f 2737 2740 2741
f 2744 2745 2746
f 2745 2744 2748
f 2749 2750 2747
f 2753 2749 2751
f 2250 1380 2246
f 3417 3420 3419
f 2754 1396 1614
f 9050 2754 2755
f 9060 2745 2747
f 1617 2756 2755
f 2242 2758 1620
f 3429 3432 3431
f 2191 2085 2760
f 2761 2759 2760
f 9100 2759 2761
f 9075 2191 2759
f 3209 3460 3354
f 1395 1394 2236
f 1395 2235 1636
f 3741 3791 3790
f 1616 1635 2229
f 3410 3413 3412
f 1617 2234 2763
f 2756 2763 9080
f 2765 2763 2234
f 2766 2764 9080
f 3202 3199 3458
f 1516 437 435
f 2768 2769 8996
f 1495 541 578
f 2135 2136 28
f 8970 8984 2773
f 1690 1689 9378
f 2778 2779 2780
f 2777 2780 2781
f 2784 2778 2777
f 8999 8965 575
f 1494 1904 9
f 8973 2016 2015
f 451 61 505
f 2786 2787 2788
f 2779 2786 2785
f 2789 2752 2741
f 2790 2753 2752
f 2792 2793 2794
f 2793 2795 2796
f 2796 2797 2750
f 2794 2796 2749
f 2798 1393 1396
f 9043 2798 2754
f 2798 2799 2800
f 9043 9114 2799
f 2797 2796 2795
f 2791 2794 2753
f 216 233 232
f 9256 2806 2807
f 9257 2809 2804
f 2769 2810 9001
f 183 185 184
f 2811 2812 2775
f 2804 2811 2776
f 2809 2813 2811
f 2812 2811 2813
f 9257 2808 2816
f 9248 2818 2815
f 9250 9252 2820
f 9245 2823 2819
f 2824 2736 2735
f 2823 2825 2824
f 2825 2823 2826
f 9245 2822 2827
f 9248 2817 2826
f 2713 2716 2829
f 2828 2829 2831
f 2822 2821 2828
f 2821 2820 2713
f 2832 2827 2822
f 2833 2832 2830
f 2834 2835 2832
f 2835 2818 2827
f 2837 2838 2839
f 2836 2839 2841
f 2842 2836 2840
f 2843 2837 2836
f 2840 2841 2845
f 2718 2844 2845
f 2730 2728 2844
f 2727 2840 2844
f 2846 2845 2841
f 2829 2846 2847
f 2847 2841 2839
f 2848 2839 2838
f 2833 2848 2849
f 2831 2847 2848
f 2850 2814 2851
f 2853 2850 2852
f 2783 2777 2782
f 2785 2788 2853
f 2780 2785 2856
f 2857 2858 2855
f 2859 2857 2782
f 2861 2843 2842
f 2860 2842 2727
f 2862 2860 2726
f 2863 2861 2860
f 2861 2863 2858
f 2843 2861 2857
f 2856 2853 2854
f 2781 2856 2864
f 2837 2843 2859
f 2838 2837 2864
f 2852 2851 2834
f 2854 2852 2849
f 2865 2815 2818
f 2851 2865 2835
f 2813 2809 2815
f 2814 2813 2865
f 2866 2812 2814
f 2788 2866 2850
f 2866 2788 2787
f 2812 2866 2867
f 1892 1889 1890
f 2720 2719 2846
f 298 299 256
f 2872 2714 2713
f 9246 9252 2735
f 2729 2730 2874
f 2846 2716 2715
f 2876 2877 2878
f 2733 2875 2878
f 9258 9259 2879
f 9258 2880 2872
f 2882 2883 2884
f 2881 2884 2715
f 2880 2881 2714
f 2879 2882 2881
f 2885 2886 2887
f 2888 2889 2890
f 2885 2890 2892
f 2893 2886 2885
f 1942 2151 2532
f 2895 2892 2720
f 2884 2895 2870
f 2883 2896 2895
f 2896 2891 2892
f 2889 2874 2717
f 2890 2717 2720
f 2897 2893 2891
f 2898 2897 2896
f 2899 2898 2883
f 2900 2899 2882
f 9249 2900 2879
f 2876 2902 2901
f 2901 2902 2904
f 1785 2656 1835
f 2905 2906 2899
f 2907 2908 2897
f 9249 2901 2903
f 632 576 577
f 8976 8991 2867
f 434 385 550
f 2768 2770 9092
f 2910 2911 1623
f 2241 2912 2758
f 9092 2770 2913
f 1623 2911 2757
f 9039 2242 2757
f 2229 1381 1380
f 2765 1630 1629
f 2915 2914 1629
f 9094 9093 2914
f 9093 9074 2765
f 2919 2916 9094
f 2918 2915 2912
f 9066 2918 2241
f 9070 2919 9065
f 8985 2177 2180
f 8965 2002 2188
f 3694 3626 3627
f 9157 9017 714
f 2925 2766 2917
f 2924 2917 2916
f 9062 2924 2919
f 9063 2925 2924
f 2926 2927 2766
f 9110 2926 2925
f 1715 1713 1705
f 785 497 498
f 1387 651 565
f 374 375 1899
f 9017 2203 2206
f 2929 2930 2886
f 2932 2933 2934
f 1905 1906 1908
f 2930 2935 2936
f 2938 2935 2930
f 1493 369 517
f 1603 1585 1586
f 2939 2938 2929
f 2940 2939 2908
f 9117 1707 1600
f 2886 2930 2937
f 2906 2907 2898
f 2908 2929 2893
f 2942 2934 2933
f 2941 2933 2937
f 8945 2941 2936
f 8942 2942 2941
f 2943 2944 2710
f 2943 2873 2874
f 2945 2943 2889
f 2946 2944 2943
f 2932 2945 2888
f 2931 2946 2945
f 727 1928 1929
f 2903 2904 2947
f 545 594 42
f 1480 1570 533
f 2907 2906 2949
f 2906 2905 2950
f 1558 452 215
f 9251 2903 2948
f 2054 1645 1644
f 9157 9136 2203
f 1828 1837 1849
f 2953 2954 2955
f 2952 2955 2957
f 2956 2261 2258
f 2953 2952 2258
f 2454 2455 2474
f 9199 2958 2959
f 9199 2132 2131
f 2961 2962 2963
f 2958 2963 2964
f 222 221 2485
f 2477 2226 2966
f 2631 2561 2006
f 2384 2454 2496
f 2967 2968 2959
f 2968 2967 2970
f 9211 2033 2971
f 9236 2971 2960
f 2972 2971 2033
f 2007 2377 2973
f 9004 9003 2134
f 1836 1833 1832
f 8950 2188 2090
f 955 810 959
f 672 675 674
f 633 710 713
f 2024 732 733
f 2025 2024 803
f 425 1552 1550
f 2975 2976 888
f 1319 1158 1157
f 1212 1935 2977
f 889 957 2228
f 1978 1974 1975
f 1138 1078 1329
f 751 665 2979
f 1619 1613 1625
f 2252 2255 1728
f 1157 1160 845
f 2706 1936 1938
f 2980 2255 2254
f 2982 2975 887
f 802 712 711
f 678 677 2029
f 527 840 690
f 1839 1207 2629
f 2983 2984 602
f 2983 1914 1913
f 2985 2983 1331
f 2986 2984 2983
f 2987 2637 2635
f 2985 2988 2639
f 2990 1319 1318
f 2991 2992 2993
f 2995 2991 2994
f 1106 1058 2991
f 1058 1057 2992
f 1415 1406 1365
f 1317 922 2217
f 1932 1728 2255
f 926 2998 2999
f 3001 2993 2992
f 3000 2992 1057
f 2999 3000 2978
f 2998 3001 3000
f 3002 2998 2209
f 3002 3003 2996
f 2993 3001 3002
f 1103 1106 2995
f 3004 2995 2996
f 2209 2210 3004
f 588 1103 3004
f 295 296 433
f 2638 2639 2988
f 3005 2988 1056
f 1305 3005 1930
f 1276 2638 3005
f 1987 1968 1993
f 2633 1762 1761
f 1423 1422 1417
f 9005 8961 739
f 2671 2670 2704
f 1473 1872 2035
f 922 1317 2694
f 1401 1400 1378
f 556 2028 1884
f 842 848 9277
f 1854 2706 2617
f 933 1082 1081
f 1440 1441 1436
f 529 657 719
f 1031 1025 1027
f 777 913 912
f 2645 1205 1204
f 441 438 1538
f 3771 3774 3773
f 790 1287 587
f 2065 2066 1610
f 1860 991 990
f 60 106 87
f 1424 1017 1948
f 332 1527 1507
f 261 262 138
f 187 188 449
f 1719 1720 1726
f 1931 1055 1059
f 3006 1059 1105
f 1287 3006 1104
f 1286 1931 3006
f 3007 3008 3009
f 3009 3008 653
f 618 999 26
f 2029 677 1210
f 957 601 600
f 1049 2146 2228
f 2631 890 3011
f 890 889 2227
f 3011 2227 2145
f 2561 3011 3012
f 1026 656 609
f 2706 1854 1961
f 3013 2965 2485
f 2148 2147 1267
f 3015 1267 1266
f 2997 2264 1101
f 642 641 1773
f 186 477 461
f 1041 1040 1320
f 1121 3016 3017
f 2984 2986 2987
f 3018 2987 2634
f 1048 603 3018
f 603 602 2984
f 2679 2678 801
f 2062 2072 2074
f 2061 2074 2076
f 414 303 1545
f 3016 1121 2683
f 3019 2683 2704
f 3020 3019 2670
f 3007 3016 3019
f 1871 1090 1091
f 3021 1787 1122
f 3022 3021 3017
f 1314 3021 3022
f 1784 1787 3021
f 1316 1315 1763
f 3023 3022 3010
f 3023 3009 795
f 1763 3023 1092
f 1315 3022 3023
f 3016 3007 3010
f 752 751 2978
f 2986 2639 2637
f 3024 654 653
f 3020 3024 3008
f 720 723 3024
f 723 2621 654
f 2681 1098 1268
f 2671 3025 1268
f 2705 2681 3025
f 1313 3026 3027
f 3026 3028 3029
f 3027 3029 3030
f 1311 3027 3031
f 2012 568 731
f 917 2657 974
f 3742 3745 3744
f 743 1206 856
f 1888 2027 2030
f 2682 2705 2684
f 3032 2684 1124
f 1100 3032 2989
f 1099 2682 3032
f 1123 2990 2989
f 3033 1834 1159
f 2990 3033 1158
f 1123 1786 3033
f 1786 1785 1834
f 1054 1056 2988
f 2979 665 664
f 2623 2622 2663
f 1095 660 688
f 3034 3035 2261
f 3036 3034 2956
f 3037 3038 3034
f 3038 3039 3035
f 3040 3041 3026
f 2263 3042 3041
f 3042 3039 3043
f 3041 3043 3028
f 3044 3045 3043
f 3046 3047 3045
f 3047 3048 3049
f 3043 3045 3049
f 3038 3037 3051
f 3050 3051 3053
f 3052 3046 3044
f 3039 3038 3050
f 3054 3035 3039
f 3042 2263 2262
f 2261 3035 3054
f 2216 2263 2997
f 2212 2211 2667
f 3056 868 2209
f 934 3057 1961
f 2013 9207 9209
f 3058 3059 3060
f 3059 3062 3063
f 3060 3063 2213
f 3061 3060 1963
f 3063 3064 2214
f 3062 3065 3064
f 3065 2257 2260
f 3064 2260 2215
f 3066 3067 3031
f 2608 2966 3067
f 2966 2562 3068
f 3031 3067 3068
f 2455 2458 2461
f 2476 2223 2226
f 8995 2090 2089
f 8970 2774 9221
f 433 354 355
f 2115 1423 1419
f 8953 2868 2922
f 9221 9189 2131
f 3069 2611 2167
f 2971 2972 2928
f 2961 2774 2773
f 3070 2475 2478
f 2610 2609 3071
f 2502 2371 2374
f 3072 2592 2595
f 2964 3046 3052
f 3048 2593 3074
f 2593 2592 3075
f 3075 3030 3029
f 3074 3029 3028
f 3072 3076 3075
f 3076 3072 2482
f 2481 2608 3066
f 3076 3066 3030
f 2967 3052 3053
f 2482 3072 3073
f 479 480 493
f 706 9352 9325
f 9005 2194 2221
f 2013 2010 9206
f 8977 2032 2016
f 9006 8963 2222
f 1171 1154 1155
f 3782 3644 3689
f 2586 2566 2565
f 2982 110 113
f 2562 2376 3077
f 2376 2375 3012
f 3012 2145 2148
f 3077 2148 3015
f 2963 3047 3046
f 3051 3078 2970
f 1683 2173 491
f 9302 2122 1447
f 1986 2181 9186
f 3079 3080 2546
f 3081 3079 2575
f 1983 1986 9220
f 3082 2323 2319
f 3080 3082 2545
f 9186 9184 3082
f 9184 9200 2323
f 1309 1471 1888
f 3073 2595 2772
f 2760 3083 3084
f 2760 2085 2088
f 3085 3084 3086
f 3089 3085 3090
f 3089 2762 3084
f 3092 3088 3090
f 3093 2748 2744
f 2751 2747 2748
f 3093 2741 2752
f 2742 2741 3093
f 3094 3093 2743
f 3096 3097 3098
f 3099 3096 3087
f 3097 3094 3095
f 3100 2743 2746
f 3101 2927 3102
f 2764 2766 2927
f 2745 2764 3101
f 3102 3092 3091
f 3100 3091 3095
f 2869 2802 9044
f 3102 3103 3104
f 9110 2868 2869
f 2927 2926 3103
f 3098 3095 3091
f 3087 3098 3090
f 2088 2125 3105
f 3083 3105 3086
f 2483 3073 2771
f 2401 2186 2185
f 3099 3086 3105
f 2125 2207 3106
f 3108 2737 2742
f 3107 2742 3094
f 3110 3108 3107
f 3109 3107 3097
f 3111 3109 3096
f 3112 3110 3109
f 3113 2738 2737
f 3115 2723 2722
f 3117 3115 3114
f 3119 3117 3116
f 3118 3116 3120
f 3116 3114 3113
f 3122 3112 3111
f 3122 3123 1755
f 3124 3125 3126
f 3125 3118 3121
f 3128 3119 3118
f 3129 3128 3125
f 2020 2712 3128
f 9305 9309 1346
f 1065 1046 1047
f 1814 9290 9282
f 2021 2020 3129
f 3111 3099 3106
f 3123 3106 2207
f 2377 2225 2224
f 3014 2485 113
f 1756 2208 9234
f 3131 3132 2530
f 3133 3131 2528
f 1753 1756 9219
f 3134 3124 3127
f 2327 2408 2314
f 2436 2318 2317
f 2018 2021 9163
f 2534 3136 3137
f 2320 2322 3136
f 2185 2018 9164
f 3138 3139 2542
f 3134 3135 9196
f 9237 3130 3134
f 3140 3138 2539
f 2535 3137 3140
f 9163 2021 3130
f 2558 2530 3132
f 9234 9212 3141
f 2560 2558 3141
f 9212 9229 3142
f 958 888 2976
f 1933 1932 2980
f 3714 3704 3729
f 2399 2424 2418
f 2348 2342 2343
f 2322 2320 2319
f 2718 2717 2874
f 2709 2729 2873
f 2894 2871 1361
f 3788 3789 3720
f 346 289 176
f 1876 1877 1882
f 2802 2803 9059
f 3104 3144 3088
f 2974 2222 9101
f 3089 3145 2761
f 3088 3144 3145
f 2803 2974 9055
f 9322 9361 692
f 2123 1419 1418
f 1365 1363 1368
f 3346 3345 3344
f 1581 1766 1782
f 9013 2202 2129
f 8999 2003 2002
f 3146 2585 2551
f 9203 3146 3147
f 9194 3149 3146
f 3149 2584 2585
f 3196 3198 3197
f 9056 2192 2191
f 3142 3150 2556
f 9229 9230 3150
f 9098 3152 2550
f 3150 3151 2555
f 9230 9232 3151
f 9240 9233 3152
f 3153 3147 2551
f 3152 3153 2549
f 9233 9228 3153
f 9228 9202 3147
f 3148 2767 2206
f 2183 2401 2321
f 2132 2960 2928
f 3299 3300 3321
f 9136 9137 2204
f 9171 2198 2197
f 2594 2962 2773
f 2595 2594 2951
f 1870 798 799
f 3257 3260 3259
f 9165 2179 2178
f 9158 2178 9188
f 336 3154 9226
f 339 3155 3154
f 9241 9135 3149
f 9135 9149 2584
f 2963 2962 3048
f 9174 9182 337
f 339 338 2566
f 3156 3157 2168
f 2610 3156 2167
f 2954 2953 3156
f 3157 3156 2953
f 9159 2166 2169
f 2567 3158 3159
f 337 3158 2567
f 9182 3069 2166
f 9216 2190 1983
f 2579 3160 3081
f 2568 3159 3160
f 9161 2169 2190
f 3065 3062 3162
f 3161 3162 1984
f 3157 3161 2189
f 2257 3065 3161
f 734 735 1922
f 3059 3058 2708
f 3163 2708 2182
f 3162 3163 1985
f 3062 3059 3163
f 3203 3206 3205
f 3806 3809 3808
f 2122 2119 1448
f 9269 1686 1685
f 139 140 444
f 1570 569 566
f 2957 3164 3165
f 2955 3166 3164
f 1912 454 341
f 3130 3129 3124
f 1548 322 319
f 1949 1950 1327
f 2969 2970 3078
f 3167 3078 3169
f 9176 2014 2017
f 9172 2017 2033
f 3168 3169 3165
f 3170 3165 3164
f 9231 3170 3171
f 9176 3168 3170
f 3171 3164 3166
f 3172 3166 3071
f 9204 3172 3173
f 9208 3171 3172
f 3169 3037 3036
f 2593 3048 2962
f 3173 3071 2609
f 3174 2609 2199
f 9235 3174 2198
f 9201 3173 3174
f 2190 2189 1984
f 2196 2195 2767
f 3326 3329 3328
f 2119 2120 1414
f 1464 1463 1466
f 2199 2611 3069
f 2457 2456 2587
f 2226 2225 2562
f 481 478 1627
f 333 1512 235
f 3078 3051 3037
f 3040 2264 2997
f 3351 3352 3262
f 2219 1934 1933
f 2385 2384 2497
f 221 2220 3175
f 2220 1933 3143
f 3175 3143 2976
f 2484 3175 2975
f 2954 3071 3166
f 2630 1858 110
f 1547 319 1952
f 2091 2090 2188
f 9185 9188 2178
f 1918 1919 1927
f 9007 112 111
f 3398 3401 3400
f 955 956 960
f 2037 3014 112
f 3143 2980 2981
f 2218 2211 2214
f 672 9329 9239
f 2152 3013 3014
f 1147 1144 1143
f 2248 2246 1409
f 1615 1636 1635
f 1410 1409 2246
f 3486 3488 3487
f 3468 3469 3502
f 3451 3453 3452
f 1382 3176 3177
f 3177 1410 2247
f 2247 1383 3177
f 3176 2238 2230
f 1410 3177 3179
f 3179 3180 2243
f 1633 3181 2800
f 3816 3818 3817
f 1621 1620 2758
f 3642 3801 3662
f 3422 3421 3260
f 1622 1621 2245
f 2236 1394 3181
f 3793 3796 3795
f 3493 3496 3495
f 2237 2236 3182
f 3513 3516 3515
f 2250 1631 2233
f 3654 3666 3667
f 2912 1629 1628
f 3819 3822 3821
f 3432 3824 3823
f 135 136 1564
f 1567 419 512
f 1085 1084 2653
f 3184 869 868
f 869 3184 3057
f 3389 3388 3387
f 1266 1268 1098
f 1267 2147 722
f 937 1146 2646
f 2146 1049 722
f 2211 2218 921
f 1957 510 507
f 1313 1312 2264
f 1496 362 1493
f 2887 2937 2933
f 1687 1688 1659
f 145 1499 1498
f 3831 3829 3830
f 37 38 418
f 1935 1934 3185
f 104 89 301
f 2101 2098 2083
f 543 298 360
f 1934 2219 3186
f 234 1521 212
f 9297 9273 1822
f 3825 3828 3827
f 1976 1875 1874
f 223 3186 2219
f 9107 9108 9057
f 2165 2164 467
f 467 468 2165
f 773 476 2165
f 3673 3658 3659
f 1935 1212 1728
f 3490 3491 3840
f 3362 3359 3848
f 3862 3865 3864
f 3465 3466 3484
f 3893 3894 3525
f 3352 3351 3430
f 3869 3872 3871
f 3529 3530 3567
f 3420 3417 3922
f 3304 3235 3236
f 3929 3932 3931
f 3324 3326 3327
f 3219 3937 3939
f 3220 3938 3937
f 3450 3375 3376
f 3942 3832 3833
f 3215 3216 3454
f 3946 3332 3215
f 3422 3949 3948
f 3950 3457 3198
f 3205 3206 3957
f 3261 3962 3961
f 3852 3853 3964
f 3214 3211 3946
f 3965 3213 3214
f 3797 3800 3799
f 3988 3991 3990
f 3777 3779 3806
f 3855 3858 3447
f 3737 3799 3800
f 3949 3953 3952
f 3651 3782 3783
f 4001 3784 3787
f 4019 4022 4021
f 4027 4030 4029
f 3258 3259 4030
f 4033 4036 4035
f 3424 3425 4047
f 3242 3243 4058
f 3970 3489 3547
f 3829 3242 4057
f 3333 3332 3947
f 4063 4068 4065
f 4073 4076 4075
f 3568 3456 3443
f 3981 3334 3335
f 3540 3915 3862
f 4078 4079 4031
f 3565 3566 4088
f 3442 3455 4089
f 4092 4095 4094
f 4093 4094 4097
f 3619 3620 3623
f 3660 4098 3821
f 3809 3648 3649
f 3610 3652 3655
f 3656 3622 3623
f 3621 3803 3804
f 3503 3480 3481
f 3436 3439 3438
f 3356 3428 3427
f 3628 3670 3669
f 3734 3811 4002
f 3276 3273 3370
f 3763 4106 4107
f 4006 4007 3754
f 3747 3751 3752
f 3863 3864 4110
f 3994 3891 4003
f 3653 3801 3664
f 3296 4116 4115
f 4117 4120 4119
f 3249 3252 3251
f 4127 4130 4129
f 3478 3575 3903
f 3410 4136 3921
f 3977 4061 4038
f 3216 3452 3453
f 3967 3547 3548
f 4140 4078 4032
f 3509 4086 4149
f 4151 4152 3659
f 4153 4152 3656
f 4153 4154 3646
f 4156 3688 3645
f 4139 4077 4078
f 3743 3744 4163
f 3861 3918 3987
f 3468 4066 4067
f 3306 3981 3980
f 4172 4173 4010
f 4169 4170 3836
f 4187 4190 4189
f 4213 4216 4215
f 4220 4223 4222
f 4225 4226 4211
f 4230 4233 4232
f 4240 4243 4242
f 3606 3609 3608
f 4250 4253 4252
f 4258 4261 4260
f 4077 4080 4079
f 4276 4279 4278
f 4308 4262 4263
f 4017 4018 3872
f 3196 3193 3951
f 4316 4317 4270
f 3870 4306 4307
f 4324 4327 4326
f 4333 4334 4247
f 4338 4341 4340
f 4348 4351 4350
f 4283 4284 4289
f 4356 4359 4358
f 4359 4019 4020
f 4362 4363 4196
f 4320 4364 4279
f 4370 4372 4296
f 4377 4253 4303
f 4231 4232 4201
f 4203 4212 4331
f 4037 4040 4039
f 4371 4265 4386
f 4387 4346 4347
f 3309 3293 3294
f 4099 3723 3724
f 4355 3422 3257
f 3630 3680 3693
f 4277 4278 4302
f 4350 4318 4319
f 4353 4354 4351
f 3637 3634 3639
f 4394 4395 3827
f 3311 3312 4399
f 3755 3708 4005
f 4363 4362 4259
f 3454 3453 3919
f 3446 3447 3459
f 4298 4299 4404
f 3749 3746 3769
f 3791 3741 3756
f 3643 3685 3684
f 3845 3846 3399
f 4313 3257 3258
f 4411 4413 4408
f 3843 4424 4423
f 4214 4215 4329
f 4431 4434 4433
f 3918 3861 3798
f 3927 3928 3388
f 4453 3893 3874
f 4138 4458 4457
f 3346 4460 4459
f 4100 4109 4108
f 3974 3977 3976
f 3665 3655 3652
f 3773 3565 3993
f 3945 3454 3920
f 4144 4463 4462
f 4464 4467 4466
f 3268 4142 4479
f 4484 3921 4136
f 3348 3914 4487
f 3313 3314 3912
f 3803 3621 3617
f 4086 3509 3510
f 4034 3304 3305
f 3403 3404 4171
f 4481 4482 4492
f 4177 4180 4179
f 4398 4170 3923
f 4451 4493 4494
f 4501 4075 4076
f 4509 4510 4506
f 3304 4034 4462
f 4485 4399 3312
f 3419 4488 3349
f 4356 4345 4385
f 4026 4354 4358
f 4354 4353 4357
f 3599 3596 4091
f 4341 4338 4254
f 4251 4252 4524
f 3482 3485 3484
f 3843 3543 3544
f 4295 4341 4274
f 4381 4530 4206
f 4204 4205 4531
f 4533 4536 4535
f 4542 4545 4544
f 4546 4549 4548
f 4573 4574 4547
f 4575 4578 4577
f 4221 4581 4580
f 4587 4590 4589
f 4328 4592 4589
f 4187 4565 4563
f 4595 4583 4593
f 4597 4605 4604
f 4609 4608 4611
f 4620 4623 4622
f 4612 4615 4614
f 4636 4638 4600
f 4649 4651 4650
f 4652 4655 4654
f 4662 4665 4664
f 4666 4669 4668
f 4637 4639 4685
f 4627 4701 4700
f 4684 4686 4636
f 4663 4689 4661
f 4699 4698 4697
f 4647 4648 4703
f 4709 4711 4603
f 4724 4633 4726
f 4742 4745 4744
f 3311 3923 3924
f 4698 4759 4758
f 4749 4765 4609
f 4342 4345 4344
f 4797 4800 4799
f 4490 4048 3974
f 4019 4359 4306
f 4512 3955 4514
f 3991 3988 4508
f 4692 4695 4694
f 4680 4681 4818
f 4821 4822 4824
f 4367 4239 4243
f 4833 4832 4831
f 4837 4744 4757
f 4332 4563 4562
f 4683 4835 4819
f 4845 4843 4850
f 4751 4753 4752
f 4854 4855 4695
f 4858 4719 4718
f 4822 4559 4859
f 4674 4646 4647
f 4771 4774 4773
f 4726 4727 4537
f 4714 4718 4719
f 4633 4634 4688
f 4616 4619 4618
f 4686 4684 4842
f 4869 4707 4708
f 3502 3868 3528
f 4777 4660 4737
f 4734 4732 4779
f 4883 4755 4663
f 4375 4294 4274
f 4290 4343 4335
f 4816 4815 4812
f 4778 4779 4732
f 4158 3710 4160
f 4195 4198 4197
f 3860 3861 4166
f 3758 3759 3763
f 3694 3691 4157
f 4249 4248 4391
f 3467 3470 3469
f 4209 4212 4211
f 4142 3268 4144
f 3615 3614 3617
f 3479 3480 3536
f 4883 4753 4672
f 4802 4801 4642
f 3698 3637 3638
f 4105 3725 3726
f 4848 4645 4896
f 4878 4877 4744
f 4610 4874 4748
f 4036 3403 4489
f 4355 4313 4314
f 4171 4141 4049
f 3875 3452 3216
f 4868 4865 4863
f 4623 4900 4691
f 3629 3626 4155
f 4654 4887 4898
f 4012 4015 4014
f 4902 4903 4866
f 4768 4769 4908
f 4370 4386 4385
f 4888 4860 4914
f 3546 3543 3917
f 4932 4926 4931
f 3625 3622 4151
f 3804 3669 3670
f 3816 4104 4103
f 4911 4898 4887
f 4928 4930 4927
f 4925 4929 4927
f 3655 3665 3666
f 4932 4919 4910
f 4937 4923 4912
f 4939 4938 4942
f 4228 4529 4530
f 4946 4945 4942
f 4938 4922 4923
f 4942 4938 4937
f 4951 4950 4930
f 4955 4951 4928
f 4748 4750 4615
f 4914 4860 4847
f 4824 4859 4584
f 4940 4939 4941
f 4916 4961 4960
f 4909 4907 4891
f 4971 4967 4968
f 4966 4970 4948
f 4962 4952 4953
f 4940 4935 4924
f 4831 4916 4917
f 4935 4936 4925
f 4275 4255 4261
f 4679 4758 4791
f 4016 4309 4373
f 4668 4764 4766
f 4539 4537 4727
f 4929 4925 4936
f 4775 4776 4801
f 4801 4776 4742
f 4732 4734 4611
f 4985 4984 4983
f 4534 4586 4562
f 4847 4644 4645
f 4788 4787 4619
f 4787 4788 4678
f 4657 4606 4605
f 4994 4996 4878
f 5006 5009 5008
f 5001 5003 4973
f 4814 4618 4619
f 5014 4989 4974
f 5003 5002 4972
f 5019 5006 5007
f 5024 5016 5017
f 5036 5037 5035
f 4990 5019 4975
f 5045 5033 5034
f 5048 5049 5034
f 5025 5017 5014
f 5046 5038 5043
f 5051 5052 5055
f 5044 5050 5060
f 5011 4981 5021
f 5013 5069 5068
f 5028 5073 5072
f 5077 5074 5064
f 5065 5080 5079
f 5083 5079 5080
f 5063 5067 5080
f 5054 5055 5071
f 4602 4603 4711
f 5058 5082 5083
f 4982 4983 4792
f 5041 5033 5045
f 3909 3911 3278
f 3471 3474 3473
f 5002 5003 4994
f 5060 5080 5067
f 4892 4861 4862
f 4891 4813 4884
f 4996 4994 5003
f 4997 5015 5005
f 4813 4617 4614
f 4618 4814 4827
f 5089 5090 5093
f 3303 3306 3305
f 5100 5103 5102
f 5107 5110 5109
f 5110 5115 5092
f 4610 4611 4734
f 5112 5103 5100
f 5088 5091 5090
f 5119 5118 5117
f 5092 5115 5096
f 3826 3830 3829
f 5108 5109 5102
f 5100 5130 5087
f 5118 5131 5133
f 3783 3689 3690
f 4444 4447 4446
f 5151 5153 5150
f 4790 4616 4617
f 4332 4182 4190
f 3266 3267 4451
f 3211 3947 3332
f 4741 4796 4760
f 4775 4778 4777
f 4764 4665 4691
f 4489 4171 4048
f 4466 4477 4511
f 4518 3936 3930
f 4786 4787 4791
f 4980 5005 4984
f 5144 5152 5150
f 5159 5146 5148
f 5121 5119 5120
f 5169 5164 5162
f 5016 4978 4979
f 5123 5180 5179
f 5181 5180 5140
f 5175 5185 5184
f 4575 4581 4586
f 4984 4985 4976
f 4596 4599 4598
f 5182 5181 5183
f 4785 4619 4787
f 5137 5124 5122
f 5167 5179 5180
f 4835 4683 4898
f 4687 4727 4726
f 4176 3836 4170
f 4760 4761 4655
f 4681 4680 4649
f 5121 5093 5132
f 5171 5191 5178
f 5174 5178 5191
f 5169 5193 5194
f 4909 5094 5095
f 5105 5104 5112
f 4767 5108 5126
f 5201 5202 5205
f 5219 5218 5217
f 5229 5214 5200
f 5234 5237 5236
f 4069 4072 4071
f 4724 4725 4717
f 5108 4767 4768
f 5103 5195 5126
f 5227 5218 5211
f 5015 4997 4884
f 4997 4998 4892
f 5197 5198 5215
f 5241 5199 5247
f 5013 4975 5019
f 5205 5239 5232
f 4969 4967 4971
f 5239 5205 5249
f 4808 5243 5225
f 5216 5247 5199
f 5253 5245 5242
f 5235 5236 5255
f 5135 5148 5157
f 5264 5260 5267
f 5245 5203 5215
f 5260 5261 5269
f 5264 5266 5274
f 5154 5153 5173
f 5287 5272 5278
f 5256 5301 5300
f 5173 5174 5176
f 4631 4630 4629
f 4781 4784 4783
f 5309 5307 5311
f 5155 5156 5144
f 4826 4828 4827
f 5291 5295 5308
f 5310 5311 5281
f 5311 5307 5308
f 4036 4033 4176
f 4641 4716 4704
f 5220 5224 4804
f 4770 5206 5207
f 5188 5185 5175
f 5180 5123 5129
f 4626 4700 5314
f 4731 4728 5315
f 5222 5213 5210
f 4728 4882 5316
f 5230 5219 5216
f 5297 5296 5240
f 5204 5233 5208
f 5318 4868 4864
f 5273 5272 5287
f 5221 5210 5219
f 4700 4902 5321
f 5313 5314 5328
f 5157 5149 5154
f 5275 5276 5263
f 5324 5322 5318
f 5323 5332 5331
f 5343 5334 5345
f 5306 5310 5286
f 5278 5281 5311
f 4882 4625 5320
f 5109 5110 5114
f 5123 5087 5130
f 5299 5283 5284
f 5240 5198 5199
f 5229 5231 5197
f 5305 5302 5292
f 5233 5228 5225
f 5192 5190 5194
f 5104 5105 4670
f 5146 5159 5160
f 5337 5340 5347
f 5347 5340 5341
f 5353 5346 5335
f 5349 5355 5354
f 5355 5358 5357
f 5358 5355 5360
f 5355 5349 5348
f 5342 5366 5365
f 5345 5346 5362
f 5332 5364 5367
f 5372 5371 5315
f 5370 5365 5366
f 5361 5356 5354
f 5364 5365 5368
f 5369 5344 5362
f 5316 5320 5330
f 5373 5359 5371
f 5341 5342 5364
f 5374 5358 5359
f 5329 5376 5375
f 5377 5380 5379
f 5377 5376 5331
f 5380 5377 5367
f 5363 5383 5370
f 5357 5358 5374
f 5381 5385 5361
f 4814 4815 4825
f 4825 4815 4816
f 4806 4746 4747
f 5119 5121 5131
f 4696 4697 4893
f 4696 5389 5390
f 5213 5222 5388
f 5393 5389 5388
f 5380 5382 5384
f 5213 5387 4893
f 4813 4891 4908
f 5390 5392 4693
f 5294 5289 5287
f 5184 5185 5186
f 5285 5275 5253
f 4769 4789 4790
f 5327 5371 5359
f 4598 4621 4690
f 4608 4606 4733
f 4627 4624 4609
f 4596 4604 4851
f 4900 4623 4706
f 4668 4795 5395
f 4863 4865 4639
f 5392 5393 4666
f 4872 4650 4651
f 4807 4791 4758
f 5348 5338 5325
f 5176 5191 5190
f 5046 5031 5022
f 4853 4852 4869
f 5346 5353 5363
f 4709 4880 4620
f 4672 4673 4904
f 4680 4811 4651
f 4841 4844 4688
f 4823 4817 4818
f 4729 4730 4602
f 4881 4729 4851
f 5360 5348 5326
f 4852 4900 4707
f 4890 4751 4669
f 5392 5390 5389
f 5189 5182 5186
f 4881 4604 4605
f 5343 5344 5369
f 4607 4624 4625
f 5056 5055 5052
f 4850 4797 4798
f 3260 5399 5398
f 4855 4736 4899
f 5339 5343 5366
f 4789 4905 4808
f 5400 4040 3948
f 3872 3424 4046
f 4018 3423 3424
f 4025 4523 4172
f 4011 4023 4024
f 4065 4068 3900
f 3413 4012 4013
f 5056 5068 5069
f 5055 5056 5070
f 4062 5398 5399
f 5269 5289 5294
f 4685 4866 4903
f 5254 5242 5240
f 4606 4657 4658
f 4729 4881 4882
f 4030 4041 4043
f 4664 4752 4753
f 3575 3483 3904
f 3413 3410 3922
f 4949 4968 4955
f 4947 4937 4913
f 4849 4850 4894
f 4143 3974 3975
f 4912 4923 4932
f 3774 3771 3995
f 3956 3954 3342
f 4871 4872 4758
f 4270 4273 4272
f 4039 4040 5400
f 3555 3969 5402
f 5403 5404 3906
f 3908 4126 3823
f 4124 4121 5408
f 3901 3902 4046
f 4120 4117 5410
f 4124 3962 4125
f 5420 3906 5404
f 5424 4059 5425
f 3400 5429 5428
f 5432 5433 5435
f 4941 4942 4945
f 4935 4940 4949
f 3895 3898 3897
f 5426 5408 4121
f 5430 3905 3906
f 4045 4041 5398
f 5395 4693 5392
f 4846 4903 4701
f 4880 4709 4710
f 4624 4607 4608
f 4656 4690 4662
f 5305 5307 5309
f 5220 5223 5222
f 4230 4223 4327
f 5030 5073 5028
f 5213 5212 5211
f 5440 3272 3269
f 4396 4397 3980
f 5447 5448 3244
f 3328 3330 5451
f 4208 4391 4248
f 4599 4620 4621
f 4528 4339 4391
f 4529 4228 4199
f 4526 4338 4339
f 4256 4235 5452
f 4532 5452 4241
f 3834 4400 5446
f 5443 5445 5444
f 4530 4247 4334
f 4754 4886 4904
f 4229 4228 4381
f 4205 4382 4383
f 4892 4998 4987
f 4039 4032 3976
f 4738 4780 4796
f 4833 4835 4897
f 4232 4527 4200
f 4194 4240 4241
f 4889 4794 4750
f 4194 4191 4365
f 4531 4383 4195
f 5043 5042 5062
f 4182 4332 4561
f 5446 5447 3241
f 5237 5239 5248
f 4206 4334 4382
f 5210 5211 5218
f 3426 3922 3417
f 4216 4191 4192
f 4219 4210 4184
f 4180 4561 4380
f 4327 4595 4591
f 4223 4230 4231
f 4215 4192 4360
f 4186 4568 4218
f 4190 4330 4209
f 4223 4220 4595
f 4326 4591 4328
f 4366 4389 4568
f 4570 4548 4549
f 4579 4573 4548
f 4563 5453 4533
f 4583 4595 4220
f 4586 4380 4561
f 4239 4196 4363
f 4572 4571 4567
f 4536 4539 4585
f 4538 5453 4566
f 4536 4533 5453
f 3573 3986 3983
f 5427 3963 3552
f 4553 4587 4588
f 4593 4554 4555
f 4368 4365 4183
f 4361 5452 4235
f 4233 4369 4527
f 4233 4230 4324
f 4212 4209 4330
f 4237 4324 4325
f 4193 4241 5452
f 4983 5015 4885
f 5002 4995 4986
f 5074 5077 5076
f 4698 4699 5391
f 5391 4699 5390
f 4871 4899 4650
f 4546 4857 4543
f 4553 4550 4901
f 4552 4588 4555
f 5223 4804 4805
f 5386 5382 5383
f 5317 5315 5371
f 3240 3237 4429
f 5384 5385 5381
f 3938 3217 3218
f 3942 3943 5455
f 5361 5385 5386
f 4542 4540 4541
f 3910 5430 5420
f 3939 3333 4060
f 3851 5350 5351
f 3838 5427 3556
f 4547 4858 4857
f 5442 5443 4050
f 3385 3874 5428
f 4257 4234 4235
f 5312 5212 4893
f 4212 4203 4204
f 3854 3849 5461
f 4226 4184 4210
f 4202 4177 4178
f 3316 3983 3897
f 5464 5465 4432
f 5465 5466 3883
f 4472 4469 4449
f 4501 4472 4450
f 4074 4075 4080
f 5473 5474 5401
f 4173 4172 5475
f 3432 3429 3520
f 3462 5505 5504
f 4075 4501 4494
f 5482 5481 3387
f 5468 5471 5470
f 3427 5421 5422
f 4498 4499 4487
f 5403 3824 5414
f 3382 5523 5522
f 3492 5512 5511
f 3429 3434 3517
f 3873 5522 5524
f 5480 5479 3350
f 3477 5508 5505
f 4507 4508 5544
f 4396 5550 5551
f 3374 5552 5553
f 3373 5553 5554
f 5479 4521 4063
f 3390 5554 5555
f 5531 5525 5566
f 3368 5568 5567
f 5556 5557 5560
f 3393 5555 5557
f 4433 3364 5463
f 5464 5463 5458
f 4435 4437 4439
f 4055 4393 3277
f 3273 3278 3911
f 3395 3357 3358
f 5486 3894 4071
f 5526 4455 4453
f 5525 5570 5569
f 5568 3526 3527
f 3527 3362 3847
f 3365 5461 3849
f 5462 3849 3850
f 4435 4436 5571
f 3378 3379 3943
f 5573 5578 5577
f 4438 5455 3943
f 5477 5574 5579
f 5582 5581 5580
f 5583 5580 5581
f 5586 5585 5588
f 4074 5472 5586
f 5583 5585 5474
f 4507 5589 5590
f 5573 5478 4522
f 3989 5595 5596
f 5594 3406 3407
f 4436 3381 5572
f 5591 3990 3991
f 4507 4475 4476
f 3990 5591 5587
f 5578 3409 3406
f 5595 3989 5584
f 5484 3394 3358
f 4441 4442 5467
f 5472 4074 4077
f 5522 5599 5570
f 5486 3358 3353
f 5481 4498 3386
f 3475 5506 5492
f 5476 4523 3899
f 5540 5541 5606
f 5542 5540 5603
f 5608 5543 5542
f 5608 5607 5545
f 5607 5603 5609
f 5599 5600 5548
f 5598 5592 5543
f 5595 5594 5593
f 5588 5584 3989
f 5626 3265 3266
f 5627 3266 4448
f 5469 4449 4469
f 4515 4517 5625
f 4503 4473 4474
f 4481 5626 5627
f 4500 5628 5469
f 3414 4468 5466
f 5594 5595 5581
f 3376 3377 4430
f 3444 3944 3941
f 5572 3944 3444
f 4273 4286 4287
f 4345 4356 4357
f 4386 4304 4305
f 4517 4462 4463
f 4352 4349 4319
f 4352 4250 4251
f 4268 4277 4390
f 4264 5629 4320
f 4346 4387 4282
f 4337 4335 4343
f 4289 4244 4245
f 4303 4378 4287
f 4343 4290 4291
f 4284 4333 4244
f 4375 4519 4291
f 4379 4319 4271
f 4337 4353 4348
f 4524 4525 4295
f 4364 4362 4197
f 4285 4282 4390
f 5206 5209 5208
f 4297 5629 4371
f 4346 4283 4286
f 4285 4300 4333
f 3571 3572 4395
f 5341 5340 5339
f 5346 5345 5334
f 5269 5261 5273
f 4510 4509 5609
f 4509 4474 5545
f 4445 4446 5611
f 5566 5569 5568
f 5349 5336 5338
f 5489 5490 3401
f 5565 5566 3368
f 5496 5497 5417
f 5523 3382 3383
f 5325 5338 5347
f 5523 5600 5599
f 5429 3400 3401
f 3887 5632 5631
f 5634 5613 5600
f 5276 5280 5279
f 5298 5297 5257
f 5087 5086 5085
f 3361 3526 5612
f 5041 5061 5066
f 5487 5488 3383
f 5101 5116 5130
f 5299 5298 5300
f 5333 5336 5335
f 5302 5305 5304
f 5234 5247 5216
f 5301 5256 5255
f 4868 5318 5322
f 5281 5278 5277
f 5323 5321 5322
f 5298 5284 5296
f 4885 4829 4750
f 5231 5230 5196
f 4625 4626 5313
f 5111 5113 5085
f 5600 5613 5549
f 5531 5564 5563
f 5165 5166 5182
f 5283 5280 5285
f 4269 4276 4277
f 5610 5609 5603
f 5127 5090 5091
f 4907 5095 5125
f 5277 5278 5272
f 5596 5593 5592
f 5212 5312 5226
f 5273 5261 5262
f 5302 5301 5258
f 5635 5646 5645
f 4250 4352 4379
f 4485 4136 3405
f 4354 4026 4023
f 4265 4262 4304
f 4388 4390 4282
f 4345 4342 4384
f 4362 4364 4297
f 4836 4765 4612
f 4360 4361 4236
f 4369 4233 4237
f 5647 5636 3986
f 5650 3965 3192
f 5337 5338 5336
f 4467 4478 4477
f 4253 4377 4340
f 4429 3416 5457
f 3997 4133 3915
f 5535 3856 3839
f 5538 5541 4460
f 3439 3376 5571
f 5570 5525 5526
f 3438 5571 5572
f 4440 4468 3879
f 3440 5665 4407
f 3886 5685 5695
f 5534 5529 5396
f 5685 3886 3471
f 4278 4198 4301
f 5628 4448 4449
f 3579 3537 3538
f 4480 5627 5628
f 4402 5499 5517
f 4279 4197 4198
f 3603 3534 3532
f 3580 3594 4088
f 4095 3530 3531
f 5248 5249 5251
f 3778 3819 3999
f 4617 4618 4613
f 4375 4275 4372
f 3411 3405 4136
f 5094 5106 5111
f 3602 3532 3535
f 4023 4011 4350
f 4349 4352 4336
f 3605 3535 3536
f 4469 4472 4471
f 4094 3531 3593
f 4248 4249 4245
f 3519 5521 5518
f 5254 5296 5284
f 4852 4853 4795
f 4265 4371 5629
f 5632 5499 5503
f 3604 3611 3612
f 5549 5501 5502
f 3653 3606 3607
f 4780 4738 4873
f 4988 4989 4979
f 4491 5625 5626
f 4837 4904 4995
f 4615 4612 4765
f 5468 4469 4470
f 3514 3470 3467
f 5491 5680 4409
f 4093 3618 3619
f 4364 4320 5629
f 3488 5510 5509
f 5606 5539 5611
f 4210 4219 4189
f 4600 4603 4602
f 5242 5215 5198
f 5073 5074 5075
f 5651 5657 3940
f 3996 3541 3775
f 5200 5203 5202
f 5525 5531 5527
f 3364 4433 4434
f 3775 3541 3542
f 3941 3833 5485
f 3731 3706 4105
f 4997 5000 4999
f 4508 5598 5608
f 4101 4099 3818
f 3728 4109 4103
f 4591 4593 4592
f 4539 4536 4538
f 4550 4553 4552
f 4541 4566 4567
f 4389 4579 4570
f 4582 4583 4580
f 4976 4979 4978
f 4705 4708 4707
f 4797 4850 4843
f 3713 3729 3730
f 4675 4647 4702
f 4977 4978 4981
f 4810 4818 4817
f 4786 4811 4812
f 4715 4631 4628
f 4978 5016 5021
f 5010 5009 5006
f 3722 3743 4162
f 4558 4557 4560
f 4568 4570 4569
f 4584 4578 4535
f 4641 4631 4715
f 5026 5014 5012
f 4776 4777 4745
f 4714 4628 4712
f 4982 4996 5001
f 4576 4577 4560
f 4564 4567 4566
f 5069 5013 5018
f 5057 5052 5048
f 4810 4812 4811
f 3710 4158 3786
f 4991 4992 4999
f 5011 5009 5010
f 5008 5020 5022
f 5066 5067 5063
f 5047 5037 5024
f 5050 5049 5051
f 5023 5021 5016
f 5045 5044 5059
f 5047 5025 5026
f 3711 3712 3724
f 5048 5035 5037
f 5042 5040 5063
f 5058 5053 5051
f 5036 5038 5046
f 3715 3699 3700
f 5235 5256 5257
f 3732 3729 3704
f 5030 5031 5062
f 5020 5021 5023
f 5263 5262 5261
f 5049 5050 5044
f 5236 5248 5250
f 5031 5030 5027
f 5043 5038 5039
f 5320 5313 5329
f 5049 5048 5052
f 5326 5319 5317
f 3264 3261 3288
f 5264 5265 5263
f 4998 4999 4992
f 5009 5011 5020
f 5036 5032 5039
f 5032 5035 5034
f 4355 4317 3949
f 4269 4266 4374
f 4253 4250 4378
f 4525 4524 4252
f 3960 4112 4111
f 4372 4275 4258
f 5681 5672 5673
f 4378 4379 4272
f 4270 4347 4346
f 3244 5448 5644
f 4899 4703 4648
f 3734 3732 3702
f 4138 3346 3343
f 4192 4193 4361
f 3813 4001 3812
f 3817 3695 3696
f 5668 5683 5682
f 5690 5691 5687
f 5499 5632 5700
f 3999 3819 3820
f 3745 3742 4102
f 5684 3471 3472
f 5702 3859 3860
f 5712 5713 5693
f 3249 3277 4393
f 5695 5683 5715
f 5694 5715 5716
f 5719 3972 5601
f 4918 4919 4950
f 4774 4742 4743
f 5505 4415 4411
f 3583 3584 3585
f 3710 3687 4157
f 5513 5725 4417
f 5704 3563 4146
f 4141 4045 4062
f 5669 5689 5688
f 3898 3895 5653
f 5718 3973 3972
f 5684 5687 5686
f 3917 4131 5717
f 3463 5666 5662
f 5492 5506 5680
f 4931 4930 4950
f 5665 3440 3441
f 3788 3717 3740
f 3501 3502 3529
f 3569 3570 3477
f 5516 5728 5727
f 3564 3567 3566
f 3892 5405 5406
f 3962 4124 5407
f 4126 3908 4123
f 4116 3296 3287
f 3892 3887 5630
f 3824 3432 5413
f 4408 4409 5680
f 3969 3966 3978
f 4408 4413 3449
f 4414 3448 3449
f 3962 3261 3262
f 4425 5724 5616
f 4418 5725 5727
f 5716 5597 5575
f 5719 5720 5717
f 5698 5498 5692
f 3880 5621 4166
f 5652 3212 5520
f 5621 5623 4167
f 5679 4409 4410
f 3210 3209 3355
f 5622 5534 5451
f 5416 5417 5497
f 5729 5732 5731
f 5733 5734 3761
f 5735 5738 5737
f 5750 5752 5751
f 5744 5745 5740
f 5744 3770 3753
f 5753 5754 5730
f 5757 5758 5736
f 5731 5752 5765
f 5774 5777 5776
f 5790 5793 5792
f 5796 5786 5787
f 5817 5814 5819
f 5828 5831 5830
f 3725 4105 3751
f 4874 4734 4873
f 4700 4701 4903
f 4740 4820 4876
f 3199 3202 3201
f 4100 4102 4099
f 3749 3767 4108
f 3695 3817 3712
f 3378 3381 3380
f 5504 4411 4412
f 4405 4402 5518
f 5838 5839 5835
f 4705 4632 4712
f 5832 5831 5828
f 5697 5677 5678
f 3791 4006 4005
f 5848 5791 5794
f 3714 3700 3701
f 3995 4148 4042
f 3329 3326 3224
f 4005 3708 3705
f 4551 4762 4763
f 5855 5798 5808
f 5851 5795 5792
f 5803 5801 5858
f 5844 5843 5840
f 5762 5759 5743
f 5808 5809 5806
f 4012 3413 3426
f 5558 3513 3467
f 4550 4763 4720
f 4950 4951 4953
f 3885 3886 5694
f 5705 5706 4081
f 5508 4417 4415
f 3745 3759 3760
f 5507 4412 5680
f 3592 3536 3588
f 3895 5434 5658
f 5613 5500 5501
f 3834 3830 4393
f 5527 4454 4455
f 5775 5806 5809
f 5766 5767 5813
f 5858 5811 5812
f 5855 5815 5811
f 5863 5820 5819
f 5826 5859 5863
f 5862 5866 5833
f 5870 5871 5837
f 5782 5783 5831
f 5868 5838 5836
f 5778 5779 5843
f 5866 5870 5845
f 5785 5864 5867
f 5790 5788 5789
f 5796 5797 5794
f 5821 5818 5819
f 5657 5651 5620
f 5793 5849 5852
f 5855 5858 5801
f 5853 5847 5786
f 5804 5805 5802
f 5827 5867 5864
f 5767 5768 5821
f 5854 5857 5776
f 5860 5817 5818
f 5782 5832 5825
f 5781 5778 5844
f 5810 5811 5815
f 5867 5827 5830
f 5809 5808 5798
f 5828 5829 5863
f 5865 5841 5838
f 5801 5803 5802
f 4086 5707 3795
f 5779 5780 5842
f 5827 5826 5829
f 5839 5872 5869
f 5814 5815 5855
f 5711 4132 3859
f 4958 4957 4917
f 5861 5818 5821
f 5863 5859 5812
f 5865 5868 5823
f 5873 5836 5837
f 5872 5839 5842
f 4089 3455 3563
f 3812 3787 3785
f 5770 5771 5787
f 5789 5786 5847
f 5793 5789 5846
f 4145 4147 4146
f 5848 5773 5790
f 3953 4008 4009
f 5748 5875 5874
f 4624 4627 4626
f 4665 4764 4752
f 4775 4780 4779
f 4746 4670 4671
f 4637 4600 4601
f 4828 4612 4613
f 4704 4763 4762
f 4843 4845 4727
f 4543 4717 4725
f 4731 4864 4863
f 4723 4594 4558
f 4842 4846 4840
f 4717 4543 4857
f 4865 4868 4867
f 5841 5865 5866
f 4725 4726 4540
f 4798 4799 4816
f 4632 4635 4634
f 4720 4716 4715
f 4642 4645 4644
f 3754 4007 5874
f 4860 4761 4644
f 4674 4723 4722
f 4808 4809 4676
f 4721 4722 4822
f 5876 5878 5877
f 4836 4838 4840
f 4658 4661 4660
f 4826 4799 4800
f 4877 4782 4743
f 4948 4970 4971
f 4875 4739 4876
f 4954 4933 4934
f 5773 5770 5788
f 5825 5832 5833
f 5834 5837 5836
f 5834 5844 5845
f 3359 3362 3361
f 5732 5729 3756
f 3394 3397 3396
f 3766 3769 5741
f 5774 5809 5799
f 5805 5776 5857
f 5813 5821 5820
f 3969 3555 3964
f 5667 5668 5674
f 5729 5747 3792
f 3770 5744 5741
f 4741 4740 4739
f 4689 4737 4660
f 5772 5797 5787
f 5735 5733 3758
f 5850 5772 5773
f 5617 5528 3965
f 5799 5800 5854
f 5875 5748 5764
f 5840 5843 5842
f 5861 5768 5769
f 5807 5804 5853
f 5869 5781 5834
f 3765 3768 5739
f 5882 5884 5761
f 5881 5879 5887
f 5895 5896 5898
f 5907 5905 5906
f 5909 5907 5908
f 4234 4257 4526
f 3912 3927 3389
f 5934 8731 8730
f 8730 8731 5930
f 4920 4923 4922
f 8845 8847 8853
f 4141 4171 3404
f 3733 3705 3706
f 8849 8847 8848
f 4234 4237 4236
f 8863 8858 5919
f 3733 4002 4004
f 5908 5906 8859
f 8865 8866 8871
f 8859 8858 8863
f 5927 5924 5925
f 5911 5903 5904
f 8878 8871 8866
f 5635 5638 5637
f 5745 5744 5746
f 3552 3555 3554
f 8857 8889 8890
f 5924 5927 8860
f 3553 3557 3556
f 5919 5920 8861
f 8869 8865 8870
f 8873 8871 8878
f 8856 8857 8875
f 8862 8861 5889
f 8846 8845 8844
f 8864 8863 8866
f 8729 8730 8883
f 8848 8846 8887
f 8878 8879 5888
f 8896 8854 8855
f 8853 8854 8896
f 8841 8842 5882
f 3489 3492 3491
f 8867 8859 8864
f 5910 5908 8867
f 5914 5910 8898
f 5916 5914 8899
f 5889 8861 8860
f 8876 8878 8893
f 5918 5916 8900
f 4424 5722 5726
f 8904 8903 8900
f 8909 8908 8904
f 8908 8907 8903
f 8869 8909 8905
f 3632 3668 3667
f 3687 3690 3689
f 3636 3682 3681
f 3664 3641 3639
f 4304 4307 4306
f 8909 8869 8891
f 3681 3696 3695
f 3758 3761 3760
f 3684 3701 3700
f 3721 3724 3723
f 3941 3944 3943
f 3738 3741 3740
f 3687 3710 3709
f 3238 3239 3938
f 4249 4303 4288
f 4499 4498 3344
f 4240 4194 4368
f 3453 3451 3951
f 4401 3971 3547
f 3950 3951 3451
f 3702 3704 3701
f 3725 3728 3727
f 3194 3207 3208
f 4034 4035 4461
f 3914 3348 3913
f 3483 3575 3533
f 3191 3958 3957
f 4292 3489 3970
f 3909 3910 3428
f 3959 3960 3866
f 4017 4308 4309
f 4316 4318 4008
f 4448 4451 4450
f 4414 4415 4417
f 3435 3430 3351
f 4413 4411 4415
f 3899 3902 3901
f 3780 3781 3648
f 3474 3471 3886
f 3958 3191 3192
f 3221 3223 3935
f 3905 3908 3907
f 3913 4488 4486
f 4420 4422 4421
f 3881 3884 3883
f 4004 3788 3790
f 4271 4319 4318
f 4259 4297 4296
f 3501 4003 4066
f 5897 5898 5900
f 5901 5902 5904
f 8854 8849 8856
f 3789 3785 3786
f 3651 3648 3781
f 5924 5899 5901
f 8870 8871 8873
f 8876 8877 8874
f 5912 5917 5918
f 3805 3918 3799
f 3369 3370 3395
f 3923 3926 3925
f 3916 3917 3512
f 3641 3664 3801
f 4276 4269 4323
f 4181 4229 4331
f 4428 4430 3377
f 3495 4425 4321
f 4436 4435 3380
f 4430 4428 4437
f 3945 3957 3958
f 4065 3901 4047
f 4495 4497 3408
f 8913 8912 8915
f 8911 8910 8917
f 8889 8922 8923
f 8919 8935 8931
f 8884 8914 8918
f 8922 8921 8931
f 5852 5907 5909
f 5866 5862 5915
f 8926 8918 8914
f 8914 8884 8883
f 8886 8919 8921
f 5846 5847 5894
f 5873 5902 5900
f 8893 5888 5764
f 8894 8893 5754
f 5890 8860 5927
f 5885 8896 5755
f 5871 5904 5902
f 5763 8936 5883
f 5880 5890 8936
f 4175 4176 4398
f 4274 4254 4255
f 8883 8730 5931
f 8868 8905 8898
f 3289 4059 3247
f 3858 3855 5485
f 8850 8848 8886
f 4116 4120 5409
f 3889 5406 4127
f 3678 3679 8938
f 8857 8850 8888
f 3979 3551 3294
f 4126 3352 3431
f 3651 4000 3679
f 3460 3858 5921
f 4084 3309 3310
f 8905 8904 8899
f 3561 3327 5397
f 3213 3965 5528
f 4191 4194 4193
f 5449 5450 5532
f 4142 3975 4031
f 4060 3947 5652
f 4480 4483 4482
f 5519 5520 3212
f 5657 5451 3330
f 4473 4476 4475
f 3514 3515 5668
f 5663 5670 5669
f 8881 5929 5926
f 5734 5733 5749
f 4788 4789 4677
f 3997 3996 3538
f 3551 3486 3310
f 3577 3578 3998
f 4893 4697 4676
f 4753 4751 4671
f 8729 8884 8885
f 3813 3703 9021
f 8938 4001 3813
f 8882 5931 5929
f 4098 5701 3820
f 3399 5405 5416
f 5494 5495 5503
f 5880 5877 5878
f 4986 4673 4861
f 4999 5000 5004
f 4985 5001 4988
f 5816 5769 5766
f 4372 4370 4384
f 5688 5691 5692
f 8903 8902 8901
f 8879 8862 5887
f 8902 8881 8880
f 5919 5893 5895
f 4519 4384 4342
f 8847 8849 8854
f 5925 5901 5903
f 4021 3899 4523
f 5678 5677 5676
f 4424 3843 4085
f 5701 3576 3577
f 5928 5925 5926
f 5000 5005 4980
f 9022 4147 3545
f 9024 9025 5409
f 4008 4011 4010
f 3931 3234 4516
f 3822 3806 3807
f 8851 8852 8844
f 5728 5516 5509
f 9025 9023 4115
f 5209 5200 5201
f 4820 4740 4653
f 3988 5596 5598
f 3370 3911 3357
f 5639 5642 5641
f 5592 4511 4477
f 3378 3944 5572
f 5625 4463 3265
f 5594 5582 5577
f 3302 5649 5645
f 3274 3277 3278
f 5207 5208 5233
f 5071 5070 5072
f 4815 4814 4785
f 4796 4802 4643
f 3243 3244 5643
f 5301 5302 5303
f 5431 3562 5655
f 5251 5249 5244
f 3353 3427 3523
f 4174 3404 3405
f 3546 4114 4113
f 4002 3789 3788
f 4196 4239 4238
f 3232 5646 5647
f 4373 4374 4266
f 4867 5322 5321
f 5648 4054 4058
f 4455 4070 3893
f 5593 3407 4511
f 5275 5265 5252
f 5252 5265 5274
f 4092 3619 3624
f 3723 3742 3743
f 4780 4775 4802
f 4059 3289 3560
f 4317 4355 4347
f 5188 5190 5192
f 5570 5599 5612
f 3385 5429 5633
f 3526 5568 5569
f 3576 5701 3608
f 3581 3542 3594
f 5239 5237 5238
f 5081 5079 5083
f 4369 4526 4528
f 4325 4326 4329
f 3569 3285 3286
f 9022 9026 4112
f 3661 3662 3801
f 5074 5073 5030
f 5064 5062 5063
f 3563 3497 3498
f 3961 5407 4119
f 4854 4853 4870
f 5018 5007 5028
f 5007 5008 5027
f 5040 5042 5039
f 3240 3375 3875
f 5070 5069 5029
f 3504 3481 3866
f 3537 3579 3591
f 5033 5041 5039
f 4710 4638 4635
f 5017 4979 4989
f 5024 5037 5046
f 4991 5006 5019
f 4587 4553 4574
f 4996 4982 4793
f 5066 5061 5059
f 5221 5230 5231
f 5068 5056 5057
f 3675 3676 3643
f 3663 3674 3675
f 4722 4558 4559
f 3579 3576 3590
f 3686 3676 3677
f 4422 4420 3499
f 5142 5141 5138
f 5078 5071 5075
f 3609 3589 3590
f 3288 3961 5411
f 5424 9024 5410
f 5152 5144 5156
f 3960 5704 5709
f 4946 4956 4957
f 3867 3903 5705
f 9026 9022 4113
f 5192 5193 5189
f 5161 5164 5194
f 3637 3698 3682
f 4392 5461 3847
f 3796 4114 4149
f 4104 3716 3727
f 3594 3595 3993
f 3796 3793 4134
f 3687 3688 4156
f 3760 3761 4164
f 4464 3344 3345
f 3485 3528 3868
f 3846 3845 5423
f 3409 4520 4496
f 3767 3768 3765
f 3711 3721 4159
f 3797 4132 4087
f 4072 4069 5562
f 4502 4076 5590
f 5408 5426 9027
f 5683 5695 5714
f 5702 3772 4110
f 5623 4042 4148
f 5428 3874 3525
f 3668 3803 3802
f 4000 4001 8938
f 4221 4222 4179
f 4267 4268 4388
f 3721 3722 4161
f 3903 5659 5706
f 3583 3580 4090
f 3894 5486 3524
f 4635 4638 4636
f 4173 5401 4009
f 4890 4666 5393
f 5290 5291 5293
f 5339 5340 5337
f 5458 5459 4438
f 3251 5419 5430
f 3252 5418 5419
f 3428 5420 5421
f 3571 5426 5418
f 4583 4582 4554
f 4239 4367 4224
f 3322 3898 5450
f 5309 5310 5306
f 4109 3728 3748
f 5707 3865 3794
f 5139 5184 5183
f 5271 5270 5290
f 5280 5283 5282
f 5110 5107 5125
f 5319 4864 4731
f 5334 5343 5339
f 5423 3522 3523
f 5376 5377 5378
f 4721 4681 4646
f 3719 4158 4159
f 4853 4854 4692
f 5373 5372 5330
f 4428 5457 5456
f 5376 5329 5328
f 3337 3367 4434
f 4692 4693 5395
f 5475 4172 4523
f 5478 3900 4068
f 5421 5404 4129
f 5374 5373 5375
f 5283 5299 5306
f 5246 5247 5234
f 5154 5149 5150
f 4458 5562 5561
f 5163 5159 5158
f 5381 5374 5378
f 3397 3394 5484
f 4457 5561 5563
f 5147 5143 5150
f 4474 4475 5544
f 5325 5318 5319
f 5223 5394 5388
f 5517 5700 3521
f 4499 5480 3347
f 5404 5403 4128
f 3476 5507 5506
f 4084 5516 5515
f 3900 5478 5477
f 5536 5564 5547
f 5491 5498 5493
f 5474 5472 4139
f 4063 4521 4522
f 4459 4460 5541
f 5548 5549 3360
f 5444 5445 5550
f 3888 3889 5415
f 5546 5547 3339
f 5536 5539 5538
f 3570 5513 5508
f 4471 4502 5589
f 4280 3848 3359
f 5499 4402 4403
f 5189 5193 5169
f 5543 4477 4478
f 4051 5551 5552
f 3461 5504 5507
f 4629 4630 4870
f 5106 5094 4909
f 5286 5281 5279
f 5462 5463 3364
f 3491 5511 5514
f 5224 5220 5231
f 4478 4459 5540
f 4099 4102 3742
f 4803 4806 4805
f 4130 5423 5422
f 4470 4471 4476
f 4924 4925 4921
f 4920 4921 4927
f 4993 4986 4987
f 4887 4888 4913
f 3894 3893 4070
f 5472 5474 5585
f 3508 4135 4134
f 3603 3600 4096
f 3772 3773 3992
f 5712 5664 5671
f 3739 3718 4162
f 5683 5668 3515
f 5480 4465 4495
f 5698 5699 5493
f 3578 3538 3996
f 3645 3646 4154
f 5660 3904 3466
f 4135 9026 5710
f 5587 5591 4073
f 5687 5689 5693
f 3584 3583 4091
f 5585 5583 5584
f 4128 5414 5415
f 4257 4254 4338
f 4222 4231 4178
f 4366 4365 4191
f 5098 5099 5091
f 5761 5757 5737
f 5760 5737 5738
f 8852 8842 5934
f 8874 8877 8855
f 8895 8897 8855
f 5884 5882 8842
f 4557 4554 4582
f 8890 8923 8917
f 8918 8926 8930
f 8924 8926 8915
f 4182 4181 4330
f 3864 5708 5711
f 3574 3317 3230
f 3342 3954 3415
f 3488 3486 3549
f 4317 4316 3953
f 3672 3659 4152
f 5708 3864 3865
f 9021 3703 3685
f 3621 3618 3616
f 5728 4422 4419
f 4311 4027 4028
f 4131 3917 3543
f 4426 3496 3842
f 4518 3956 4168
f 5457 5465 5464
f 5425 3560 3558
f 5458 4439 4437
f 3416 3414 5465
f 5638 9028 5437
f 3985 3986 5636
f 5646 5635 5636
f 9023 9025 3554
f 5722 5510 5514
f 3256 3933 3934
f 4164 3761 5734
f 8885 8918 8920
f 3282 3932 3929
f 3292 4394 3320
f 3232 3229 3300
f 3303 3236 3271
f 3562 5431 5432
f 3392 3387 3388
f 3854 5922 5350
f 5463 5462 5459
f 5935 3474 3885
f 3879 3415 3954
f 3928 3372 3391
f 4137 5559 4458
f 5454 5455 3850
f 3548 3490 3549
f 4443 4500 5470
f 4452 4505 4506
f 4468 3414 3415
f 4443 4440 3876
f 3234 3235 4515
f 5434 3895 3896
f 5448 5440 5441
f 5447 5446 5443
f 4442 5470 5471
f 5550 4056 3275
f 5578 5573 4520
f 3464 5667 5666
f 4701 4627 4839
f 3259 5398 4041
f 4015 4012 3423
f 3558 3323 3982
f 4856 4894 4823
f 4741 4652 4653
f 3759 3745 4106
f 3560 3289 3290
f 9024 5424 3557
f 5438 3279 3280
f 3321 3283 3290
f 5557 5483 4072
f 5553 3369 3396
f 4045 4141 4174
f 4539 4845 4849
f 3536 3480 3503
f 5478 5573 5574
f 3800 3797 3510
f 4755 4883 4886
f 5561 4454 5527
f 5752 5731 5732
f 5752 5750 5756
f 3518 5492 5493
f 3767 3762 4107
f 3534 3603 4097
f 4395 3572 3826
f 3926 4052 3371
f 4446 4510 5610
f 4050 5444 3980
f 8887 8846 8843
f 5649 5639 5640
f 4643 4644 4761
f 3709 3787 3784
f 4778 4659 4660
f 5649 3302 4054
f 5646 3232 3301
f 3250 3251 3910
f 5884 5886 5757
f 5655 5656 5936
f 4224 4227 4226
f 4043 4044 3412
f 4286 4289 4288
f 4267 4311 4310
f 4493 4079 4080
f 3325 5432 3226
f 3925 3371 3372
f 4312 4315 4314
f 3996 3997 3540
f 8908 8911 8912
f 4023 4026 4025
f 3995 3890 3891
f 5482 5556 5559
f 4486 3420 3921
f 4300 4285 4302
f 5438 5642 5644
f 3233 3932 3282
f 3225 3228 3227
f 5446 4400 5445
f 5554 3396 3397
f 4834 4833 4830
f 4064 3349 3350
f 3596 3599 3598
f 5639 5649 5648
f 5434 5431 5654
f 4895 4896 4830
f 3674 3677 3676
f 3551 3979 3978
f 3835 3836 3305
f 3813 3810 3702
f 3691 3711 4160
f 4109 4100 4101
f 4565 4187 4188
f 3490 3548 3547
f 3672 3646 3647
f 8906 8907 8912
f 3810 3812 3811
f 4051 4052 4397
f 3566 3599 4090
f 5580 5475 5476
f 4456 4457 5537
f 5539 5536 5546
f 8844 5934 8729
f 8872 8873 8874
f 4383 4301 4198
f 4931 4926 4927
f 5529 5530 5397
f 5314 5321 5323
f 5347 5332 5323
f 4711 4709 4599
f 5387 5388 5389
f 5259 5290 5292
f 5195 4806 4803
f 5195 5104 4746
f 4639 4865 4866
f 4821 4818 4681
f 3421 4037 5399
f 4730 4863 4601
f 4807 4651 4811
f 4040 4037 3421
f 4844 4841 4800
f 3936 3933 3929
f 4894 4798 4817
f 5365 5370 5383
f 4657 4656 4661
f 5224 5206 4770
f 5368 5383 5382
f 5336 5349 5352
f 5353 5356 5386
f 4070 4455 4454
f 5396 5397 3327
f 5225 5226 5312
f 5384 5382 5386
f 5391 4694 4695
f 4407 4410 4409
f 4623 4620 4880
f 5356 5353 5352
f 4578 4584 4859
f 3239 3875 3217
f 3937 3218 3333
f 4578 4575 4534
f 5467 5471 4505
f 4836 4828 4826
f 4422 5728 5721
f 3392 3393 5556
f 5564 5531 5565
f 3807 3808 3663
f 5922 3854 4392
f 3680 3695 3692
f 3630 3633 3632
f 4416 4417 5725
f 4033 3305 3836
f 3238 3220 4168
f 3466 3904 3483
f 3678 3677 3650
f 3677 3674 3649
f 3340 3337 4431
f 3562 3561 5656
f 5658 5654 5938
f 3642 3643 3640
f 3306 3303 3334
f 3256 3253 3280
f 8910 8891 8892
f 5868 5900 5898
f 8924 8923 8922
f 8935 8930 8925
f 8882 8906 8913
f 8925 8930 8926
f 5852 5849 5905
f 5136 5128 5124
f 4243 4363 4260
f 5238 5227 5228
f 5642 5639 5643
f 3924 3925 3928
f 5412 3521 5700
f 3750 3752 3751
f 3746 3752 3770
f 3859 3798 3861
f 3972 3973 3493
f 5923 8860 8861
f 4945 4946 4958
f 3296 3293 3286
f 3824 5403 3907
f 3671 3629 4154
f 4137 3343 5481
f 3614 3654 3802
f 3283 3284 3559
f 4936 4935 4934
f 5511 5723 5726
f 4170 4169 3926
f 3572 4393 3830
f 3459 3447 3858
f 3496 4426 4425
f 3457 3950 3436
f 3984 3983 3986
f 3914 3389 3386
f 5512 5724 5723
f 4500 4443 4483
f 4501 4502 4471
f 4503 4506 4505
f 4143 4144 4461
f 3331 3329 3222
f 4016 4015 4018
f 3998 3775 3776
f 4114 3796 5710
f 4405 5678 4406
f 5602 5604 5720
f 4767 4803 4804
f 4929 4933 4954
f 4410 4407 5665
f 3888 5700 5632
f 4048 4049 3977
f 3947 3211 3212
f 5676 5677 3472
f 5782 5785 5784
f 4315 4312 4311
f 5699 5518 5521
f 5864 5785 5825
f 5826 5827 5822
f 5775 5776 5805
f 3236 3233 3270
f 5823 5868 5859
f 4957 4848 4895
f 8868 8864 8865
f 4281 4392 3848
f 4940 4943 4971
f 4013 4014 4029
f 3685 3703 3701
f 4339 4340 4377
f 8891 8870 8872
f 3753 3750 3755
f 4427 4168 3220
f 3809 3806 3779
f 3568 4416 4418
f 3880 3987 3918
f 3543 3843 3842
f 4646 4649 4648
f 4656 4657 4597
f 4781 4876 4820
f 4972 4975 4974
f 5101 5102 5109
f 5095 5096 5115
f 5090 5127 5132
f 5131 5132 5134
f 5134 5132 5127
f 5117 5139 5140
f 3539 3862 3863
f 4006 3791 3792
f 5128 5091 5099
f 5097 5088 5089
f 5274 5266 5271
f 4571 4572 4569
f 4225 4531 4238
f 5156 5155 5170
f 4538 4541 4540
f 4622 4691 4665
f 4981 5011 5004
f 5012 4974 4975
f 5148 5147 5149
f 5157 5142 5133
f 5161 5155 5145
f 4261 4532 4242
f 5294 5295 5291
f 4255 4256 4532
f 5274 5259 5250
f 4246 4529 4207
f 3314 3924 3927
f 4670 4673 4672
f 4995 4904 4673
f 4638 4710 4603
f 4341 4295 4525
f 5163 5166 5165
f 4834 4783 4784
f 4784 4820 4682
f 4844 4843 4687
f 5280 5276 5275
f 4217 4572 4564
f 4554 4557 4556
f 4551 4552 4556
f 4549 4546 4544
f 5141 5142 5173
f 4653 4654 4683
f 4973 4974 4989
f 4984 5005 5015
f 5177 5172 5170
f 5166 5167 5181
f 5141 5184 5139
f 5178 5174 5151
f 5244 5202 5203
f 5252 5244 5245
f 4479 4031 4079
f 4402 4405 4404
f 3500 4418 4419
f 5856 5851 5909
f 4488 3913 3348
f 8851 8853 5885
f 3607 3608 5701
f 3508 3505 3503
f 5847 5858 5896
f 4374 4373 4309
f 3380 4439 4438
f 9025 9024 3553
f 5718 5717 4131
f 3300 3229 3283
f 5551 3275 3276
f 5552 3276 3369
f 5555 3397 5483
f 5859 5898 5896
f 4133 3793 3794
f 3606 3653 3652
f 4900 4852 4766
f 4616 4790 4789
f 3738 4165 4164
f 4774 4771 4642
f 4399 4485 3402
f 5853 5796 5795
f 3936 4518 4427
f 3418 3419 4064
f 5510 3488 3840
f 3270 3282 3279
f 3274 3275 4056
f 4359 4356 4305
f 4135 3508 3504
f 3610 3611 3609
f 3837 3556 3557
f 5940 3971 4401
f 5853 5804 5803
f 5725 5513 5515
f 3246 5410 4117
f 5713 5712 5672
f 4918 4961 4916
f 4148 3995 3771
f 5106 5105 5113
f 4147 9022 5709
f 5152 5172 5177
f 9026 4135 4111
f 5104 5195 5103
f 3531 3528 3485
f 3713 3716 3715
f 3699 3715 3815
f 4467 3345 4459
f 4703 4899 4736
f 5405 3399 3846
f 3555 3552 3963
f 4120 4116 5411
f 4217 4219 4185
f 3279 5438 5441
f 4944 4945 4959
f 4353 4337 4344
f 3815 3715 3716
f 3374 3371 4052
f 4491 4492 4516
f 5865 5824 5833
f 5819 5814 5856
f 5807 5851 5856
f 3933 3256 3281
f 3208 3205 3920
f 8907 8906 8902
f 5288 5308 5295
f 3728 3725 3747
f 3309 4084 4083
f 5119 5116 5101
f 3811 3785 3789
f 3595 3863 3992
f 4106 4102 4100
f 5696 5575 5576
f 3708 3755 3750
f 3744 3760 4165
f 5905 5891 5892
f 3403 4036 4175
f 4133 3997 3506
f 4147 4145 3544
f 3561 3562 3325
f 3237 3240 3239
f 4877 4878 4793
f 3241 3244 3243
f 3597 3624 3625
f 3279 3282 3281
f 3371 3374 3373
f 3599 3566 3567
f 3975 3976 4032
f 3277 3249 3250
f 3774 3564 3565
f 3658 3673 3780
f 4961 4962 4963
f 3600 3615 3616
f 4228 4229 4202
f 4011 4008 4318
f 4307 4304 4262
f 4838 4800 4841
f 4782 4783 4773
f 4914 4956 4946
f 4839 4609 4765
f 4771 4896 4645
f 4962 4965 4964
f 4966 4959 4963
f 3601 3612 3615
f 5878 5875 5879
f 5890 5880 5881
f 3720 3786 4158
f 4755 4756 4689
f 3740 3717 3718
f 5695 5685 5686
f 5740 5743 5742
f 5733 5735 5736
f 5755 5756 5750
f 5745 5763 5762
f 5798 5801 5800
f 4706 4880 4879
f 5651 5652 5619
f 5850 5794 5797
f 5804 5807 5806
f 4087 5708 5707
f 5915 5913 5914
f 5703 3860 4167
f 5893 5894 5896
f 5892 5893 5919
f 5706 5671 5664
f 5786 5789 5788
f 3973 4131 3841
f 4831 4832 4915
f 5906 5892 8858
f 4965 4967 4969
f 4684 4685 4846
f 3589 3609 3611
f 3596 3625 4150
f 5877 5880 5763
f 4121 4124 4123
f 3469 3465 3868
f 3204 3205 3208
f 3716 3713 3726
f 5460 9027 5426
f 3465 3469 3470
f 5738 5735 3764
f 4887 4654 4655
f 4203 4206 4205
f 3959 5705 4082
f 5758 5757 5886
f 5781 5869 5872
f 4675 4762 4723
f 3757 4164 5751
f 3334 3271 3272
f 8880 5926 5903
f 5615 5676 3473
f 5759 5761 5760
f 8845 8846 8848
f 5778 5781 5780
f 8857 8856 8849
f 4132 3797 3798
f 5839 5838 5841
f 560 1899 3187
f 5747 5874 4007
f 5928 5930 8840
f 5766 5769 5768
f 4848 4957 4956
f 4953 4968 4967
f 4832 4897 4910
f 5879 5764 5888
f 3598 3567 3530
f 5747 5729 5730
f 5754 5764 5748
f 5810 5813 5812
f 5758 5755 5749
f 4315 4388 4387
f 5917 5915 5916
f 5913 5909 5910
f 5930 8731 8841
f 4951 4955 4968
f 3209 3210 3201
f 4059 5424 3246
f 8731 5934 8842
f 3776 3582 3585
f 5770 5773 5772
f 5891 5894 5893
f 9028 5638 5641
f 5814 5817 5816
f 5662 5675 5673
f 3522 3525 3524
f 5630 5631 5942
f 5791 5792 5795
f 5746 3753 3754
f 5928 5929 5931
f 5743 5760 5739
f 5876 5874 5875
f 3678 8937 9021
f 4200 4208 4207
f 4114 3546 3916
f 3601 3602 3605
f 3818 3724 3712
f 3315 3318 3317
f 5899 5900 5902
f 8840 8841 5883
f 5562 4458 5559
f 4416 3568 3448
f 3189 3192 3191
f 4751 4890 4747
f 4181 4182 4180
f 3832 3942 5454
f 3362 3527 3526
f 5678 4405 5699
f 3497 3500 3499
f 448 1980 807
f 647 648 122
f 5690 3472 5677
f 4183 4186 4185
f 1833 1848 1780
f 5920 5895 5897
f 510 509 508
f 4401 3967 5944
f 5656 5397 5530
f 3970 3971 5940
f 5653 5658 5939
f 5450 5653 5946
f 3384 5633 5945
f 4403 4404 4299
f 5944 3967 3968
f 3963 5427 5951
f 5614 3473 3474
f 5427 3838 3857
f 3210 1949 1887
f 1887 15 3200
f 15 16 3197
f 16 3188 3195
f 3195 3188 3187
f 3194 3187 1899
f 3207 1899 375
f 387 173 126
f 3189 1791 1760
f 9029 763 757
f 763 9029 2172
f 9035 9034 9032
f 9033 9032 9031
f 9046 9049 9048
f 8751 9053 9054
f 9078 9076 9077
f 9083 9087 9051
f 9088 9089 9047
f 9099 9036 9040
f 9102 9034 9036
f 9105 9031 9032
f 9105 2176 9106
f 1801 1864 9108
f 9103 9032 9034
f 9096 9090 9047
f 1767 1768 9111
f 1597 9115 9113
f 1708 1707 9117
f 9123 9120 9119
f 9118 9119 9125
f 1588 1708 9116
f 2080 9123 9118
f 2082 9118 9124
f 9126 9129 9087
f 9129 9130 9088
f 5512 3492 5943
f 5634 3383 5488
f 5724 5512 5947
f 9134 9099 9097
f 9144 9103 9102
f 9133 9097 9096
f 786 9146 9144
f 9146 9105 9103
f 785 9144 9138
f 497 9138 9134
f 650 9134 9133
f 9148 564 9133
f 8756 9058 9057
f 9154 9151 9130
f 9151 9150 9131
f 9097 9040 9090
f 1799 9109 9111
f 5949 3968 3964
f 9160 9156 8809
f 8813 9162 9160
f 9166 463 564
f 9067 9058 9054
f 9162 9166 9148
f 9087 9088 9048
f 9081 9078 9079
f 9049 9052 9051
f 9082 9168 9167
f 9079 9077 9049
f 9169 9168 9175
f 9167 9115 9112
f 9168 9169 9177
f 9120 9117 9113
f 9120 9177 9169
f 9119 9169 9170
f 9179 9180 9125
f 9180 1576 9124
f 9178 9179 9170
f 1576 2101 2084
f 9179 9178 9183
f 3203 376 1387
f 3190 1387 1791
f 5618 2152 1949
f 317 240 259
f 2000 2176 9105
f 9053 9051 9052
f 9041 9040 9036
f 9029 758 756
f 9037 9036 9034
f 9130 9131 9089
f 3204 375 376
f 1801 9107 9109
f 9181 9187 9180
f 1575 9187 9190
f 9187 1575 1576
f 1776 1795 1796
f 1293 1294 1290
f 1326 14 1327
f 1294 1245 1234
f 878 1244 1330
f 5633 3401 5490
f 5933 3359 3360
f 5613 5634 5948
f 5604 5605 3844
f 3972 3494 5950
f 3494 3495 4322
f 4406 5676 5615
f 3492 3489 4292
f 5631 5503 5495
f 497 373 374
f 122 648 413
f 5624 5489 3398
f 9151 9154 9156
f 9058 8756 8752
f 9160 9162 9150
f 8815 9166 9162
f 9156 9126 8794
f 439 398 399
f 1512 1528 1526
f 1668 1741 1738
f 839 849 1362
f 1362 1357 826
f 3425 3417 3418
f 4905 5207 5243
f 4621 4622 4662
f 5582 5579 5574
f 4754 4757 4756
f 3902 3899 4021
f 9295 740 1896
f 2053 2054 2118
f 9340 9339 2120
f 696 697 9268
f 4922 4938 4939
f 4365 4366 4186
f 5105 5106 4862
f 5228 5227 5226
f 4781 4782 4877
f 5218 5227 5238
f 4990 4993 4992
f 4335 4337 4336
f 4993 4990 4972
f 4794 4793 4792
f 5886 5884 8852
f 5405 3892 5417
f 4669 4752 4764
f 4676 4697 4698
f 1826 1878 639
f 9192 9191 9181
f 5232 5228 5233
f 5418 4121 4122
f 956 885 886
f 5720 3844 3512
f 4728 4731 4730
f 8879 8866 8863
f 1980 806 1922
f 4969 4970 4966
f 33 34 105
f 9028 3253 3254
f 3837 3558 3839
f 4382 4300 4301
f 3908 3905 4122
f 4290 4295 4294
f 4400 3834 4055
f 3219 3222 3221
f 8894 8895 8877
f 4640 4736 4735
f 4389 4366 4216
f 3267 4479 4493
f 3268 3265 4463
f 5097 5111 5098
f 5094 5097 5096
f 5654 5655 5937
f 4089 5704 3960
f 5159 5163 5162
f 5202 5244 5249
f 5412 5415 5414
f 5715 3515 3516
f 5723 4426 4423
f 4263 4264 4323
f 3994 3529 3564
f 1343 1344 9308
f 3470 3514 5667
f 5659 5661 5671
f 3319 3828 4053
f 9359 2127 2128
f 1766 1581 1582
f 14 1326 2163
f 595 98 99
f 5703 3771 3772
f 5206 5224 5229
f 3437 3446 3458
f 5516 4084 3487
f 5122 5086 5087
f 3223 3297 3934
f 3979 9023 5402
f 3828 3319 3320
f 5663 3441 4081
f 4035 4489 4490
f 4426 5723 5724
f 3881 4452 4447
f 5407 5408 4118
f 5691 5688 5689
f 5661 5673 5672
f 5911 5918 8901
f 3902 4022 3871
f 5541 5538 5539
f 4069 4454 5561
f 3248 4394 3292
f 1346 1035 1044
f 748 1888 1425
f 3297 3228 3255
f 5445 4400 4056
f 5783 5784 5830
f 4310 4028 4376
f 5857 5854 5800
f 3882 5467 4452
f 3193 3208 3919
f 3190 3191 3206
f 4266 4269 4268
f 4488 3419 3420
f 3331 3939 3940
f 4282 4285 4284
f 4606 4608 4607
f 4628 4629 4708
f 4659 4732 4733
f 4615 4750 4829
f 4718 4714 4713
f 5722 4424 4421
f 3307 3462 3461
f 4686 4688 4634
f 3966 3548 3550
f 4738 4739 4875
f 3416 4429 3237
f 4527 4528 4208
f 5093 5121 5114
f 5124 5099 5086
f 5117 5118 5138
f 4631 4641 4640
f 5166 5163 5168
f 5185 5188 5187
f 5194 5190 5191
f 3245 4117 4118
f 5214 5215 5203
f 3230 3317 3318
f 5237 5234 5217
f 5250 5259 5258
f 5113 5112 5084
f 5270 5267 5269
f 4906 5125 5107
f 5271 5266 5267
f 5276 5277 5262
f 5153 5151 5174
f 5290 5270 5268
f 5306 5299 5303
f 5147 5148 5146
f 4585 4849 4856
f 3226 5435 5436
f 4473 4503 4504
f 5765 5756 8897
f 4529 4246 4247
f 8923 8924 8916
f 5713 5681 5682
f 3315 3897 3898
f 5564 5536 5537
f 4468 4440 4441
f 3738 3739 4163
f 4577 4859 4559
f 5567 3527 3366
f 3587 3584 4150
f 5471 5468 4504
f 5860 5769 5816
f 3516 3513 5558
f 5436 3985 5637
f 5050 5053 5083
f 5547 5565 3338
f 9023 3979 3295
f 5708 4087 4132
f 4104 3816 3814
f 3718 3719 4161
f 5498 5491 5679
f 3884 4431 4432
f 3955 4512 3877
f 4049 4062 4061
f 8892 8872 8875
f 4572 4217 4218
f 4440 4443 4442
f 4497 4511 3407
f 8906 8882 8881
f 5664 5712 5670
f 3751 4105 3706
f 3511 3735 3736
f 5129 5130 5116
f 5086 5099 5098
f 5135 5127 5128
f 5143 5146 5145
f 5168 5158 5136
f 5297 5241 5246
f 5164 5161 5160
f 5155 5161 5171
f 5137 5179 5167
f 5293 5308 5307
f 5513 3570 4083
f 4053 3828 3825
f 3228 3297 3298
f 3631 3632 3635
f 5689 5669 5670
f 5759 5762 5883
f 3793 4133 3507
f 4906 4908 4891
f 4719 4858 4901
f 3597 3598 4095
f 3352 4126 4125
f 9064 9057 9058
f 9076 9064 9067
f 9083 8766 8794
f 9131 9132 9096
f 9138 9102 9099
f 9154 9129 9126
f 9077 9067 9052
f 9053 8751 8766
f 9191 9190 9187
f 9082 9079 9046
f 9193 9175 9168
f 1284 1290 1288
f 9150 9148 9132
f 3841 3842 3496
f 3570 3569 3336
f 4027 4311 4312
f 4889 4876 4781
f 4041 4045 4044
f 4885 4884 4813
f 5419 4122 3905
f 4367 4368 4227
f 1778 1781 1780
f 1792 1759 1584
f 4308 4017 3869
f 4594 4723 4762
f 4767 4770 4769
f 5461 3365 3366
f 4763 4704 4716
f 4919 4918 4915
f 4300 4382 4334
f 5196 5199 5198
f 5158 5148 5135
f 5431 5434 5433
f 4545 4567 4571
f 4557 4558 4594
f 695 570 571
f 4156 4155 3626
f 4861 4673 4670
f 5681 5675 5674
f 5473 5475 5580
f 3622 3656 4152
f 5647 3573 3574
f 3674 3663 3808
f 4420 4145 3498
f 5675 5662 5666
f 3253 9028 5439
f 5870 5866 5917
f 8887 8920 8919
f 5862 5856 5913
f 3534 3593 3485
f 3313 4486 4484
f 9090 9193 9046
f 4871 4759 4695
f 3778 3777 3822
f 4889 4748 4874
f 4000 3783 3784
f 4897 4898 4911
f 3856 3857 3838
f 4772 4830 4896
f 4015 4016 4376
f 3433 3461 3476
f 4053 4054 3302
f 3367 5567 3363
f 3242 3829 3831
f 3441 3442 4082
f 4735 4736 4855
f 4756 4757 4737
f 3382 3385 3384
f 3698 3699 3697
f 4676 4679 4678
f 4948 4943 4941
f 4890 5394 4805
f 4757 4744 4745
f 4581 4221 4380
f 5716 3516 5932
f 4923 4920 4926
f 5077 5079 5081
f 5078 5082 5058
f 4009 5401 5400
f 5081 5082 5078
f 3930 3931 4513
f 4014 4376 4028
f 4025 4026 4020
f 3618 4093 4096
f 4581 4575 4576
f 4219 4217 4188
f 5440 5442 3335
f 5449 3982 3323
f 4229 4181 4177
f 4590 4213 4214
f 4227 4183 4184
f 4574 4901 4858
f 4565 4566 5453
f 4592 4555 4588
f 4590 4587 4573
f 3517 3518 5521
f 3845 5428 3522
f 4444 3340 3884
f 3982 5449 5533
f 4465 4466 4497
f 4520 4522 4521
f 4076 4073 5591
f 3635 3667 3666
f 3343 3344 4498
f 4022 4019 3870
f 3661 3607 4098
f 5691 5690 5697
f 3768 3766 5742
f 4514 3955 3956
f 3697 3815 3814
f 4394 3248 5460
f 4054 4053 4057
f 3284 3318 3323
f 4052 3926 4169
f 4447 4506 4510
f 4456 4460 3346
f 4483 3876 3877
f 4482 3877 4512
f 4492 4512 4513
f 5642 5438 5439
f 5448 5447 5442
f 5466 4441 3882
f 3340 4444 4445
f 8908 8909 8910
f 4397 4169 3835
f 5413 3520 3521
f 3234 3931 3932
f 5753 5765 8895
f 8896 8897 5756
f 8921 8922 8889
f 8915 8912 8911
f 3933 3936 3935
f 3620 3804 3657
f 3966 3969 3968
f 4905 4789 4769
f 3225 5436 5437
f 5433 3896 3984
f 5714 5686 5693
f 5435 3984 3985
f 3954 3956 3955
f 4713 4712 4632
f 4879 4635 4632
f 3983 3984 3896
f 9027 5460 3248
f 5871 5870 5912
f 5849 5846 5891
f 4702 4703 4640
f 4213 4590 4579
f 3644 3645 3688
f 9193 9090 9040
f 8920 8930 8935
f 5406 3846 4130
f 4140 5400 5401
f 5659 3903 3904
f 4772 4773 4783
f 4244 4247 4246
f 4061 5399 4037
f 3669 3804 3803
f 3459 3460 3209
f 4072 5483 5484
f 4835 4833 4834
f 5660 5662 5661
f 4262 4265 4264
f 3633 3630 3627
f 3685 3643 3676
f 4517 4515 3235
f 4145 4420 4085
f 5455 4438 5459
f 5638 5635 5640
f 3228 3225 3254
f 4044 4174 3411
f 3614 3615 3612
f 3273 3276 3275
f 4952 4962 4961
f 4959 4958 4960
f 4888 4655 4761
f 4254 4257 4256
f 4199 4202 4201
f 4499 4464 4465
f 5479 4495 4496
f 5952 5953 5954
f 5956 5957 5958
f 5959 5958 5960
f 5962 5963 5964
f 5966 5967 5968
f 5967 5970 5971
f 5963 5962 5961
f 5972 5965 5964
f 5974 5975 5976
f 5978 5979 5980
f 5982 5983 5984
f 5986 5987 5985
f 5988 5989 5990
f 5992 5993 5994
f 5996 5997 5998
f 6000 6001 6002
f 6004 6005 6006
f 6008 6009 6010
f 6012 6013 6014
f 6016 6017 6018
f 6020 6021 6022
f 6024 6025 6026
f 6028 6029 6030
f 6032 6033 6034
f 6036 6037 6038
f 6040 6041 6013
f 6042 6043 6044
f 5992 6046 6047
f 6048 6049 6050
f 6052 6053 6054
f 6056 6057 6058
f 6060 6061 5987
f 6062 6063 6064
f 6066 6067 6068
f 6070 6071 6027
f 6072 6073 6057
f 6075 6076 6077
f 6078 6079 6080
f 6082 6083 6054
f 6085 6078 6081
f 6087 6061 5990
f 6061 6087 6089
f 6089 6090 6091
f 6092 6091 6093
f 6095 5978 5981
f 6062 6082 6084
f 6097 6098 6035
f 6056 6049 6099
f 6100 6101 6102
f 6001 6000 6104
f 6107 6108 6109
f 6110 6111 6112
f 6114 6026 6025
f 6116 6117 6118
f 6120 6121 6122
f 6124 6125 6126
f 6128 6129 6101
f 6039 6130 6131
f 6132 6133 6134
f 6136 6137 6138
f 6139 6140 6141
f 6143 6144 6145
f 6148 6149 6150
f 6152 6153 6154
f 6155 6156 6157
f 6159 6160 6161
f 6163 6164 6165
f 6167 6168 6169
f 6171 6172 6173
f 6175 6176 6104
f 6178 6179 6180
f 6023 6182 6183
f 6184 6185 6186
f 6117 6116 6188
f 6190 6191 6192
f 6194 6070 6026
f 6195 6196 6191
f 6197 6198 6199
f 6201 6202 6203
f 6205 6206 6207
f 6209 6210 6201
f 6197 6200 6211
f 6212 6211 6213
f 5979 6215 6214
f 6203 6216 6217
f 6206 6199 6198
f 6218 5961 5962
f 5965 6220 6219
f 5972 3355 3354
f 6070 6194 6222
f 6224 6225 6226
f 6228 6229 6230
f 6232 6233 6234
f 6196 6195 6236
f 6071 6070 6223
f 6239 6240 6241
f 6243 6244 6245
f 6247 6073 6248
f 6250 6251 6252
f 6254 6255 6256
f 6258 6259 6260
f 6229 6262 6263
f 6264 6265 6242
f 6266 6267 6268
f 6270 6271 6272
f 6274 6275 6276
f 6195 6278 6279
f 6280 6278 6281
f 6283 6284 6285
f 6123 6122 6287
f 6289 6290 6291
f 6293 6294 6243
f 6240 6296 6297
f 6298 6299 6267
f 6300 6301 6302
f 6304 6305 6306
f 6251 6250 6308
f 6247 6310 6311
f 6313 6314 6315
f 6314 6313 6317
f 6319 6086 6320
f 6322 6087 6088
f 6216 6324 6258
f 6325 6326 6327
f 6217 6258 6261
f 6330 6071 6238
f 6071 6330 6048
f 6015 6332 6333
f 6079 6334 6335
f 6336 6294 6240
f 6294 6293 6296
f 6337 6338 6339
f 6341 6342 6343
f 6345 6346 6347
f 6266 6264 6349
f 6350 6351 6352
f 6295 6243 6246
f 6303 6355 6356
f 6357 6358 6359
f 6361 6362 6363
f 6365 6350 6353
f 6367 6368 6369
f 6371 6367 6370
f 6372 6373 6374
f 6375 6374 6373
f 6376 6377 6378
f 6379 6380 6381
f 6383 6384 6385
f 6387 6388 6389
f 6391 6392 6393
f 6395 6396 6397
f 6398 6399 6400
f 6399 6401 6402
f 6403 6402 6401
f 6405 6406 6407
f 6409 6410 6411
f 6367 6371 6413
f 6374 6375 6415
f 6417 6418 6384
f 6419 6420 6348
f 6421 6422 6423
f 6425 6426 6400
f 6426 6427 6395
f 6393 6396 6428
f 6429 6430 6394
f 6390 6389 6431
f 6433 6434 6408
f 6435 6436 6437
f 6439 6440 6411
f 6392 6391 6441
f 6397 6392 6442
f 6401 6399 6444
f 6446 6447 6437
f 6448 6449 6450
f 6452 6453 6454
f 6442 6441 6456
f 6443 6442 6457
f 6444 6459 6460
f 6445 6444 6461
f 6463 6464 6462
f 6446 6445 6462
f 6466 6467 6468
f 6448 6451 6470
f 6453 6452 6472
f 6474 6475 6476
f 6478 6479 6480
f 6482 6483 6484
f 6486 6487 6488
f 6490 6491 6492
f 6493 6492 6494
f 6496 6497 6498
f 6500 6501 6502
f 6504 6505 6506
f 6508 6468 6509
f 6511 6512 6513
f 6499 6514 6515
f 6516 6517 6518
f 6520 6521 6522
f 6524 6507 6525
f 6507 6524 6527
f 6504 6527 6528
f 6528 6511 6508
f 6529 6530 6531
f 6342 6533 6534
f 6535 6347 6346
f 6347 6535 6537
f 6434 6538 6539
f 6539 6540 6405
f 6541 6542 6451
f 6543 6544 6470
f 6546 6478 6481
f 6499 6498 6548
f 6549 6550 6514
f 6551 6552 6553
f 6555 6556 6557
f 6403 6436 6423
f 6426 6425 6413
f 6415 6560 6428
f 6430 6429 6561
f 6434 6433 6420
f 6563 6564 6565
f 6404 6401 6445
f 6459 6444 6399
f 6455 6454 6388
f 6405 6450 6449
f 6540 6541 6450
f 6567 6495 6568
f 6570 6464 6463
f 6475 6474 6490
f 6458 6457 6571
f 6573 6571 6574
f 6576 6577 6578
f 6193 6192 6580
f 6582 6583 6584
f 6583 6582 6586
f 6588 6589 6587
f 6590 6069 6068
f 6592 6593 6594
f 6251 6310 6595
f 6304 6596 6597
f 6272 3735 6599
f 3737 3736 6558
f 6600 6161 6160
f 6123 6602 6603
f 6604 6605 6606
f 6608 6205 6208
f 5972 6221 6220
f 6610 6611 6612
f 6613 6614 6615
f 6242 6617 6618
f 6226 6619 6245
f 6620 6621 6622
f 6624 6143 6146
f 6626 6213 6211
f 6627 6628 6629
f 6631 6632 6633
f 6235 6635 6636
f 6637 6638 6639
f 6641 6625 6286
f 6643 6644 6645
f 6647 6648 6649
f 6244 6243 6294
f 6336 6651 6652
f 6194 6196 6237
f 6196 6194 6114
f 6115 6192 6191
f 6653 6654 6655
f 6657 6117 6189
f 6117 6657 6659
f 6130 6157 6156
f 6133 6152 6151
f 6661 6111 6662
f 6663 6613 6616
f 6664 6270 6273
f 6418 6417 6432
f 6290 6325 6328
f 6666 6557 6556
f 6557 6666 3805
f 5971 6667 6668
f 6181 6669 6670
f 6671 6672 6673
f 6676 6673 6672
f 6675 6150 6149
f 6067 6066 5999
f 6677 6678 6679
f 6681 6682 6683
f 6087 6322 6090
f 5983 5982 6685
f 5982 6094 6687
f 6094 6093 6688
f 6211 6200 6137
f 6689 6690 6691
f 6690 6689 3833
f 6001 5983 6686
f 5978 6693 6215
f 6694 6693 5978
f 5974 6694 6095
f 6183 6182 6696
f 6698 5959 5961
f 5959 6698 6699
f 6697 6696 6700
f 6702 6629 6703
f 5968 6668 6705
f 6706 5977 5955
f 6707 6618 6617
f 6024 6051 6709
f 6402 6403 6559
f 3852 6711 6712
f 3856 6594 6593
f 5977 6706 6694
f 6713 5955 5977
f 6714 6715 6716
f 6718 6719 6308
f 6720 6255 6254
f 6722 6723 6724
f 6312 6311 6726
f 6069 6590 6728
f 6319 6594 6730
f 6731 6645 6644
f 6732 6733 6734
f 6046 6053 6320
f 3880 3805 6666
f 6736 6737 6738
f 6531 6740 6741
f 6300 6356 6614
f 6742 6532 6325
f 6743 6742 3891
f 6744 6302 6301
f 6746 6747 6534
f 6536 6576 6579
f 6535 6579 6563
f 6566 6538 6537
f 6538 6566 6409
f 6412 6540 6539
f 6412 6748 6541
f 6748 6749 6542
f 6749 6569 6545
f 6568 6750 6547
f 6751 6752 6548
f 6753 6754 6550
f 6755 6756 6757
f 6759 6760 6761
f 6763 6764 6765
f 6764 6620 6623
f 6766 6767 6768
f 6770 6771 6772
f 6774 6775 6776
f 6021 6774 6777
f 6723 6778 6779
f 6780 6781 6782
f 6784 6785 6786
f 6788 6789 6790
f 6185 6792 6793
f 6794 6722 6725
f 6729 6796 6098
f 6135 6797 6798
f 6799 6062 6065
f 6037 6801 6802
f 6005 6004 6588
f 6005 6803 6804
f 6052 6055 6010
f 6586 6582 6803
f 6092 5985 5987
f 6094 5982 5985
f 6096 6806 6695
f 6082 6062 6799
f 6657 6013 6041
f 6013 6657 6658
f 6795 6725 6807
f 6809 6810 6811
f 6813 6814 6815
f 6817 6818 6819
f 6821 6822 6823
f 6329 6209 6204
f 6202 6825 6826
f 6072 6099 6827
f 6598 6829 6305
f 6301 6300 6613
f 6830 6831 6271
f 6822 6779 6778
f 6326 6741 6832
f 6203 6826 6833
f 6027 6048 6051
f 6360 6834 6835
f 6836 6837 6838
f 6837 6840 6841
f 6362 6365 6366
f 6380 6385 6384
f 6421 6564 6578
f 6566 6565 6410
f 6394 6389 6388
f 6414 6422 6368
f 6371 6374 6416
f 6561 6560 6378
f 6382 6381 6562
f 6381 6384 6418
f 6389 6394 6430
f 6391 6388 6454
f 6441 6454 6453
f 6456 6453 6473
f 6495 6494 6750
f 6843 6575 6485
f 6844 6845 6843
f 6573 6845 6847
f 6849 6491 6487
f 6513 6753 6752
f 6517 6521 6850
f 6521 6520 6851
f 6844 6851 6852
f 6505 6504 6510
f 6753 6513 6512
f 6516 6522 6521
f 6614 6740 6854
f 6742 6262 4003
f 6708 6617 6855
f 6307 6306 6857
f 6307 6664 6665
f 6414 6413 6425
f 6416 6415 6427
f 6562 6418 6431
f 6419 6537 6538
f 6358 6836 6839
f 6059 6058 6859
f 6861 6862 6863
f 6865 6866 6867
f 6115 6025 6869
f 6871 6872 6873
f 6721 6254 6596
f 6876 6610 6556
f 6877 6663 6552
f 6551 6878 6268
f 6879 6855 6265
f 6239 6618 6651
f 6230 6263 6619
f 6171 6670 6669
f 6106 6109 6882
f 6883 6884 6822
f 6759 6184 6187
f 6725 6724 6785
f 6885 6795 6808
f 6886 6887 6888
f 6701 6700 6756
f 6884 6786 6779
f 6715 6714 6309
f 6889 6259 6890
f 6743 3890 4042
f 6270 6664 6893
f 6386 6894 6895
f 6895 6348 6420
f 6897 6432 6417
f 6897 6433 6407
f 6390 6898 6899
f 6900 6899 6406
f 6455 6900 6901
f 6902 6903 6904
f 6482 6903 6905
f 6501 6906 6907
f 6496 6515 6908
f 6532 6531 6326
f 6532 6742 6743
f 6612 6910 6735
f 6611 6911 6910
f 6626 5980 5979
f 6704 6912 6105
f 6913 6590 6591
f 6915 6794 6795
f 6229 6228 4067
f 6263 6290 6289
f 6745 6301 6663
f 6916 6771 6757
f 6885 6918 6165
f 6920 6780 6783
f 6921 6922 6923
f 6925 6921 6924
f 6927 6928 6929
f 6931 6932 6933
f 6935 6936 6937
f 6939 6940 6941
f 6943 6944 6945
f 6947 6948 6949
f 6944 6943 6951
f 6953 6954 6955
f 6957 6958 6959
f 6961 6962 6929
f 6964 6965 6966
f 6968 6969 6970
f 6969 6948 6955
f 6972 6943 6946
f 6974 6975 6976
f 6978 6979 6980
f 6940 6939 6982
f 6984 6985 6986
f 6988 6989 6990
f 6992 6990 6989
f 6994 6995 6996
f 6998 6999 7000
f 7002 7003 7004
f 7006 7007 7008
f 7010 7011 7012
f 7014 7015 7016
f 7018 7019 6999
f 7020 7021 7022
f 7024 7025 7026
f 7028 7029 7030
f 7032 7033 7034
f 7003 7002 7036
f 7038 7039 7040
f 6993 6989 7030
f 7042 7043 7044
f 7046 7047 7007
f 7011 7010 7048
f 7050 7051 7052
f 7054 7015 7014
f 7015 7054 7056
f 6621 6620 7045
f 7049 7048 6775
f 7051 7050 6021
f 7055 6697 6701
f 7054 6701 6755
f 6764 6763 7047
f 7020 7058 7059
f 7060 7061 7062
f 6958 7064 7065
f 6925 7066 7067
f 7068 6931 6934
f 7069 6988 6991
f 7071 6995 7072
f 7074 7075 7076
f 7078 7079 7080
f 7014 7017 7082
f 7084 7085 7086
f 7025 7028 7031
f 7085 7084 7072
f 7089 7084 7087
f 7055 7014 7083
f 7090 7087 6770
f 7092 7093 7094
f 7091 6183 6697
f 6770 7087 7086
f 7095 7094 6767
f 7096 7061 6980
f 7098 6941 6940
f 7058 7020 7023
f 7101 6927 6930
f 6974 7060 7063
f 7103 6968 6971
f 7105 6978 6981
f 7106 7107 7036
f 7109 7048 7010
f 7111 7019 7018
f 7098 7003 7037
f 7048 7109 7112
f 7113 6993 7041
f 6994 7114 7115
f 6965 7116 6923
f 6975 6922 6945
f 7061 7096 7065
f 6954 6953 6933
f 6763 7112 7109
f 7046 7045 6620
f 6947 7117 7067
f 6758 7086 7056
f 7118 7119 7039
f 7038 7069 7070
f 7106 7120 7121
f 7123 7124 7053
f 7123 7052 7083
f 7045 7046 7006
f 7107 7106 7122
f 7091 7083 7052
f 7091 7051 6020
f 6936 7096 7097
f 7125 6957 6960
f 6774 6021 7050
f 7119 6939 6942
f 7019 7002 7005
f 7011 7053 7124
f 7021 7126 7040
f 7114 7029 7016
f 7053 7011 7049
f 7086 7085 7057
f 6993 7113 7127
f 7075 7127 7113
f 4281 4280 6603
f 6012 6333 7129
f 7130 6083 6584
f 6797 7132 7133
f 6074 7134 7135
f 6789 6760 6173
f 6760 6789 6776
f 7136 6802 6801
f 6914 6671 6674
f 7007 7110 7059
f 7099 7004 7003
f 6984 7103 7104
f 7110 7007 7047
f 6333 6583 6587
f 5956 6699 6667
f 5957 5956 5971
f 7137 6715 6308
f 4292 4293 6718
f 6693 6705 6668
f 6215 6668 6667
f 6214 6667 6699
f 6698 6197 6212
f 6219 6207 6198
f 6207 6219 6220
f 6220 6221 6609
f 6262 6229 4066
f 7138 7139 7140
f 4298 7142 7140
f 7143 7144 7145
f 7147 7148 7144
f 7149 7150 7151
f 7150 7152 7153
f 6329 6261 7154
f 6261 6260 7155
f 7156 6829 7157
f 6598 6597 7159
f 6257 6256 7161
f 6256 4322 4321
f 6693 6694 6706
f 5954 5969 6705
f 5953 5966 5969
f 7163 5984 5983
f 7164 7165 6138
f 7167 7168 7169
f 6141 7171 7172
f 7166 7171 7173
f 6141 6140 7174
f 7176 7177 7178
f 7180 7181 7182
f 7184 7185 7186
f 6631 7180 7183
f 6218 6198 6197
f 6625 6641 7189
f 6814 6813 7190
f 6882 7192 7193
f 7195 7196 6109
f 6888 7197 7198
f 7200 7201 7202
f 7176 6627 6630
f 6029 7184 7187
f 7205 7206 7207
f 7209 7210 7211
f 7203 7202 7213
f 6886 7215 6778
f 6031 6030 7215
f 7216 7217 7218
f 7220 7221 6880
f 6076 6075 7220
f 6074 6077 6672
f 6147 6150 6662
f 7223 6662 6111
f 6810 6809 6113
f 6920 7134 6914
f 6077 6660 6675
f 6660 6077 6076
f 7222 7220 6669
f 7224 7222 6181
f 6660 6662 6150
f 7225 7226 6794
f 6783 6782 7225
f 6781 6780 6068
f 7217 7227 7228
f 6031 6888 7199
f 6887 6886 6723
f 6164 7225 6915
f 6780 6920 6591
f 7134 6074 6671
f 7229 7230 6824
f 7187 7186 7230
f 7226 6887 6722
f 7231 7232 6169
f 7201 7231 7233
f 6107 7234 7235
f 7215 7229 6823
f 6030 7187 7229
f 7236 7216 7219
f 7237 7238 6820
f 7237 7208 7207
f 7239 7240 7241
f 6739 7243 7244
f 7245 7239 7242
f 7233 6169 6168
f 7247 7213 7202
f 7195 6108 7203
f 7248 7249 7250
f 7227 7251 7252
f 7253 6067 5998
f 6067 7253 7198
f 6781 7198 7197
f 5984 7163 6683
f 7254 7250 6678
f 6679 7249 7252
f 6887 7226 7197
f 6782 7197 7226
f 7135 6919 6163
f 7221 7220 6075
f 6661 6076 7222
f 7224 6112 6111
f 6180 6810 6112
f 6179 6811 6810
f 6811 6179 6793
f 6650 6792 6622
f 6766 6621 7044
f 7095 7044 7043
f 7092 7043 7121
f 7078 7120 7255
f 7256 7232 7257
f 6768 6772 7259
f 6773 6767 7094
f 7090 7094 7093
f 7089 7093 7080
f 7071 7079 7032
f 7077 7018 6998
f 6995 7071 7260
f 7077 7076 7261
f 7035 7034 7018
f 7108 7019 7111
f 6978 7105 7262
f 7105 7263 7264
f 7263 6944 6952
f 6990 6992 6951
f 6972 7117 7266
f 7117 6947 6950
f 6948 6969 7267
f 6969 6968 6982
f 7103 6984 6987
f 7005 7004 6986
f 6999 7005 7268
f 7269 7270 7271
f 7274 7272 7275
f 7274 7273 7276
f 7278 7279 7280
f 7282 7283 7284
f 7286 7287 7288
f 7290 7291 7292
f 7294 7295 7296
f 7068 7297 7298
f 7300 7301 7302
f 7304 6962 7305
f 7307 7285 7305
f 7309 7284 7283
f 7311 7312 7313
f 7125 7304 7306
f 7285 7307 7280
f 7277 7281 7303
f 6965 6964 7316
f 7318 7312 7316
f 7320 7321 7271
f 7312 7318 7296
f 7270 7269 7298
f 7311 7270 7322
f 6961 6932 7300
f 7323 7324 7325
f 7327 7064 7328
f 7064 6958 7325
f 7287 7330 7292
f 6931 7068 7299
f 7331 7327 7329
f 7332 7333 7334
f 7336 7337 7338
f 7340 7341 7333
f 7342 7341 7343
f 7345 7346 7347
f 7348 7349 7350
f 7352 7353 7354
f 7356 7357 7358
f 7360 7361 7362
f 7365 7366 7367
f 7368 7369 7370
f 7372 7373 7336
f 7373 7375 7337
f 7367 7366 7376
f 7378 7379 7380
f 7382 7383 7384
f 7386 7387 7385
f 7388 7389 7390
f 7392 7334 7333
f 7394 7395 7396
f 7398 7399 7400
f 7402 7403 7404
f 7406 7407 7408
f 7410 7411 7383
f 7412 7413 7414
f 7385 7416 7417
f 7389 7418 7419
f 7373 7420 7421
f 7420 7373 7372
f 7369 7423 7424
f 7399 7398 7397
f 7393 7333 7341
f 7398 7358 7357
f 7358 7398 7401
f 7428 7429 7430
f 7433 7434 7435
f 7363 7362 7436
f 7383 7438 7439
f 7411 7440 7438
f 7441 7442 7443
f 7445 7446 7339
f 7374 7336 7339
f 7444 7365 7364
f 7448 7364 7450
f 7364 7367 7451
f 7451 7367 7377
f 7449 7450 7454
f 7455 7454 7450
f 7456 7455 7451
f 7410 7457 7458
f 7460 7461 7462
f 7423 7369 7462
f 7464 7465 7466
f 7468 7469 7347
f 7376 7366 7471
f 7425 7397 7396
f 7475 7476 7477
f 7478 7479 7480
f 7482 7483 7407
f 7484 7485 7351
f 7487 7405 7488
f 7490 7491 7492
f 7412 7415 7434
f 7494 7495 7434
f 7496 7388 7391
f 7440 7411 7498
f 7401 7400 7488
f 7485 7346 7345
f 7500 7502 7427
f 7395 7394 7469
f 7503 7504 7505
f 7507 7508 7509
f 7511 7512 7513
f 7511 7514 7515
f 7517 7518 7519
f 7521 7522 7523
f 7352 7524 7525
f 7415 7414 7527
f 7528 7529 7530
f 7404 7531 7502
f 7477 7388 7496
f 7512 7478 7481
f 7405 7404 7500
f 7533 7534 7535
f 7378 7507 7510
f 7532 7496 7379
f 7539 7540 7541
f 7524 7352 7355
f 7351 7485 7501
f 7414 7524 7523
f 7522 7543 7527
f 7544 7413 7412
f 7546 7416 7547
f 7526 7549 7353
f 7550 7521 7355
f 7521 7550 7551
f 7552 7546 7548
f 7546 7552 7553
f 7522 7521 7548
f 7418 7556 7520
f 7416 7546 7554
f 7457 7557 7558
f 7557 7559 7560
f 7562 7561 7563
f 7564 7563 7349
f 7351 7350 7565
f 7567 7568 7569
f 7570 7555 7520
f 7419 7418 7555
f 7572 7564 7348
f 7389 7476 7556
f 7573 7490 7493
f 7552 7535 7534
f 7562 7574 7536
f 7572 7575 7576
f 7422 7577 7578
f 7423 7579 7580
f 7579 7423 7463
f 7578 7574 7576
f 7583 7584 7381
f 7586 7579 7581
f 7533 7580 7579
f 7447 7339 7338
f 7588 7502 7531
f 7590 7428 7431
f 7321 7320 7592
f 7275 7581 7463
f 7461 7278 7276
f 7279 7278 7461
f 7453 7454 7593
f 7594 7593 7454
f 7330 7287 7498
f 7459 7458 7294
f 7558 7560 7595
f 7560 7592 7320
f 7275 7321 7585
f 7462 7276 7273
f 7596 7583 7380
f 7597 7598 7406
f 7467 7466 7599
f 7601 7602 7603
f 7605 7365 7444
f 7365 7605 7606
f 7607 7495 7494
f 7513 7481 7473
f 7396 7395 7514
f 7514 7395 7468
f 7470 7609 7515
f 7610 7611 7609
f 7612 7556 7476
f 7613 7530 7529
f 7442 7441 7615
f 7574 7578 7577
f 7619 7400 7399
f 7518 7479 7509
f 7491 7399 7425
f 7549 7620 7621
f 7491 7490 7622
f 7377 7438 7440
f 7379 7496 7497
f 7453 7461 7460
f 7411 7410 7459
f 7623 7624 7391
f 7625 7611 7610
f 7487 7407 7483
f 7619 7622 7408
f 7627 7628 7620
f 7538 7379 7378
f 7389 7388 7477
f 7629 7545 7412
f 7489 7408 7407
f 7628 7627 7598
f 7413 7525 7524
f 7592 7560 7559
f 7584 7631 7632
f 7569 7568 7633
f 7570 7508 7566
f 7631 7567 7566
f 7508 7570 7519
f 7614 7573 7480
f 7346 7610 7470
f 7572 7574 7562
f 7571 7633 7634
f 7346 7485 7484
f 7607 7591 7431
f 7585 7592 7630
f 7624 7596 7497
f 7635 7386 7384
f 7636 7427 7502
f 7323 7309 7310
f 7420 7578 7582
f 7637 7594 7455
f 7287 7286 7499
f 7458 7558 7295
f 7439 7376 7472
f 7599 7601 7604
f 7359 7358 7427
f 7436 7638 7639
f 7490 7573 7640
f 7481 7480 7493
f 7641 7506 7505
f 7642 7643 7627
f 7492 7425 7473
f 7517 7612 7625
f 7625 7484 7486
f 7634 7623 7390
f 7474 7477 7532
f 7448 7368 7441
f 7368 7448 7449
f 7615 7441 7368
f 7638 7603 7602
f 7575 7572 7501
f 7571 7555 7570
f 7400 7619 7489
f 7508 7507 7632
f 7503 7506 7540
f 6957 7125 7315
f 7376 7439 7438
f 7507 7378 7381
f 7499 7456 7452
f 7286 7637 7456
f 7504 7642 7644
f 7645 7598 7627
f 7647 7634 7633
f 7647 7648 7623
f 7649 7624 7623
f 7650 7596 7624
f 7646 7633 7568
f 7651 7568 7567
f 7653 7652 7567
f 7651 7654 7655
f 7656 7657 7658
f 7660 7658 7657
f 7663 7657 7656
f 7664 7665 7663
f 7667 7666 7663
f 7667 7662 7668
f 7663 7665 7661
f 7670 7671 7672
f 7661 7672 7671
f 7659 7668 7662
f 7648 7647 7668
f 7648 7659 7673
f 7659 7658 7674
f 7658 7660 7675
f 7668 7647 7646
f 7660 7671 7676
f 7675 7677 7678
f 7677 7675 7676
f 7677 7680 7681
f 7682 7683 7678
f 7677 7679 7684
f 7673 7674 7678
f 7683 7650 7649
f 7685 7676 7671
f 7667 7655 7686
f 7666 7686 7687
f 7654 7688 7686
f 7689 7687 7686
f 7664 7687 7691
f 7650 7692 7583
f 7693 7653 7631
f 7584 7583 7692
f 7693 7692 7682
f 7694 7682 7681
f 7694 7696 7653
f 7650 7683 7682
f 7696 7697 7652
f 7654 7651 7652
f 7688 7654 7697
f 7699 7698 7697
f 7700 7701 7698
f 7695 7699 7696
f 7699 7695 7702
f 7689 7688 7698
f 7689 7701 7703
f 7705 7706 7707
f 7701 7700 7705
f 7704 7703 7707
f 7685 7670 7691
f 7687 7689 7704
f 7680 7702 7695
f 7684 7706 7702
f 7702 7706 7705
f 7684 7679 7707
f 7676 7685 7707
f 7665 7669 7672
f 7670 7669 7690
f 7665 7664 7690
f 7611 7475 7474
f 7510 7509 7479
f 7511 7538 7537
f 7516 7532 7538
f 7517 7530 7613
f 7537 7510 7478
f 7611 7625 7612
f 7613 7480 7479
f 7556 7612 7517
f 7516 7515 7609
f 7708 7709 7710
f 7712 7713 7714
f 7713 7716 7717
f 7719 7720 7721
f 7722 7723 7597
f 7724 7712 7715
f 7726 7727 7728
f 7731 7640 7573
f 7730 7573 7614
f 7733 7734 7735
f 7721 7712 7724
f 7731 7722 7409
f 7708 7726 7729
f 7737 7724 7709
f 7716 7741 7736
f 7742 7743 7744
f 7740 7736 7735
f 7717 7716 7740
f 7716 7713 7720
f 7748 7749 7711
f 7750 7748 7710
f 7720 7719 7751
f 7734 7723 7728
f 7709 7724 7725
f 7752 7753 7715
f 7739 7709 7708
f 7720 7713 7712
f 7749 7754 7755
f 7745 7744 7756
f 7746 7727 7742
f 7743 7742 7755
f 7727 7746 7735
f 7747 7756 7757
f 7753 7750 7725
f 7751 7621 7620
f 7757 7752 7714
f 7718 7721 7737
f 7747 7740 7746
f 7727 7726 7755
f 7726 7708 7711
f 7759 7757 7756
f 7759 7760 7752
f 7760 7761 7753
f 7761 7762 7750
f 7758 7756 7744
f 7763 7744 7743
f 7754 7765 7764
f 7763 7766 7767
f 7768 7769 7770
f 7772 7768 7771
f 7775 7768 7772
f 7776 7777 7775
f 7779 7778 7775
f 7775 7777 7769
f 7770 7769 7781
f 7782 7774 7772
f 7760 7759 7782
f 7760 7773 7783
f 7773 7771 7784
f 7770 7785 7784
f 7779 7774 7782
f 7782 7759 7758
f 7785 7770 7780
f 7785 7787 7788
f 7787 7785 7786
f 7787 7790 7791
f 7792 7793 7788
f 7787 7789 7794
f 7793 7783 7784
f 7762 7761 7783
f 7796 7786 7780
f 7795 7780 7781
f 7779 7767 7798
f 7799 7776 7778
f 7766 7800 7798
f 7800 7801 7799
f 7802 7776 7799
f 7795 7797 7802
f 7762 7804 7748
f 7805 7765 7754
f 7749 7748 7804
f 7805 7804 7792
f 7806 7792 7791
f 7806 7808 7765
f 7793 7792 7804
f 7808 7809 7764
f 7766 7763 7764
f 7766 7809 7810
f 7811 7810 7809
f 7812 7813 7810
f 7807 7811 7808
f 7811 7807 7814
f 7813 7801 7800
f 7801 7813 7815
f 7817 7818 7819
f 7813 7812 7817
f 7816 7815 7819
f 7796 7795 7803
f 7799 7801 7816
f 7790 7814 7807
f 7794 7818 7814
f 7814 7818 7817
f 7794 7789 7819
f 7786 7796 7819
f 7777 7797 7781
f 7777 7776 7802
f 7528 7719 7718
f 7729 7728 7723
f 7738 7731 7730
f 7732 7737 7739
f 7733 7620 7628
f 7722 7731 7738
f 7621 7751 7719
f 7628 7597 7723
f 7733 7736 7741
f 7732 7614 7529
f 7486 7565 7621
f 7549 7565 7350
f 7353 7350 7349
f 7354 7349 7563
f 7821 7822 7823
f 7824 7825 7826
f 7825 7828 7829
f 7830 7831 7832
f 7834 7824 7827
f 7836 7837 7838
f 7840 7482 7406
f 7841 7406 7598
f 7843 7844 7845
f 7833 7824 7834
f 7848 7820 7836
f 7847 7834 7821
f 7828 7851 7846
f 7853 7854 7855
f 7850 7846 7845
f 7829 7828 7850
f 7828 7825 7832
f 7858 7859 7823
f 7860 7858 7822
f 7831 7861 7851
f 7844 7862 7838
f 7834 7835 7822
f 7863 7864 7827
f 7849 7821 7820
f 7825 7824 7833
f 7859 7865 7866
f 7855 7854 7867
f 7837 7852 7855
f 7865 7853 7852
f 7837 7856 7845
f 7857 7867 7868
f 7864 7860 7835
f 7843 7861 7642
f 7868 7863 7826
f 7830 7833 7847
f 7857 7850 7856
f 7837 7836 7866
f 7836 7820 7823
f 7870 7868 7867
f 7870 7871 7863
f 7871 7872 7864
f 7872 7873 7860
f 7869 7867 7854
f 7874 7854 7853
f 7876 7875 7853
f 7874 7877 7878
f 7879 7880 7881
f 7883 7879 7882
f 7886 7879 7883
f 7887 7888 7886
f 7890 7889 7886
f 7886 7888 7880
f 7891 7881 7880
f 7884 7893 7885
f 7871 7870 7893
f 7871 7884 7894
f 7884 7882 7895
f 7882 7881 7896
f 7890 7885 7893
f 7893 7870 7869
f 7881 7891 7897
f 7898 7899 7895
f 7900 7898 7896
f 7901 7902 7899
f 7904 7899 7902
f 7898 7900 7905
f 7894 7895 7899
f 7904 7873 7872
f 7907 7897 7891
f 7906 7891 7892
f 7890 7878 7909
f 7910 7887 7889
f 7877 7911 7909
f 7912 7910 7909
f 7887 7910 7914
f 7906 7908 7913
f 7873 7915 7858
f 7916 7876 7865
f 7859 7858 7915
f 7916 7915 7903
f 7917 7903 7902
f 7917 7919 7876
f 7873 7904 7903
f 7919 7920 7875
f 7877 7874 7875
f 7911 7877 7920
f 7922 7921 7920
f 7923 7924 7921
f 7918 7922 7919
f 7922 7918 7925
f 7924 7912 7911
f 7912 7924 7926
f 7928 7929 7930
f 7924 7923 7928
f 7927 7926 7930
f 7907 7906 7914
f 7910 7912 7927
f 7901 7925 7918
f 7905 7929 7925
f 7925 7929 7928
f 7905 7900 7930
f 7897 7907 7930
f 7888 7908 7892
f 7888 7887 7913
f 7645 7643 7831
f 7839 7838 7862
f 7841 7849 7848
f 7842 7847 7849
f 7504 7503 7844
f 7839 7931 7840
f 7643 7642 7861
f 7503 7539 7862
f 7846 7851 7861
f 7842 7598 7645
f 7932 7933 7934
f 7936 7937 7938
f 7937 7940 7941
f 7942 7943 7944
f 7947 7948 7949
f 7950 7936 7939
f 7953 7954 7955
f 7956 7957 7958
f 7956 7959 7540
f 7962 7963 7964
f 7936 7950 7965
f 7946 7949 7958
f 7966 7932 7952
f 7965 7950 7933
f 7968 7940 7969
f 7970 7971 7972
f 7974 7968 7964
f 7941 7940 7968
f 7940 7937 7944
f 7976 7977 7935
f 7978 7976 7934
f 7943 7979 7969
f 7947 7954 7963
f 7933 7950 7951
f 7980 7981 7939
f 7967 7933 7932
f 7937 7936 7945
f 7977 7982 7983
f 7973 7972 7984
f 7953 7970 7973
f 7982 7971 7970
f 7974 7963 7954
f 7975 7984 7985
f 7981 7978 7951
f 7961 7979 7544
f 7985 7980 7938
f 7942 7945 7965
f 7975 7968 7974
f 7952 7983 7970
f 7952 7932 7935
f 7987 7985 7984
f 7987 7988 7980
f 7988 7989 7981
f 7989 7990 7978
f 7986 7984 7972
f 7991 7972 7971
f 7993 7992 7971
f 7986 7991 7994
f 7997 7998 7999
f 8000 7996 7999
f 8003 7996 8000
f 8005 8003 8006
f 8007 8006 8003
f 7996 8003 8005
f 7998 7997 8009
f 8010 8002 8000
f 7988 7987 8010
f 7988 8001 8011
f 8011 8001 7999
f 7998 8013 8012
f 8007 8002 8010
f 8010 7987 7986
f 8013 7998 8008
f 8015 8016 8012
f 8017 8015 8013
f 8018 8019 8016
f 8021 8016 8019
f 8015 8017 8022
f 8011 8012 8016
f 8021 7990 7989
f 8023 8024 8014
f 8023 8008 8009
f 8007 7995 8026
f 8026 8027 8004
f 8028 8026 7995
f 8029 8027 8026
f 8030 8004 8027
f 8023 8025 8030
f 7990 8032 7976
f 8033 7993 7982
f 7976 8032 8033
f 8034 8033 8032
f 8035 8034 8020
f 8034 8036 7993
f 7990 8021 8020
f 8036 8037 7992
f 7991 7992 8037
f 7994 8037 8038
f 8039 8038 8037
f 8040 8041 8038
f 8035 8039 8036
f 8039 8035 8042
f 8041 8029 8028
f 8029 8041 8043
f 8045 8046 8047
f 8041 8040 8045
f 8044 8043 8047
f 8024 8023 8031
f 8027 8029 8044
f 8042 8035 8019
f 8022 8046 8042
f 8042 8046 8045
f 8017 8047 8046
f 8014 8024 8047
f 8005 8025 8009
f 8005 8004 8030
f 7506 7641 7943
f 7954 7947 7946
f 7967 7966 7957
f 7960 7965 7967
f 7948 7947 7962
f 7955 7946 7957
f 7641 7544 7979
f 7969 7979 7961
f 7960 7540 7506
f 7362 8049 8050
f 8052 7618 7464
f 8051 7464 7467
f 8054 8055 7600
f 8056 7361 7618
f 7436 8050 8057
f 8049 7362 7361
f 8057 8058 7603
f 8055 8053 7467
f 8058 8054 7604
f 8059 8060 8058
f 8060 8061 8054
f 8061 8062 8055
f 8062 8063 8053
f 8059 8057 8050
f 8064 8050 8049
f 8056 8066 8065
f 8059 8064 8067
f 8069 8070 8071
f 8073 8069 8072
f 8075 8069 8073
f 8077 8078 8075
f 8075 8079 8070
f 8079 8080 8081
f 8082 8071 8070
f 8083 8076 8073
f 8061 8060 8083
f 8061 8074 8084
f 8074 8072 8085
f 8072 8071 8086
f 8077 8076 8083
f 8083 8060 8059
f 8071 8082 8087
f 8088 8089 8085
f 8090 8088 8086
f 8091 8092 8089
f 8094 8089 8092
f 8088 8090 8095
f 8084 8085 8089
f 8094 8063 8062
f 8097 8087 8082
f 8096 8082 8081
f 8077 8068 8098
f 8099 8100 8078
f 8101 8098 8068
f 8102 8099 8098
f 8100 8099 8104
f 8096 8080 8103
f 8075 8078 8100
f 8079 8100 8103
f 8105 8051 8053
f 8066 8056 8052
f 8051 8105 8106
f 8107 8106 8105
f 8108 8107 8093
f 8107 8109 8066
f 8063 8094 8093
f 8109 8110 8065
f 8064 8065 8110
f 8067 8110 8111
f 8112 8111 8110
f 8113 8114 8111
f 8108 8112 8109
f 8112 8108 8115
f 8114 8102 8101
f 8102 8114 8116
f 8118 8119 8120
f 8114 8113 8118
f 8117 8116 8120
f 8097 8096 8104
f 8099 8102 8117
f 8091 8115 8108
f 8095 8119 8115
f 8115 8119 8118
f 8095 8090 8120
f 8087 8097 8120
f 7550 7563 7561
f 7552 7551 7561
f 7931 7862 7539
f 7640 7409 7408
f 7549 7526 7644
f 7525 7413 7544
f 7931 7542 7482
f 7483 7482 7542
f 7626 7402 7405
f 7629 7433 7432
f 7629 8121 7949
f 8122 7958 7949
f 8123 8122 8121
f 8124 8123 7432
f 7434 7495 8125
f 8125 7430 8124
f 8124 7430 7429
f 8123 8124 8126
f 8122 8123 8127
f 7541 7540 7959
f 7404 7403 8129
f 8125 7495 7431
f 7526 7525 7505
f 7626 7483 7541
f 7959 7958 8122
f 7961 7545 8048
f 7629 7948 8048
f 8127 7402 7626
f 7402 8127 8126
f 8129 7403 8126
f 7428 7531 8129
f 7589 7531 7428
f 7334 7392 7426
f 7335 7334 7357
f 7616 7615 7446
f 7392 7397 7398
f 7393 7394 7397
f 7342 7469 7394
f 7344 7347 7469
f 7343 7618 7361
f 7360 7345 7344
f 7363 7575 7345
f 7437 7576 7575
f 7582 7576 7437
f 7421 7582 7639
f 7375 7421 7602
f 7599 7337 7375
f 7465 7464 7618
f 7332 7447 7587
f 7447 7332 7335
f 7445 7335 7356
f 7359 7442 7616
f 7636 7443 7442
f 7588 7605 7443
f 7589 7606 7605
f 7590 7471 7606
f 7471 7590 7591
f 7446 7615 7371
f 7371 7370 7372
f 7422 7372 7370
f 7577 7422 7424
f 7536 7577 7580
f 7591 7607 7635
f 7607 7608 7386
f 7543 7608 7494
f 7547 7387 7543
f 7608 7543 7387
f 7387 7547 7416
f 7457 7410 7382
f 7557 7457 7417
f 7559 7557 7554
f 7630 7559 7553
f 7534 7533 7586
f 7466 7338 7337
f 7465 7587 7338
f 7617 7340 7587
f 7341 7340 7617
f 8130 6091 6090
f 6023 6022 8132
f 6182 6023 8133
f 6623 6622 6792
f 6787 6696 6182
f 8134 6700 6696
f 6917 6757 6756
f 6762 6761 7112
f 6762 6765 6184
f 6765 6623 6185
f 6650 6769 6768
f 6772 6771 6916
f 6777 6776 6789
f 6022 6777 6788
f 6756 6700 8134
f 6758 6757 6771
f 6761 6776 6775
f 6769 6622 6621
f 6772 6768 6767
f 6174 6173 6760
f 6187 6186 6178
f 6811 6649 6648
f 6786 6785 6724
f 6791 6790 6918
f 6186 6793 6179
f 6808 6807 8133
f 6884 6883 8135
f 6174 6187 6670
f 6807 6785 6784
f 6791 6808 8132
f 6786 6884 8134
f 6790 6173 6172
f 6649 6793 6792
f 6316 6315 8136
f 8137 6655 6654
f 8139 8140 6601
f 6656 6655 6580
f 6868 8141 8142
f 6316 6712 6711
f 6864 8143 8144
f 6864 6863 8145
f 6868 6867 6869
f 6656 6867 6866
f 8146 8147 8148
f 8139 8150 8151
f 8152 8153 6866
f 8154 8155 8138
f 6874 6873 8156
f 8158 6318 8159
f 8160 8152 6865
f 8161 6317 6313
f 6161 6600 8162
f 8164 8154 6654
f 8153 8164 6653
f 8165 8166 8167
f 8166 5989 8169
f 5989 5988 8170
f 5988 6017 8171
f 8172 8173 6043
f 8174 8175 6032
f 8174 6035 6098
f 8176 6098 6796
f 8177 6796 8178
f 7132 8178 6728
f 6589 6588 8180
f 8180 6588 6004
f 8181 6004 6007
f 6334 6079 6731
f 6079 6078 6645
f 6078 6085 6646
f 6085 8183 8184
f 6091 8130 8185
f 6086 6730 8183
f 6950 6949 7118
f 6952 6951 6992
f 6983 6982 6968
f 6987 6986 7004
f 7001 7000 6979
f 7001 7262 7074
f 7262 7264 7075
f 7264 6952 7127
f 7265 6951 6943
f 7265 7266 6991
f 7266 6950 7070
f 6949 7267 7119
f 7267 6982 6939
f 6983 6987 7099
f 7268 6986 6985
f 7000 7268 8186
f 6938 6937 6985
f 6946 6945 6922
f 6956 6955 6948
f 6971 6970 6928
f 6970 6955 6954
f 6973 6946 6921
f 6977 6976 7263
f 6981 6980 7061
f 6973 7067 7117
f 7097 6980 6979
f 7104 6971 6927
f 6977 6981 7060
f 6976 6945 6944
f 6956 7067 7066
f 6937 7097 8186
f 6938 7104 7101
f 6924 6923 7116
f 6926 6924 7297
f 6930 6929 6962
f 6934 6933 6953
f 6960 6959 6936
f 6963 6929 6928
f 6967 6966 6975
f 7063 7062 7327
f 6959 7065 7096
f 6926 6934 7066
f 7102 6930 7304
f 6967 7063 7331
f 6966 6923 6922
f 7062 7065 7064
f 6963 6933 6932
f 7102 6960 6935
f 7299 7298 7269
f 7301 7300 6932
f 7306 7305 7285
f 7308 7305 6962
f 7315 7306 7284
f 7317 7316 7312
f 7319 7316 6964
f 7322 7298 7297
f 7317 7322 7116
f 7308 7300 7303
f 7326 7325 6958
f 7329 7328 7291
f 7328 7325 7324
f 7301 7299 8187
f 7319 7329 7290
f 7326 7315 7309
f 7272 7271 7321
f 7272 7274 8187
f 7274 7277 7302
f 7281 7280 7307
f 7283 7282 7593
f 7289 7288 7324
f 7293 7292 7330
f 7293 7296 7318
f 7310 7283 7594
f 7314 7313 7595
f 7282 7280 7279
f 7278 7281 7277
f 7314 7271 7270
f 7313 7296 7295
f 7288 7292 7291
f 7289 7310 7637
f 6003 6002 6626
f 6003 6138 7165
f 6690 8188 8189
f 6686 6685 5981
f 6685 6687 6096
f 6687 6688 6806
f 6002 6686 5980
f 6606 8188 5351
f 7164 7173 8190
f 8192 7175 7174
f 6015 6014 8153
f 6189 6188 8155
f 8157 8156 6284
f 6332 6015 8152
f 6593 6592 6317
f 6658 6189 8154
f 6014 6658 8164
f 6332 8194 7131
f 6805 8159 6321
f 6146 8163 8162
f 6607 7128 8195
f 8196 6126 6125
f 8198 7169 7168
f 8199 7168 6633
f 7177 6632 8201
f 8202 8203 8204
f 7208 7186 7185
f 7237 7230 7186
f 6819 6824 7230
f 6818 6821 6824
f 8206 6883 6821
f 8207 6917 8135
f 6917 8207 8209
f 8209 8210 7259
f 8210 8211 6647
f 6812 6648 8212
f 6809 6812 7258
f 6809 7257 8213
f 6113 8213 8214
f 7235 7223 6110
f 7223 7235 7234
f 6147 7234 8215
f 6148 8215 8216
f 8218 6155 6158
f 8219 6285 6116
f 6284 6188 6116
f 6188 6284 8156
f 8155 8156 6873
f 8138 6873 6872
f 8137 6872 8148
f 6193 8147 6281
f 6190 6281 6278
f 8220 8221 8222
f 8224 8225 7139
f 6223 6222 8226
f 6237 6236 8228
f 6238 6223 8227
f 6249 6248 8231
f 6253 6252 8233
f 6236 6279 8221
f 6331 6238 8230
f 6252 6595 8236
f 6222 6237 8229
f 6828 6827 8237
f 6280 8239 8240
f 8208 8135 6883
f 6648 6647 8211
f 6143 6624 8242
f 6624 7189 8244
f 8245 8246 8247
f 8249 8250 8251
f 7195 8253 8254
f 7214 8255 8253
f 8256 8255 7214
f 7243 7211 8257
f 7210 8258 8257
f 8259 7181 6102
f 8261 6122 6121
f 8178 7132 8263
f 7132 6797 8264
f 6797 6135 8265
f 6135 6134 8266
f 6134 6151 8267
f 6151 6154 8268
f 6154 8269 8270
f 8269 8271 8272
f 7194 7193 8273
f 7193 8250 8275
f 8249 8259 8260
f 8248 8277 8278
f 6129 6128 8279
f 7169 8198 8197
f 8198 8190 8192
f 7171 6141 7175
f 6589 6801 7129
f 6801 6037 6040
f 6037 6036 6041
f 6036 6131 6659
f 6131 6156 6118
f 6156 6155 6119
f 8218 8219 6119
f 8219 8218 6815
f 7191 7189 6641
f 8246 8244 7189
f 8245 8278 8281
f 8280 8279 6288
f 6125 6124 7170
f 6288 6127 6602
f 6126 8196 6604
f 8196 8193 6605
f 7174 6140 6691
f 6691 6140 6139
f 7171 7166 8283
f 7172 8283 8284
f 6139 6142 8284
f 8285 8286 8287
f 8211 8210 8289
f 8290 8291 8292
f 8293 8294 8291
f 8293 8207 8208
f 8296 8297 8298
f 6818 6817 8296
f 8285 7256 7258
f 7243 8299 7212
f 7243 6739 8300
f 8301 8300 6739
f 8302 8256 7213
f 8303 8302 7247
f 8304 8303 6168
f 6738 8298 8297
f 8288 8287 6167
f 8304 8292 8291
f 8305 8291 8294
f 6737 6736 8306
f 6736 7244 8307
f 8243 8242 8308
f 8242 8244 8282
f 8247 8246 7191
f 7196 8254 8251
f 8253 8310 8311
f 8255 8312 8310
f 8313 8312 8255
f 7244 8257 8313
f 8313 8257 8258
f 8312 8258 8314
f 8315 8311 8310
f 8311 8315 8316
f 8282 8281 8317
f 8308 8317 8261
f 8309 8261 8262
f 8248 8247 8275
f 8282 8244 8246
f 8307 8313 8256
f 8306 8307 8302
f 8305 8306 8303
f 8298 6738 6737
f 8287 8292 8304
f 7253 8319 7199
f 8319 8320 6028
f 8320 8321 6029
f 8321 8322 7184
f 8322 8203 7185
f 8203 8202 7205
f 8202 7240 7206
f 7239 7245 7210
f 7251 7227 8319
f 7227 7217 8320
f 7217 7216 8321
f 7216 7236 8322
f 7236 8204 8203
f 6175 8199 8200
f 7165 7164 8191
f 6137 8283 7166
f 6200 6199 8283
f 6199 6206 8284
f 8284 6206 6205
f 6205 6608 6689
f 6689 6608 5485
f 7009 7008 8323
f 7013 7012 7021
f 7017 7016 7029
f 7013 7059 7110
f 7073 7072 7084
f 7081 7080 7093
f 7082 7017 7028
f 7088 7072 6995
f 7088 7115 7057
f 7122 7121 7043
f 7124 7123 7024
f 7082 7025 7024
f 7009 7122 7042
f 7012 7124 7126
f 7115 7016 7015
f 7008 7059 7058
f 7081 7121 7120
f 7073 7080 7079
f 6997 6996 7076
f 7023 7022 6942
f 7027 7026 7069
f 7031 7030 6989
f 7079 7078 7033
f 7037 7036 7107
f 7027 7040 7126
f 7041 7030 7029
f 7026 7031 6988
f 7100 7023 6941
f 7108 7036 7002
f 7100 7037 8323
f 6997 7041 7114
f 7022 7040 7039
f 7111 7034 7033
f 7035 7261 7260
f 7261 7076 6996
f 7108 7255 7120
f 7245 8314 8258
f 7246 8315 8314
f 7181 8259 8316
f 8277 6101 6129
f 8278 6129 8280
f 6287 8317 8281
f 6122 8261 8317
f 5487 6145 6144
f 5489 6159 6162
f 6637 8324 8325
f 8326 8325 8225
f 5494 7139 8225
f 6160 6159 8150
f 5496 8324 8151
f 8163 8327 6162
f 6146 6145 8327
f 8243 8328 6144
f 8328 8243 8309
f 8318 8262 5501
f 8262 6121 5502
f 8329 8330 8331
f 8333 8334 8335
f 8338 8182 6007
f 8329 8334 8339
f 8341 6334 6734
f 6006 8342 8337
f 8342 6006 6804
f 6065 6064 8339
f 5995 5994 8341
f 6918 6172 6166
f 7221 6163 6166
f 6172 6171 6880
f 8344 5952 5955
f 5519 5976 5975
f 6806 8345 8346
f 6646 8184 8347
f 8165 8348 8349
f 6322 8350 8131
f 8345 6806 6688
f 6695 8346 5975
f 5976 5519 5528
f 5529 8130 8131
f 6643 8347 8352
f 8183 5533 5532
f 5534 8185 8130
f 6730 5535 5533
f 8351 6688 6093
f 5535 6730 6594
f 8353 8354 6652
f 8354 8353 8355
f 8357 8358 6825
f 8359 8357 6202
f 6224 8354 8356
f 6275 8361 8362
f 6201 6210 7143
f 7146 8363 8359
f 8357 8359 8363
f 8355 8365 8366
f 8361 8360 8368
f 8356 8355 8367
f 8370 8371 8372
f 8220 8373 7145
f 6275 6274 6228
f 5558 4067 6228
f 8375 8369 8367
f 8362 8368 8376
f 8378 8379 8380
f 8363 7146 8382
f 8384 8378 8381
f 8382 8373 8386
f 8383 8387 8364
f 6226 6225 6231
f 6231 6225 8361
f 6636 8388 8389
f 6635 8390 8388
f 8390 6635 5576
f 8379 8378 6232
f 8378 8384 6233
f 8384 8391 8371
f 8372 8392 8393
f 7138 8240 8239
f 8224 8239 8394
f 8146 6638 8394
f 6638 6637 8326
f 6340 6339 6299
f 6747 6338 6577
f 6344 6343 6346
f 6342 6341 6355
f 6353 6352 6349
f 6337 6351 6369
f 6360 6359 6328
f 6358 6357 6386
f 6364 6363 6293
f 6362 6361 6376
f 6366 6353 6297
f 6350 6365 6372
f 6533 6342 6303
f 6534 6536 6346
f 6744 6746 6533
f 6536 6534 6747
f 6357 6835 6894
f 6341 6834 6832
f 6839 6838 6292
f 6837 6836 6380
f 6838 6841 6354
f 6361 6840 6377
f 6363 6366 6296
f 6365 6362 6373
f 6359 6839 6291
f 6836 6358 6385
f 6481 6480 6902
f 6484 6483 6501
f 6477 6488 6487
f 6849 6467 6492
f 6494 6492 6467
f 6547 6481 6544
f 6750 6751 6546
f 6494 6466 6751
f 6843 6484 6500
f 6845 6573 6575
f 6489 6488 6847
f 6474 6487 6491
f 6483 6905 6906
f 6493 6463 6465
f 6471 6470 6544
f 6472 6482 6485
f 6476 6475 6461
f 6470 6451 6542
f 6570 6567 6569
f 6495 6567 6463
f 6475 6465 6462
f 6572 6848 6477
f 6574 6571 6457
f 6569 6568 6543
f 6575 6574 6473
f 6471 6904 6901
f 6469 6468 6508
f 6498 6497 6479
f 6503 6502 6518
f 6489 6506 6505
f 6467 6849 6509
f 6546 6548 6498
f 6549 6548 6752
f 6752 6751 6466
f 6503 6850 6846
f 6850 6851 6844
f 6507 6506 6852
f 6486 6505 6509
f 6502 6907 6909
f 6858 6893 6664
f 8396 8397 6611
f 6833 8398 6324
f 8399 6826 6825
f 6831 6830 8401
f 6707 6833 6826
f 8398 8403 6890
f 6858 6857 8404
f 8405 8396 6610
f 6830 6893 6553
f 8397 6892 6911
f 8400 6825 8358
f 8358 8357 8364
f 8406 8364 8387
f 8389 8408 8380
f 8389 8388 8409
f 8388 8390 8410
f 5575 5597 8410
f 6665 6273 8411
f 8412 8413 6720
f 8413 5602 5601
f 8411 8414 8413
f 6262 6742 6290
f 5602 8413 8414
f 7141 7140 7142
f 8393 8222 8241
f 8227 8226 7147
f 8229 8228 8374
f 8230 8227 7151
f 8232 8231 8415
f 8234 8233 8417
f 8221 8220 8374
f 8235 8230 7153
f 8233 8236 8420
f 8226 8229 7148
f 8238 8237 8421
f 7141 8393 8240
f 6581 6580 6655
f 6640 6639 8140
f 6710 6709 8141
f 6717 6716 6712
f 6860 6859 8143
f 6870 6869 6867
f 6717 8136 6726
f 6870 6580 6192
f 6860 8145 6050
f 6710 6869 6025
f 6639 8149 6871
f 6640 8151 8324
f 6581 8148 8147
f 5615 5614 6234
f 7144 7148 8374
f 7144 7143 6210
f 7150 7149 6210
f 7152 7150 6209
f 7152 7154 8419
f 7154 7155 8421
f 7158 7157 8415
f 7160 7159 8420
f 7162 7161 8418
f 7161 4321 5616
f 8370 6234 6233
f 8373 8382 7146
f 8392 8391 8386
f 8391 8392 8372
f 5617 8344 6713
f 5973 5618 3355
f 8345 5620 5619
f 3880 6735 6910
f 8351 5622 5620
f 8346 5619 5520
f 5621 6910 6911
f 5622 8351 8185
f 8150 5624 5497
f 8423 8424 8425
f 8427 6516 6519
f 8429 8430 8431
f 6523 8432 8433
f 8434 8435 8436
f 8438 8435 8434
f 8438 8440 6511
f 8441 8442 8424
f 8427 8443 8430
f 8444 8428 8445
f 8447 8425 8424
f 8449 8443 8444
f 8451 8431 8430
f 8453 8437 8454
f 8456 8434 8437
f 8439 8434 8456
f 8448 8424 8442
f 8452 8430 8443
f 8425 8447 8459
f 8460 8461 8462
f 8464 8465 8466
f 8468 8469 8470
f 8472 8473 8474
f 8476 8477 8478
f 8480 8481 8482
f 8484 8485 8486
f 8485 8488 8489
f 8490 8491 8481
f 8492 8493 8494
f 8495 8494 8496
f 8498 8499 8500
f 8502 8501 8500
f 8504 8505 8506
f 8508 8509 8510
f 8513 8508 8511
f 8507 8506 8514
f 8516 8517 8518
f 8520 8517 8516
f 8522 8523 8524
f 8526 8527 8522
f 8528 8529 8530
f 8532 8530 8529
f 8534 8535 8536
f 8538 8539 8534
f 8464 8482 8481
f 8483 8540 8541
f 8542 8485 8484
f 8487 8543 8540
f 8488 8485 8542
f 8545 8546 8486
f 8481 8491 8466
f 8547 8545 8489
f 8548 8494 8493
f 8549 8550 8502
f 8551 8496 8494
f 8497 8541 8552
f 8469 8500 8499
f 8547 8541 8497
f 8469 8468 8503
f 8501 8502 8550
f 8460 8504 8507
f 8552 8553 8506
f 8554 8511 8510
f 8549 8552 8505
f 8554 8555 8512
f 8513 8556 8550
f 8461 8507 8515
f 8557 8556 8513
f 8558 8516 8519
f 8559 8560 8527
f 8521 8516 8558
f 8553 8562 8517
f 8477 8525 8524
f 8520 8523 8557
f 8476 8526 8525
f 8527 8560 8556
f 8563 8529 8528
f 8564 8539 8531
f 8533 8529 8563
f 8562 8567 8530
f 8473 8537 8536
f 8559 8562 8532
f 8472 8538 8537
f 8560 8534 8539
f 8463 8462 8555
f 8544 8542 8467
f 8470 8551 8548
f 8475 8474 8566
f 8479 8478 8561
f 8484 8487 8483
f 8490 8489 8488
f 8503 8493 8492
f 8498 8497 8496
f 8504 8510 8509
f 8515 8514 8513
f 8519 8518 8527
f 8521 8524 8523
f 8528 8531 8539
f 8533 8536 8535
f 8467 8484 8482
f 8487 8486 8546
f 8544 8466 8491
f 8480 8541 8547
f 8493 8503 8468
f 8495 8552 8549
f 8551 8470 8499
f 8501 8545 8547
f 8460 8463 8510
f 8508 8550 8549
f 8555 8462 8515
f 8506 8553 8557
f 8519 8526 8476
f 8517 8562 8559
f 8561 8478 8524
f 8522 8556 8557
f 8475 8528 8538
f 8567 8565 8531
f 8566 8474 8536
f 8560 8559 8535
f 8442 8441 8568
f 6512 8570 8568
f 8570 8440 8571
f 8426 6515 6514
f 8428 8444 8443
f 6522 8429 8432
f 8437 8436 8433
f 6524 8436 8435
f 6528 6527 8435
f 8423 6514 6550
f 8429 6522 6516
f 6515 8426 8445
f 8441 6550 6754
f 8570 8572 8569
f 8440 8570 6512
f 8569 8573 8458
f 8574 8575 8572
f 8572 8575 8573
f 8453 8576 8577
f 8576 8453 8455
f 8452 8579 8580
f 8573 8581 8582
f 8575 8583 8581
f 8584 8583 8575
f 8571 8439 8457
f 8439 8571 8440
f 8585 8586 8587
f 8587 8589 8590
f 8589 8591 8592
f 8591 8593 8594
f 8593 8595 8596
f 8595 8597 8598
f 8599 8600 8586
f 8601 8602 8600
f 8603 8604 8602
f 8605 8606 8598
f 8607 8608 8604
f 8609 8610 8608
f 8611 8612 8610
f 8606 8605 8612
f 8613 8614 8589
f 8614 8615 8591
f 8615 8616 8593
f 8616 8617 8595
f 8617 8618 8597
f 8619 8620 8617
f 8620 8621 8618
f 8620 8622 8623
f 8624 8625 8626
f 8626 8623 8622
f 8620 8619 8628
f 8622 8628 8629
f 8627 8629 8630
f 8632 8633 8634
f 8636 8634 8633
f 8637 8638 8636
f 8639 8633 8632
f 8633 8639 8641
f 8635 8641 8642
f 8642 8643 8644
f 8645 8638 8637
f 8586 8646 8613
f 8600 8647 8646
f 8616 8615 8648
f 8615 8614 8649
f 8613 8650 8649
f 8651 8650 8613
f 8647 8652 8651
f 8652 8653 8654
f 8602 8655 8647
f 8655 8656 8652
f 8656 8657 8653
f 8653 8658 8659
f 8658 8660 8661
f 8644 8662 8663
f 8664 8661 8662
f 8661 8664 8666
f 8666 8667 8654
f 8667 8650 8651
f 8668 8605 8597
f 8669 8668 8618
f 8670 8669 8621
f 8671 8670 8623
f 8671 8626 8625
f 8625 8631 8673
f 8636 8674 8675
f 8638 8676 8674
f 8645 8677 8676
f 8645 8663 8678
f 8679 8680 8660
f 8657 8679 8658
f 8583 8584 8648
f 8650 8581 8583
f 8667 8582 8581
f 8666 8681 8582
f 8664 8682 8681
f 8682 8664 8665
f 8684 8685 8643
f 8684 8642 8641
f 8639 8580 8579
f 8580 8639 8640
f 8629 8577 8576
f 8604 8686 8655
f 8608 8687 8686
f 8610 8688 8687
f 8612 8689 8688
f 8605 8668 8689
f 8690 8689 8668
f 8691 8688 8689
f 8692 8687 8688
f 8693 8686 8687
f 8656 8655 8686
f 8694 8690 8669
f 8695 8691 8690
f 8696 8692 8691
f 8697 8693 8692
f 8657 8656 8693
f 8697 8698 8679
f 8696 8699 8698
f 8696 8695 8700
f 8694 8701 8700
f 8670 8671 8701
f 8702 8701 8671
f 8701 8702 8703
f 8703 8704 8699
f 8699 8704 8705
f 8698 8705 8680
f 8672 8673 8706
f 8675 8674 8707
f 8674 8676 8709
f 8709 8676 8677
f 8677 8678 8711
f 8712 8713 8710
f 8702 8706 8714
f 8713 8712 8714
f 8707 8709 8716
f 8717 8716 8713
f 8710 8713 8716
f 8708 8707 8717
f 8546 8601 8599
f 8546 8545 8603
f 8550 8607 8603
f 8556 8609 8607
f 8560 8611 8609
f 8564 8606 8611
f 8565 8598 8606
f 8565 8567 8596
f 8567 8562 8594
f 8562 8553 8592
f 8553 8552 8590
f 8590 8552 8541
f 8540 8585 8588
f 8543 8599 8585
f 8684 8449 8450
f 8579 8452 8449
f 8682 8447 8448
f 8447 8682 8683
f 8681 8448 8458
f 8584 8718 8619
f 8628 8718 8577
f 8457 8456 8577
f 8574 8457 8718
f 7134 6920 6919
f 6164 6163 6919
f 5485 6608 6609
f 3832 5351 8188
f 5921 6609 6221
f 5922 4281 7128
f 6439 8719 8720
f 8720 8719 6570
f 6570 8719 8721
f 6439 6447 8721
f 6727 6058 6057
f 6312 6057 6073
f 6828 6248 6073
f 6877 6268 6267
f 6745 6267 6299
f 6891 6306 6305
f 6338 6747 6746
f 6438 6411 6410
f 6412 6411 6440
f 6564 6421 6424
f 6842 6578 6577
f 6889 6305 6829
f 6579 6578 6564
f 6435 6410 6565
f 8722 6857 6306
f 8723 6859 6058
f 6269 6268 6878
f 7160 7157 6829
f 8724 8144 8143
f 8238 8231 6248
f 6339 6746 6744
f 8395 6577 6338
f 6879 6878 8404
f 8422 8415 8231
f 8725 8143 6859
f 8416 8415 7157
f 6059 6050 6049
f 6330 6099 6049
f 7156 6260 6259
f 6269 6265 6264
f 6297 6349 6264
f 6340 6352 6351
f 6368 6842 8395
f 6422 6414 6559
f 6436 6403 6404
f 6447 6439 6438
f 6424 6423 6436
f 6331 6827 6099
f 6422 6421 6842
f 8722 8403 6856
f 8141 6863 6862
f 6265 6855 6617
f 6324 6890 6259
f 7158 7155 6260
f 6709 8145 6863
f 8235 8237 6827
f 6298 6349 6352
f 6370 6369 6351
f 6891 6890 8403
f 8419 8421 8237
f 6051 6050 8145
f 8422 8421 7155
f 8721 6447 6446
f 6748 6440 8720
f 8727 6008 6011
f 8158 6009 8144
f 6009 6008 6861
f 6008 8727 6862
f 8142 6862 8727
f 6554 6553 6893
f 6833 6707 6708
f 6708 6856 8403
f 5623 6911 6892
f 8406 8366 8365
f 8407 8375 8366
f 8377 8376 8408
f 8397 8396 6530
f 6651 8399 8400
f 8402 8401 6616
f 6618 6707 8399
f 6554 8404 6878
f 8396 8405 6854
f 8401 6553 6552
f 6892 8397 6529
f 8353 8400 8365
f 8377 8409 6276
f 8409 8410 6277
f 8410 5597 5932
f 8726 8404 6857
f 8726 6856 6855
f 7234 6107 6106
f 8279 6124 6127
f 8354 6224 6227
f 6246 6245 6619
f 8239 6280 6282
f 8162 6283 6286
f 6292 6354 6246
f 6382 6378 6377
f 6392 6397 6396
f 6396 6395 6427
f 6398 6397 6443
f 6459 6443 6458
f 6525 6520 6523
f 6558 6272 6271
f 6429 6428 6560
f 6460 6458 6572
f 6272 6558 3736
f 7128 6603 6602
f 6227 6245 6244
f 7180 6631 6634
f 6642 6286 6285
f 6356 6741 6740
f 6816 6815 8218
f 6820 8300 8301
f 6355 6832 6741
f 6344 6835 6834
f 6364 6841 6840
f 6375 6378 6560
f 6848 6847 6488
f 6853 6852 6506
f 6530 6854 6740
f 8140 6871 6874
f 6555 6271 6831
f 8215 6106 6881
f 6348 6895 6894
f 6383 6895 6896
f 6433 6897 6896
f 6432 6897 6898
f 6406 6899 6898
f 6900 6455 6387
f 6900 6449 6448
f 6472 6904 6903
f 6480 6905 6903
f 6497 6907 6906
f 6908 6519 6518
f 4280 5933 6120
f 6100 7167 7170
f 6632 6631 7188
f 7235 8214 7201
f 7206 7209 7212
f 8213 7257 7232
f 8214 8213 7231
f 6108 6107 7200
f 7238 8299 8300
f 7207 7212 8299
f 8205 7241 7240
f 6170 6169 7232
f 6638 8146 8149
f 6601 6874 8157
f 6600 8157 6283
f 8392 8223 8222
f 6278 6280 8241
f 6816 8272 8274
f 6642 6815 6814
f 6128 7170 6124
f 8195 6602 6127
f 8212 8211 8286
f 8292 8287 8286
f 8290 8289 8210
f 8207 8293 8290
f 8294 8293 8295
f 8206 8296 8295
f 6817 8301 8297
f 8288 6170 7256
f 7209 7206 7240
f 6225 6224 8360
f 8369 8368 8360
f 8375 8376 8368
f 8381 8380 8387
f 8385 8381 8383
f 8385 8386 8391
f 8147 8146 6282
f 6345 6894 6835
f 6327 6832 6834
f 6295 6354 6841
f 6379 6377 6840
f 6853 6847 6845
f 6479 6906 6905
f 6848 6572 6571
f 6452 6901 6904
f 6525 6852 6851
f 6496 6909 6907
f 8402 8405 6876
f 8408 8407 8387
f 6279 8241 8222
f 6872 6871 8149
f 8223 8386 8373
f 6526 8433 8436
f 8446 8445 8426
f 8455 8454 8431
f 8446 8459 8450
f 8454 8433 8432
f 6908 8445 8428
f 8578 8455 8451
f 8632 8631 8625
f 8640 8632 8624
f 8660 8663 8662
f 8662 8644 8643
f 8675 8673 8631
f 8680 8678 8663
f 8683 8665 8643
f 8578 8640 8630
f 8673 8675 8708
f 8678 8680 8705
f 8711 8705 8704
f 8706 8708 8715
f 8703 8714 8712
f 8459 8683 8685
f 8407 8408 8376
f 6615 6854 8405
f 5993 6080 6335
f 6060 6682 6018
f 5993 6047 6081
f 6105 6104 6176
f 6177 6104 6000
f 6309 6311 6310
f 8725 6315 6314
f 8724 6314 6318
f 6321 6320 6053
f 6249 6595 6310
f 6596 6254 6257
f 8188 6606 6605
f 5986 6683 6682
f 6714 6726 6311
f 6047 6320 6086
f 6875 6596 6304
f 6001 6105 6912
f 7162 7159 6597
f 7254 7163 6912
f 6684 6683 7163
f 8723 8136 6315
f 6592 8159 6318
f 8332 8331 8171
f 6607 6606 5350
f 8191 8190 8198
f 8197 8192 8193
f 8159 6592 6319
f 8232 8236 6595
f 8192 8190 7173
f 8189 6605 8193
f 6177 8191 8199
f 6733 8331 8330
f 8340 8341 8330
f 8341 5994 6335
f 8412 6721 6875
f 8414 8411 6273
f 8416 8420 8236
f 6727 6726 8136
f 8417 8420 7159
f 6277 5932 5558
f 5935 5576 6635
f 5991 5990 6061
f 6019 6018 6682
f 5999 6034 6033
f 6045 6044 6677
f 6055 6054 6083
f 5995 6064 6063
f 6084 6054 6053
f 6088 5990 5989
f 6063 6084 6046
f 6066 6097 6034
f 6103 6102 7181
f 6673 6676 6133
f 6149 6148 6153
f 6323 6088 8166
f 6585 6584 6083
f 6630 6629 6702
f 6634 6633 7168
f 6676 6149 6152
f 6703 6629 6628
f 6796 6729 6728
f 6069 6729 6097
f 6132 6798 6674
f 6803 6799 6800
f 6011 6010 6055
f 6799 6803 6582
f 7194 8271 6881
f 7131 6584 6583
f 6798 7133 6913
f 7179 7178 8204
f 7183 7182 7246
f 7188 7183 7242
f 6109 7196 7192
f 7204 6630 6176
f 7219 7218 6628
f 7218 7228 7248
f 7179 7219 6627
f 7250 7254 6704
f 7228 7252 7249
f 6678 7250 7249
f 5997 7252 7251
f 8168 8167 6644
f 8167 8169 6732
f 8169 8170 6733
f 8170 8171 8331
f 8336 8335 8173
f 8182 8338 8175
f 8182 8174 8176
f 8181 8176 8177
f 8180 8177 8179
f 7133 6728 6590
f 7130 7131 8194
f 8200 6633 6632
f 7178 8201 8205
f 8269 6154 6153
f 8254 8311 8252
f 8260 6102 6101
f 8179 8263 6802
f 8263 8264 6038
f 8264 8265 6039
f 8265 8266 6130
f 8266 8267 6157
f 8267 8268 6158
f 8268 8270 8217
f 8270 8272 6816
f 6813 8274 8273
f 8273 8275 8247
f 8276 8260 8277
f 7192 8251 8250
f 8252 8316 8259
f 8276 8275 8250
f 7204 8200 7177
f 7182 8316 8315
f 8343 8339 8334
f 8333 8337 8342
f 8343 8342 6800
f 8340 8339 6064
f 6323 8349 8350
f 8168 8352 8348
f 8349 5937 5936
f 8352 5939 5938
f 6103 6634 7167
f 8271 8269 8216
f 8201 7188 7241
f 8274 8272 8271
f 5991 6018 6017
f 8728 8171 6017
f 5997 5996 6680
f 5996 6033 6045
f 6033 6032 6042
f 6042 6032 8175
f 8172 8175 8338
f 8336 8338 8337
f 6684 6678 6677
f 6681 6677 6044
f 6019 6044 6043
f 6016 6043 8173
f 8728 8173 8335
f 8332 8335 8334
f 8194 6332 8160
f 6805 6010 6009
f 5940 5941 7137
f 8324 5496 5942
f 8325 5942 5495
f 6253 5943 4292
f 7137 5941 5944
f 8348 5938 5937
f 8350 5936 5530
f 5624 8150 6159
f 6718 4293 5940
f 8327 5945 5490
f 8347 5946 5939
f 5933 5502 6121
f 8184 5532 5946
f 7142 4298 5615
f 6145 5487 5945
f 8234 5947 5943
f 8328 5948 5488
f 8318 5500 5948
f 7139 5494 4299
f 8418 5616 5947
f 5604 8414 6599
f 5949 3853 6712
f 5944 5949 6716
f 6720 5601 5950
f 6255 5950 4322
f 5614 5935 6235
f 6711 3852 5951
f 8161 5951 3857
f 5973 5964 2965
f 2965 5964 5963
f 222 5963 5960
f 223 5960 5958
f 5958 5957 3185
f 5957 5970 2977
f 5970 5967 1213
f 5967 5966 1214
f 2532 1214 5966
f 2894 2532 5953
f 2871 2894 5952
f 5510 5722 5721
f 5822 5825 5824
f 3511 3512 3844
f 3887 3892 3889
f 3876 3879 3878
f 3356 3357 3911
f 3372 3373 3390
f 3849 3854 3851
f 3481 3478 3867
f 3873 3874 3385
f 3875 3375 3450
f 3915 3794 3865
f 3657 3670 3671
f 5618 5973 3013
f 1997 1996 1889
f 1237 745 744
f 1535 1534 120
f 1531 1532 201
f 1119 1241 1032
f 946 948 824
f 163 8 5
f 9041 9178 9175
f 1155 1156 1162
f 427 213 327
f 553 1902 796
f 8732 2232 2231
f 8732 3178 2230
f 2237 3183 3180
f 8734 8735 8736
f 8735 8737 8738
f 8737 8739 8740
f 8739 8741 8742
f 8743 8744 8745
f 8746 8745 8747
f 8749 8750 8748
f 8751 8752 8750
f 8754 8755 8756
f 8757 8758 8755
f 8759 8760 8758
f 8761 8762 8760
f 8763 8764 8762
f 8766 8751 8749
f 8765 8749 8747
f 8767 8747 8745
f 8768 8745 8744
f 8744 8770 8771
f 8770 8741 8772
f 8741 8739 8773
f 8739 8737 8774
f 8737 8735 8775
f 8735 8734 8776
f 8776 8734 8777
f 2904 8778 8779
f 8780 8778 2904
f 8781 8780 2902
f 2875 8782 8781
f 8783 8784 2733
f 2825 8785 8786
f 8788 8789 8790
f 8792 8788 8787
f 2724 2723 8785
f 8787 8790 3115
f 8791 8787 3117
f 8794 8766 8765
f 8793 8765 8767
f 8795 8767 8768
f 8796 8768 8769
f 8797 8769 8771
f 8771 8772 8799
f 8772 8773 8800
f 8773 8774 8801
f 8774 8775 8802
f 8775 8776 8803
f 8776 3184 3056
f 8802 8803 2253
f 8801 8802 2252
f 8800 8801 1727
f 8799 8800 2150
f 8804 8798 8799
f 8805 8797 8798
f 8806 8796 8797
f 8807 8795 8796
f 8793 8795 8807
f 8794 8793 8808
f 8810 8811 8809
f 8808 8807 8806
f 8810 8806 8805
f 8813 8811 8810
f 8812 8805 8804
f 8815 8813 8812
f 8814 8804 1941
f 8755 8750 8752
f 8758 8748 8750
f 8760 8746 8748
f 8762 8743 8746
f 8816 8817 8764
f 8818 8819 8820
f 8816 8763 8782
f 8821 8818 8817
f 8789 8821 8783
f 8818 8821 8789
f 8819 8818 8788
f 8822 8820 8819
f 8823 8819 8792
f 8824 8792 8791
f 2712 8791 3119
f 8826 8822 8823
f 8825 8823 8824
f 8827 8824 2712
f 8828 8827 2711
f 8829 8825 8827
f 8830 8826 8825
f 8743 8762 8764
f 8817 8820 8831
f 8770 8744 8743
f 8741 8770 8831
f 8820 8822 8742
f 8740 8742 8822
f 8738 8740 8826
f 8736 8738 8830
f 8833 8828 2400
f 8834 8829 8828
f 8832 8830 8829
f 8835 8833 2402
f 3058 8835 2707
f 3061 8836 8835
f 8836 8834 8833
f 8733 8736 8832
f 8837 8832 8834
f 8777 8734 8733
f 8838 8733 8837
f 8837 8836 3061
f 1961 3057 8838
f 3057 3184 8777
f 8779 8754 8753
f 8778 8757 8754
f 8780 8759 8757
f 8781 8761 8759
f 8782 8763 8761
f 8821 8816 8784
f 8785 8790 8789
f 2723 3115 8790
f 2875 2733 8784
f 2736 2824 8786
f 2947 8779 8839
f 8815 8814 1360
f 1900 1925 1924
f 1736 1717 1718
f 1955 1952 1943
f 1671 1738 1735
f 1696 1750 1698
f 1800 1865 1864
f 2063 2055 2056
f 1737 1734 1717
f 1751 1735 1697
f 943 9337 9351
f 9108 8839 8753
f 1577 1578 1764
f 9369 1598 1599
f 1945 146 82
f 68 6 7
f 147 1542 1543
f 1109 1135 1133
f 1503 1910 1907
f 1499 1501 1909
f 452 1922 735
f 1824 2068 9287
f 1825 2067 2068
f 1463 1462 1022
f 841 1012 1009
f 1568 1547 1955
f 1910 1503 1502
f 1939 1502 422
f 309 280 1940
f 1804 1851 1866
f 269 1482 1954
f 2065 1607 2060
f 9264 1685 1758
f 280 276 552
f 1875 1873 1869
f 1739 1721 1734
f 5923 5897 5899
f 1778 1779 1790
f 310 1920 1915
f 1909 1908 1906
f 1789 1783 1778
f 978 981 980
f 1584 1759 1731
f 425 426 311
f 148 1543 115
f 2044 9349 9346
f 277 1910 1939
f 1943 1946 1945
f 1461 1462 1463
f 2253 8803 3056
f 2981 2254 8927
f 2209 2998 8927
f 2254 2253 3055
f 2998 926 958
f 2826 2817 2721
f 8928 2739 2721
f 2816 8929 8928
f 2334 2297 2296
f 2298 2297 2334
f 2301 2298 2336
f 2311 2301 2338
f 2312 2311 2354
f 2359 2358 2361
f 2335 2296 2359
f 2414 2413 2365
f 2413 2270 2361
f 2355 2352 2540
f 2541 2540 2539
f 2722 2721 2739
f 3114 2722 2738
f 3110 3112 3121
f 3108 3110 3120
f 3122 1754 3127
f 3112 3122 3126
f 3127 1754 1753
f 3139 3133 2529
f 9196 9227 3133
f 8928 2789 2740
f 8929 2790 2789
f 228 229 91
f 245 244 243
f 248 7 247
f 2 297 296
f 145 146 300
f 327 213 210
f 329 332 331
f 239 241 240
f 373 376 375
f 178 177 176
f 1218 1225 1228
f 9314 1231 1295
f 808 809 824
f 9310 9311 1013
f 9265 9262 1411
f 2154 2149 2159
f 9297 9287 1758
f 306 807 1922
f 2157 2153 1976
f 708 709 2031
f 1450 1226 1227
f 1672 1604 1605
f 1813 1814 1821
f 1717 1716 1715
f 176 159 402
f 1710 1705 9368
f 1712 1580 1577
f 1705 1713 1711
f 3435 3476 3475
f 971 978 979
f 822 823 1094
f 2909 2810 2793
f 2810 2769 2795
f 2799 2910 2249
f 9114 9095 2910
f 2769 2768 2801
f 3177 3176 3178
f 3178 8732 3180
f 3181 1394 1393
f 3181 1633 1632
f 3182 1632 2244
f 3183 2244 2243
f 8932 2791 2790
f 2808 8932 8929
f 2239 9018 9016
f 1149 1150 9015
f 1150 2009 9011
f 2202 9013 9010
f 2921 9008 9009
f 9012 9004 2133
f 1777 1579 1759
f 1201 1196 1183
f 9005 8998 2195
f 8997 9020 2770
f 9379 9377 1687
f 1516 152 154
f 8993 9006 2974
f 8994 8992 2779
f 2771 2772 9019
f 3070 2771 8990
f 8991 8988 2775
f 1376 1375 1370
f 2767 8987 9000
f 2195 8998 8987
f 2775 8988 8986
f 8344 5617 8989
f 9256 9254 8983
f 2776 8986 8982
f 2240 9016 8979
f 2920 8979 9121
f 8992 8978 2786
f 1805 1850 1851
f 8978 8976 2787
f 2951 2773 8984
f 2772 2951 8975
f 2973 2224 8974
f 2224 2223 8981
f 1957 1953 320
f 306 305 304
f 2770 9020 8972
f 2913 8972 9018
f 2923 9009 8971
f 308 1940 431
f 207 208 132
f 1879 1876 1881
f 9185 9239 8969
f 2475 3070 9002
f 2476 2475 8968
f 2223 2476 8967
f 8966 8993 2803
f 2037 9007 11
f 1959 1958 450
f 2003 8999 8964
f 9 10 334
f 2009 2008 8962
f 2008 2973 8980
f 9329 672 673
f 8959 8994 2778
f 2935 8958 8957
f 111 1149 9014
f 3238 3342 3341
f 8954 8958 2935
f 683 9328 9337
f 8952 9001 2810
f 736 733 732
f 1795 1804 1803
f 8949 8954 2938
f 8951 8949 2939
f 2950 8956 8948
f 2940 2949 8948
f 9253 9243 8956
f 2868 8953 8946
f 2869 8946 8966
f 1024 1034 1023
f 8944 8947 2948
f 551 1939 442
f 2972 8943 9012
f 2032 8977 8943
f 216 93 1924
f 3532 3534 3482
f 203 202 201
f 3539 3542 3541
f 1828 1848 1847
f 1958 1957 449
f 272 271 178
f 2871 8989 8939
f 9071 9121 9008
f 2801 2768 9095
f 2005 9210 9106
f 960 886 899
f 9109 9107 9064
f 9232 9240 9098
f 3151 9098 9045
f 2193 9056 9075
f 9059 9055 3145
f 9055 9101 2761
f 9044 9059 3144
f 2926 9110 9086
f 9086 9044 3104
f 9207 9206 9198
f 566 567 9210
f 8839 9108 1864
f 1602 1586 2079
f 2868 9110 9063
f 2922 9063 9062
f 2923 9062 9070
f 9122 9065 2918
f 9071 9122 9066
f 2921 9070 9122
f 2920 9066 9038
f 9065 9094 2915
f 2917 2766 9074
f 2916 2917 9093
f 2239 9039 9104
f 2911 9092 9104
f 9095 9092 2911
f 2797 2801 9114
f 2797 9043 9050
f 9074 9080 2763
f 9060 9080 2764
f 2194 9075 9100
f 2221 9100 9101
f 2756 9060 9061
f 2750 9050 9061
f 9121 8979 1817
f 9215 9222 1691
f 2515 9073 9042
f 2548 9042 9045
f 2513 2489 9084
f 2513 9068 9073
f 2509 9085 9072
f 2510 9084 9085
f 2289 9072 9091
f 2283 9091 9069
f 2240 9038 9039
f 9111 9109 9076
f 716 2121 9339
f 727 1999 9213
f 2165 2171 2170
f 9112 9111 9078
f 9195 9033 9030
f 2175 2172 769
f 2100 500 2095
f 9210 567 9209
f 640 9004 9012
f 1653 9020 8997
f 1895 8980 8974
f 746 8974 8981
f 1653 1810 8972
f 9214 1603 1604
f 2093 2075 2073
f 959 996 995
f 962 899 919
f 1400 1401 1398
f 1000 817 1127
f 956 959 884
f 1662 8992 8994
f 2034 9002 8990
f 9378 1689 8983
f 8979 9016 766
f 9016 9018 765
f 334 9014 9015
f 1868 8975 8984
f 1684 1651 1652
f 1682 1683 775
f 1585 1603 9214
f 9215 9214 1672
f 2173 2174 490
f 1658 8988 8991
f 9000 8987 1650
f 1571 9206 2010
f 1587 9116 9123
f 2099 2095 2077
f 787 9213 1999
f 2000 9146 786
f 3155 339 9149
f 9165 3155 9135
f 2180 2179 9137
f 8940 2180 9136
f 1684 9298 9292
f 1760 464 8939
f 2607 9141 9145
f 2581 9128 9141
f 2371 2502 9152
f 2371 9147 9145
f 2587 9128 9127
f 2586 9127 9149
f 2497 9143 9139
f 2502 2503 9139
f 2494 9143 9142
f 9142 9140 2472
f 9140 9153 2468
f 9153 9155 2469
f 726 9360 9344
f 581 9011 8962
f 10 8955 9014
f 1837 8958 8954
f 741 8981 8967
f 1299 8968 9002
f 1851 8951 8948
f 8971 9009 1820
f 580 8962 8980
f 1758 1685 8966
f 1693 9001 8952
f 8948 8956 1867
f 1894 1826 9012
f 2126 1418 9265
f 9358 2126 9293
f 2113 9363 9319
f 2179 9165 9241
f 624 9355 9356
f 2192 9056 9240
f 2177 8985 9239
f 1364 9276 9285
f 9310 9307 1470
f 3135 1753 9227
f 2069 9264 9287
f 1351 9313 9305
f 2108 9334 9353
f 2089 2092 9188
f 9280 9286 1358
f 2001 9201 9235
f 2187 9235 9171
f 2130 9208 9204
f 2004 9204 9201
f 2014 9176 9231
f 2201 9231 9208
f 3167 9172 9211
f 3168 9176 9172
f 3159 9161 9216
f 3160 9216 9217
f 9182 9159 3158
f 3158 9159 9161
f 2200 3069 9182
f 9137 9241 9194
f 9174 9226 2197
f 9242 9188 2092
f 9226 9242 9173
f 3154 9158 9242
f 3155 9165 9158
f 2091 9171 9173
f 2196 3148 9202
f 2193 2196 9228
f 9056 2193 9233
f 2086 2192 9232
f 2087 2086 9230
f 2204 9194 9203
f 2205 9203 9202
f 9361 9338 574
f 2124 2087 9229
f 2208 2124 9212
f 9163 9237 3140
f 9237 9197 3138
f 9197 9196 3139
f 9223 9164 3136
f 9164 9163 3137
f 9227 9219 3131
f 9219 9234 3132
f 1813 9291 9290
f 1293 9306 9308
f 2184 2321 9200
f 2181 2184 9184
f 9217 9220 3079
f 9220 9186 3080
f 709 9325 9327
f 2774 2961 9189
f 9238 9221 2134
f 9261 9260 766
f 2968 9236 9218
f 2969 9211 9236
f 2958 9199 9189
f 2132 9199 9218
f 2321 2185 9223
f 9312 9300 1449
f 9357 9326 582
f 9338 9341 577
f 9299 9278 1818
f 705 9354 9339
f 9268 9364 9359
f 2111 9335 9363
f 9262 9281 1366
f 1812 9291 9274
f 675 9303 9304
f 8940 9157 9303
f 2110 9319 9320
f 2104 9348 9353
f 2109 9320 9351
f 9294 9283 703
f 1680 9263 9298
f 1639 1627 9271
f 623 9356 9358
f 2139 2140 9318
f 1808 1640 9296
f 9272 9273 1819
f 9324 9366 9352
f 1646 9284 9282
f 9341 9342 633
f 2139 9317 9327
f 2156 2155 9323
f 674 9304 9365
f 2117 9269 9264
f 1815 9274 9299
f 9307 9301 1444
f 697 9358 9364
f 866 842 9288
f 9316 9321 2136
f 9037 9183 9178
f 9035 9192 9183
f 9205 9198 9190
f 9192 9035 9033
f 1088 9190 9198
f 9191 9192 9195
f 2791 8932 8933
f 8932 2808 2807
f 2792 8933 8934
f 8933 2807 2806
f 8952 2909 8934
f 8960 8934 2806
f 2948 8947 9243
f 2105 9360 9348
f 8982 9254 9256
f 680 9330 9328
f 1891 1890 9362
f 2905 9251 9253
f 2900 9249 9251
f 2901 9249 9259
f 2734 2878 9258
f 2877 9259 9258
f 2820 9252 9246
f 2818 9248 9244
f 2823 9245 9244
f 2822 9245 9250
f 2819 2735 9252
f 2817 9248 9247
f 2809 9257 9247
f 2808 9257 9255
f 2805 9256 9255
f 1702 9373 9375
f 9374 9372 1797
f 9367 9368 1706
f 9370 9379 1692
f 1657 9350 9332
f 1890 1877 9347
f 9224 9222 1674
f 1689 1690 9224
f 9378 9254 8982
f 8960 8983 1689
f 9369 9375 1703
f 1598 9369 9380
f 9332 9336 1876
f 1691 1690 9377
f 9377 9378 1688
f 9386 9385 9389
f 9386 9390 9391
f 9384 9388 9389
f 9390 9394 9395
f 9389 9388 9392
f 9389 9393 9394
f 9394 9398 9399
f 9393 9392 9396
f 9394 9393 9397
f 9399 9398 9402
f 9396 9400 9401
f 9397 9401 9402
f 9402 9406 9407
f 9401 9400 9404
f 9402 9401 9405
f 9407 9406 9410
f 9405 9404 9408
f 9405 9409 9410
f 9411 9410 9414
f 9409 9408 9412
f 9410 9409 9413
f 9414 9418 9419
f 9412 9416 9417
f 9413 9417 9418
f 9418 9422 9423
f 9417 9416 9420
f 9418 9417 9421
f 9422 9426 9427
f 9420 9424 9425
f 9421 9425 9426
f 9426 9430 9431
f 9425 9424 9428
f 9426 9425 9429
f 9431 9430 9434
f 9428 9432 9433
f 9429 9433 9434
f 9434 9438 9439
f 9433 9432 9436
f 9434 9433 9437
f 9439 9438 9442
f 9436 9440 9441
f 9437 9441 9442
f 9443 9442 9446
f 9441 9440 9444
f 9442 9441 9445
f 9447 9446 9450
f 9444 9448 9449
f 9445 9449 9450
f 9450 9454 9455
f 9449 9448 9452
f 9450 9449 9453
f 9454 9458 9459
f 9452 9456 9457
f 9453 9457 9458
f 9458 9462 9463
f 9457 9456 9460
f 9458 9457 9461
f 9463 9462 9466
f 9460 9464 9465
f 9461 9465 9466
f 9466 9470 9471
f 9465 9464 9468
f 9466 9465 9469
f 9471 9470 9474
f 9468 9472 9473
f 9469 9473 9474
f 9475 9474 9478
f 9473 9472 9476
f 9474 9473 9477
f 9479 9478 9482
f 9476 9480 9481
f 9477 9481 9482
f 9483 9482 9486
f 9481 9480 9484
f 9482 9481 9485
f 9486 9490 9491
f 9484 9488 9489
f 9485 9489 9490
f 9490 9494 9495
f 9489 9488 9492
f 9490 9489 9493
f 9495 9494 9498
f 9492 9496 9497
f 9493 9497 9498
f 9498 9502 9503
f 9497 9496 9500
f 9498 9497 9501
f 9503 9502 9507
f 9500 9505 9506
f 9501 9506 9507
f 9508 9507 9511
f 9505 9509 9510
f 9507 9506 9510
f 9512 9511 9386
f 9510 9509 9384
f 9510 9385 9386
f 9521 9520 9533
f 9518 9531 9532
f 9517 9516 9529
f 9515 9514 9527
f 9523 9536 9537
f 9521 9534 9535
f 9519 9532 9533
f 9518 9517 9530
f 9515 9528 9529
f 9513 9526 9527
f 9524 9537 9538
f 9523 9522 9535
f 9528 9541 9542
f 9526 9539 9540
f 9538 9537 9550
f 9535 9548 9549
f 9534 9533 9546
f 9531 9544 9545
f 9530 9529 9542
f 9528 9527 9540
f 9537 9536 9549
f 9534 9547 9548
f 9532 9545 9546
f 9531 9530 9543
f 9541 9554 9555
f 9540 9539 9552
f 9550 9563 9564
f 9548 9561 9562
f 9547 9546 9559
f 9544 9557 9558
f 9542 9555 9556
f 9541 9540 9553
f 9549 9562 9563
f 9547 9560 9561
f 9546 9545 9558
f 9544 9543 9556
f 9555 9554 9567
f 9552 9565 9566
f 9564 9563 9576
f 9562 9561 9574
f 9559 9572 9573
f 9557 9570 9571
f 9555 9568 9569
f 9553 9566 9567
f 9562 9575 9576
f 9561 9560 9573
f 9559 9558 9571
f 9557 9556 9569
f 9567 9580 9581
f 9566 9565 9578
f 9576 9589 9590
f 9575 9574 9587
f 9572 9585 9586
f 9571 9570 9583
f 9569 9568 9581
f 9566 9579 9580
f 9576 9575 9588
f 9574 9573 9586
f 9571 9584 9585
f 9569 9582 9583
f 9581 9580 9593
f 9578 9591 9592
f 9590 9589 9602
f 9588 9587 9600
f 9585 9598 9599
f 9583 9596 9597
f 9582 9581 9594
f 9579 9592 9593
f 9589 9588 9601
f 9587 9586 9599
f 9584 9597 9598
f 9583 9582 9595
f 9594 9593 9606
f 9592 9591 9604
f 9602 9615 9616
f 9601 9600 9613
f 9598 9611 9612
f 9596 9609 9610
f 9594 9607 9608
f 9592 9605 9606
f 9601 9614 9615
f 9600 9599 9612
f 9598 9597 9610
f 9596 9595 9608
f 9607 9606 9619
f 9605 9604 9617
f 9615 9628 9629
f 9613 9626 9627
f 9611 9624 9625
f 9610 9609 9622
f 9607 9620 9621
f 9605 9618 9619
f 9615 9614 9627
f 9613 9612 9625
f 9611 9610 9623
f 9608 9621 9622
f 9619 9632 9633
f 9617 9630 9631
f 9628 9641 9642
f 9627 9626 9639
f 9625 9624 9637
f 9622 9635 9636
f 9621 9620 9633
f 9619 9618 9631
f 9627 9640 9641
f 9625 9638 9639
f 9623 9636 9637
f 9622 9621 9634
f 9632 9645 9646
f 9630 9643 9644
f 9642 9641 9654
f 9639 9652 9653
f 9638 9637 9650
f 9635 9648 9649
f 9634 9633 9646
f 9632 9631 9644
f 9641 9640 9653
f 9638 9651 9652
f 9636 9649 9650
f 9635 9634 9647
f 9645 9658 9659
f 9644 9643 9656
f 9654 9667 9668
f 9652 9665 9666
f 9651 9650 9663
f 9648 9661 9662
f 9646 9659 9660
f 9645 9644 9657
f 9653 9666 9667
f 9651 9664 9665
f 9650 9649 9662
f 9648 9647 9660
f 9659 9658 9671
f 9656 9669 9670
f 9668 9667 9680
f 9665 9678 9679
f 9663 9676 9677
f 9661 9674 9675
f 9659 9672 9673
f 9657 9670 9671
f 9666 9679 9680
f 9665 9664 9677
f 9663 9662 9675
f 9661 9660 9673
f 9671 9684 9685
f 9670 9669 9682
f 9680 9693 9694
f 9678 9691 9692
f 9677 9676 9689
f 9675 9674 9687
f 9673 9672 9685
f 9670 9683 9684
f 9680 9679 9692
f 9678 9677 9690
f 9675 9688 9689
f 9673 9686 9687
f 9685 9684 9697
f 9682 9695 9696
f 9694 9693 9706
f 9692 9691 9704
f 9689 9702 9703
f 9687 9700 9701
f 9686 9685 9698
f 9683 9696 9697
f 9693 9692 9705
f 9691 9690 9703
f 9688 9701 9702
f 9687 9686 9699
f 9698 9697 9710
f 9696 9695 9708
f 9706 9719 9720
f 9705 9704 9717
f 9702 9715 9716
f 9700 9713 9714
f 9698 9711 9712
f 9696 9709 9710
f 9705 9718 9719
f 9704 9703 9716
f 9702 9701 9714
f 9700 9699 9712
f 9711 9710 9723
f 9709 9708 9721
f 9719 9732 9733
f 9717 9730 9731
f 9715 9728 9729
f 9714 9713 9726
f 9711 9724 9725
f 9709 9722 9723
f 9718 9731 9732
f 9717 9716 9729
f 9715 9714 9727
f 9712 9725 9726
f 9723 9736 9737
f 9721 9734 9735
f 9733 9732 9745
f 9731 9730 9743
f 9729 9728 9741
f 9726 9739 9740
f 9725 9724 9737
f 9723 9722 9735
f 9732 9731 9744
f 9729 9742 9743
f 9727 9740 9741
f 9726 9725 9738
f 9736 9749 9750
f 9734 9747 9748
f 9746 9745 9758
f 9743 9756 9757
f 9742 9741 9754
f 9739 9752 9753
f 9738 9737 9750
f 9736 9735 9748
f 9745 9744 9757
f 9742 9755 9756
f 9740 9753 9754
f 9739 9738 9751
f 9749 9762 9763
f 9748 9747 9760
f 9758 9771 9772
f 9756 9769 9770
f 9755 9754 9767
f 9752 9765 9766
f 9750 9763 9764
f 9749 9748 9761
f 9757 9770 9771
f 9756 9755 9768
f 9754 9753 9766
f 9752 9751 9764
f 9762 9775 9776
f 9760 9773 9774
f 9772 9771 9784
f 9770 9769 9782
f 9768 9767 9780
f 9765 9778 9779
f 9763 9776 9777
f 9762 9761 9774
f 9770 9783 9784
f 9768 9781 9782
f 9767 9766 9779
f 9764 9777 9778
f 9775 9788 9789
f 9774 9773 9786
f 9784 9797 9798
f 9782 9795 9796
f 9781 9780 9793
f 9779 9778 9791
f 9777 9776 9789
f 9774 9787 9788
f 9784 9783 9796
f 9782 9781 9794
f 9779 9792 9793
f 9777 9790 9791
f 9789 9788 9802
f 9786 9800 9801
f 9798 9797 9811
f 9796 9795 9809
f 9793 9807 9808
f 9792 9791 9805
f 9790 9789 9803
f 9787 9801 9802
f 9797 9796 9810
f 9795 9794 9808
f 9792 9806 9807
f 9790 9804 9805
f 9803 9802 9815
f 9801 9800 9813
f 9811 9824 9825
f 9810 9809 9822
f 9807 9820 9821
f 9806 9805 9818
f 9803 9816 9817
f 9801 9814 9815
f 9810 9823 9824
f 9809 9808 9821
f 9807 9806 9819
f 9804 9817 9818
f 9816 9815 9828
f 9814 9813 9826
f 9825 9824 9837
f 9822 9835 9836
f 9820 9833 9834
f 9819 9818 9831
f 9816 9829 9830
f 9814 9827 9828
f 9824 9823 9836
f 9822 9821 9834
f 9820 9819 9832
f 9817 9830 9831
f 9828 9841 9842
f 9826 9839 9840
f 9837 9850 9851
f 9836 9835 9848
f 9834 9833 9846
f 9831 9844 9845
f 9830 9829 9842
f 9828 9827 9840
f 9836 9849 9850
f 9834 9847 9848
f 9832 9845 9846
f 9831 9830 9843
f 9841 9854 9855
f 9839 9852 9853
f 9851 9850 9863
f 9848 9861 9862
f 9847 9846 9859
f 9845 9844 9857
f 9843 9842 9855
f 9841 9840 9853
f 9850 9849 9862
f 9847 9860 9861
f 9845 9858 9859
f 9843 9856 9857
f 9854 9867 9868
f 9853 9852 9865
f 9863 9876 9877
f 9861 9874 9875
f 9860 9859 9872
f 9858 9857 9870
f 9855 9868 9869
f 9854 9853 9866
f 9862 9875 9876
f 9860 9873 9874
f 9859 9858 9871
f 9856 9869 9870
f 9868 9867 9880
f 9865 9878 9879
f 9877 9876 9889
f 9875 9874 9887
f 9873 9872 9885
f 9870 9883 9884
f 9868 9881 9882
f 9867 9866 9879
f 9875 9888 9889
f 9873 9886 9887
f 9872 9871 9884
f 9870 9869 9882
f 9880 9893 9894
f 9878 9891 9892
f 9889 9902 9903
f 9887 9900 9901
f 9886 9885 9898
f 9884 9883 9896
f 9882 9881 9894
f 9879 9892 9893
f 9889 9888 9901
f 9887 9886 9899
f 9884 9897 9898
f 9882 9895 9896
f 9894 9893 9906
f 9891 9904 9905
f 9903 9902 9915
f 9901 9900 9913
f 9898 9911 9912
f 9896 9909 9910
f 9895 9894 9907
f 9892 9905 9906
f 9902 9901 9914
f 9899 9912 9913
f 9897 9910 9911
f 9896 9895 9908
f 9907 9906 9919
f 9905 9904 9917
f 9915 9928 9929
f 9914 9913 9926
f 9911 9924 9925
f 9909 9922 9923
f 9907 9920 9921
f 9905 9918 9919
f 9914 9927 9928
f 9913 9912 9925
f 9911 9910 9923
f 9909 9908 9921
f 9920 9919 9515
f 9918 9917 9513
f 9929 9928 9524
f 9926 9522 9523
f 9924 9520 9521
f 9923 9922 9518
f 9920 9516 9517
f 9918 9514 9515
f 9928 9927 9523
f 9926 9925 9521
f 9924 9923 9519
f 9921 9517 9518
f 9387 9513 9917
f 9917 9904 9508
f 9904 9891 9503
f 9891 9878 9499
f 9499 9878 9865
f 9495 9865 9852
f 9491 9852 9839
f 9839 9826 9483
f 9483 9826 9813
f 9813 9800 9475
f 9800 9786 9471
f 9786 9773 9467
f 9467 9773 9760
f 9463 9760 9747
f 9459 9747 9734
f 9734 9721 9451
f 9451 9721 9708
f 9708 9695 9443
f 9695 9682 9439
f 9682 9669 9435
f 9435 9669 9656
f 9431 9656 9643
f 9427 9643 9630
f 9630 9617 9419
f 9419 9617 9604
f 9604 9591 9411
f 9591 9578 9407
f 9578 9565 9403
f 9403 9565 9552
f 9399 9552 9539
f 9395 9539 9526
f 9526 9513 9387
f 9932 9931 9935
f 9932 9936 9937
f 9931 9930 9934
f 9936 9940 9941
f 9934 9938 9939
f 9935 9939 9940
f 9940 9944 9945
f 9939 9938 9942
f 9940 9939 9943
f 9945 9944 9948
f 9942 9946 9947
f 9943 9947 9948
f 9948 9952 9953
f 9947 9946 9950
f 9948 9947 9951
f 9953 9952 9956
f 9950 9954 9955
f 9951 9955 9956
f 9957 9956 9960
f 9955 9954 9958
f 9956 9955 9959
f 9961 9960 9964
f 9958 9962 9963
f 9959 9963 9964
f 9965 9964 9968
f 9963 9962 9966
f 9964 9963 9967
f 9968 9972 9973
f 9966 9970 9971
f 9967 9971 9972
f 9972 9976 9977
f 9970 9974 9975
f 9972 9971 9975
f 9977 9976 9980
f 9974 9978 9979
f 9975 9979 9980
f 9980 9984 9985
f 9979 9978 9982
f 9980 9979 9983
f 9985 9984 9988
f 9982 9986 9987
f 9983 9987 9988
f 9989 9988 9992
f 9986 9990 9991
f 9988 9987 9991
f 9993 9992 9996
f 9991 9990 9994
f 9991 9995 9996
f 9996 10000 10001
f 9994 9998 9999
f 9996 9995 9999
f 10000 10004 10005
f 9999 9998 10002
f 9999 10003 10004
f 10004 10008 10009
f 10003 10002 10006
f 10004 10003 10007
f 10009 10008 10012
f 10006 10010 10011
f 10007 10011 10012
f 10012 10016 10017
f 10011 10010 10014
f 10012 10011 10015
f 10017 10016 10020
f 10014 10018 10019
f 10015 10019 10020
f 10021 10020 10024
f 10019 10018 10022
f 10020 10019 10023
f 10024 10028 10029
f 10022 10026 10027
f 10023 10027 10028
f 10028 10032 10033
f 10027 10026 10030
f 10028 10027 10031
f 10032 10036 10037
f 10030 10034 10035
f 10031 10035 10036
f 10036 10040 10041
f 10035 10034 10038
f 10036 10035 10039
f 10041 10040 10044
f 10038 10042 10043
f 10039 10043 10044
f 10044 10048 10049
f 10043 10042 10046
f 10044 10043 10047
f 10049 10048 10053
f 10046 10051 10052
f 10047 10052 10053
f 10054 10053 10057
f 10052 10051 10055
f 10053 10052 10056
f 10058 10057 9932
f 10055 9930 9931
f 10056 9931 9932
f 10067 10066 10079
f 10064 10077 10078
f 10063 10062 10075
f 10061 10060 10073
f 10070 10069 10082
f 10067 10080 10081
f 10065 10078 10079
f 10064 10063 10076
f 10061 10074 10075
f 10059 10072 10073
f 10071 10070 10083
f 10069 10068 10081
f 10074 10087 10088
f 10072 10085 10086
f 10084 10083 10096
f 10081 10094 10095
f 10080 10079 10092
f 10078 10077 10090
f 10076 10075 10088
f 10074 10073 10086
f 10083 10082 10095
f 10080 10093 10094
f 10078 10091 10092
f 10076 10089 10090
f 10087 10100 10101
f 10086 10085 10098
f 10096 10109 10110
f 10094 10107 10108
f 10093 10092 10105
f 10091 10090 10103
f 10088 10101 10102
f 10087 10086 10099
f 10095 10108 10109
f 10094 10093 10106
f 10092 10091 10104
f 10089 10102 10103
f 10100 10113 10114
f 10098 10111 10112
f 10110 10109 10122
f 10108 10107 10120
f 10105 10118 10119
f 10103 10116 10117
f 10101 10114 10115
f 10100 10099 10112
f 10108 10121 10122
f 10106 10119 10120
f 10105 10104 10117
f 10103 10102 10115
f 10113 10126 10127
f 10112 10111 10124
f 10122 10135 10136
f 10120 10133 10134
f 10119 10118 10131
f 10117 10116 10129
f 10115 10114 10127
f 10113 10112 10125
f 10122 10121 10134
f 10119 10132 10133
f 10117 10130 10131
f 10115 10128 10129
f 10127 10126 10139
f 10124 10137 10138
f 10136 10135 10148
f 10134 10133 10146
f 10131 10144 10145
f 10130 10129 10142
f 10128 10127 10140
f 10125 10138 10139
f 10135 10134 10147
f 10133 10132 10145
f 10130 10143 10144
f 10128 10141 10142
f 10140 10139 10152
f 10138 10137 10150
f 10148 10161 10162
f 10147 10146 10159
f 10144 10157 10158
f 10143 10142 10155
f 10140 10153 10154
f 10138 10151 10152
f 10147 10160 10161
f 10146 10145 10158
f 10144 10143 10156
f 10141 10154 10155
f 10153 10152 10165
f 10151 10150 10163
f 10162 10161 10174
f 10159 10172 10173
f 10157 10170 10171
f 10156 10155 10168
f 10153 10166 10167
f 10151 10164 10165
f 10161 10160 10173
f 10159 10158 10171
f 10157 10156 10169
f 10154 10167 10168
f 10165 10178 10179
f 10163 10176 10177
f 10175 10174 10187
f 10173 10172 10185
f 10171 10170 10183
f 10168 10181 10182
f 10167 10166 10179
f 10165 10164 10177
f 10173 10186 10187
f 10171 10184 10185
f 10169 10182 10183
f 10168 10167 10180
f 10178 10191 10192
f 10176 10189 10190
f 10188 10187 10200
f 10185 10198 10199
f 10184 10183 10196
f 10182 10181 10194
f 10180 10179 10192
f 10178 10177 10190
f 10187 10186 10199
f 10184 10197 10198
f 10182 10195 10196
f 10180 10193 10194
f 10191 10204 10205
f 10190 10189 10202
f 10200 10213 10214
f 10198 10211 10212
f 10197 10196 10209
f 10195 10194 10207
f 10192 10205 10206
f 10191 10190 10203
f 10199 10212 10213
f 10197 10210 10211
f 10196 10195 10208
f 10193 10206 10207
f 10205 10204 10217
f 10202 10215 10216
f 10214 10213 10226
f 10211 10224 10225
f 10210 10209 10222
f 10207 10220 10221
f 10205 10218 10219
f 10204 10203 10216
f 10212 10225 10226
f 10210 10223 10224
f 10209 10208 10221
f 10207 10206 10219
f 10217 10230 10231
f 10216 10215 10228
f 10226 10239 10240
f 10224 10237 10238
f 10223 10222 10235
f 10221 10220 10233
f 10219 10218 10231
f 10217 10216 10229
f 10226 10225 10238
f 10223 10236 10237
f 10221 10234 10235
f 10219 10232 10233
f 10231 10230 10243
f 10228 10241 10242
f 10240 10239 10252
f 10238 10237 10250
f 10235 10248 10249
f 10234 10233 10246
f 10232 10231 10244
f 10229 10242 10243
f 10239 10238 10251
f 10237 10236 10249
f 10234 10247 10248
f 10232 10245 10246
f 10244 10243 10256
f 10242 10241 10254
f 10252 10265 10266
f 10251 10250 10263
f 10248 10261 10262
f 10247 10246 10259
f 10244 10257 10258
f 10242 10255 10256
f 10251 10264 10265
f 10250 10249 10262
f 10248 10247 10260
f 10245 10258 10259
f 10257 10256 10269
f 10255 10254 10267
f 10266 10265 10278
f 10263 10276 10277
f 10261 10274 10275
f 10260 10259 10272
f 10257 10270 10271
f 10255 10268 10269
f 10265 10264 10277
f 10263 10262 10275
f 10261 10260 10273
f 10258 10271 10272
f 10269 10282 10283
f 10267 10280 10281
f 10278 10291 10292
f 10277 10276 10289
f 10275 10274 10287
f 10272 10285 10286
f 10271 10270 10283
f 10269 10268 10281
f 10277 10290 10291
f 10275 10288 10289
f 10273 10286 10287
f 10272 10271 10284
f 10282 10295 10296
f 10280 10293 10294
f 10292 10291 10304
f 10289 10302 10303
f 10288 10287 10300
f 10286 10285 10298
f 10284 10283 10296
f 10282 10281 10294
f 10291 10290 10303
f 10288 10301 10302
f 10286 10299 10300
f 10284 10297 10298
f 10295 10308 10309
f 10294 10293 10306
f 10304 10317 10318
f 10302 10315 10316
f 10301 10300 10313
f 10299 10298 10311
f 10296 10309 10310
f 10295 10294 10307
f 10303 10316 10317
f 10301 10314 10315
f 10300 10299 10312
f 10297 10310 10311
f 10309 10308 10321
f 10307 10306 10319
f 10318 10317 10330
f 10316 10315 10328
f 10314 10313 10326
f 10311 10324 10325
f 10309 10322 10323
f 10308 10307 10320
f 10316 10329 10330
f 10314 10327 10328
f 10313 10312 10325
f 10311 10310 10323
f 10321 10334 10335
f 10320 10319 10332
f 10330 10343 10344
f 10329 10328 10341
f 10326 10339 10340
f 10325 10324 10337
f 10323 10322 10335
f 10320 10333 10334
f 10330 10329 10342
f 10328 10327 10340
f 10325 10338 10339
f 10323 10336 10337
f 10335 10334 10348
f 10332 10346 10347
f 10344 10343 10357
f 10342 10341 10355
f 10339 10353 10354
f 10337 10351 10352
f 10336 10335 10349
f 10333 10347 10348
f 10343 10342 10356
f 10341 10340 10354
f 10338 10352 10353
f 10337 10336 10350
f 10349 10348 10361
f 10347 10346 10359
f 10357 10370 10371
f 10356 10355 10368
f 10353 10366 10367
f 10351 10364 10365
f 10349 10362 10363
f 10347 10360 10361
f 10356 10369 10370
f 10355 10354 10367
f 10353 10352 10365
f 10351 10350 10363
f 10362 10361 10374
f 10360 10359 10372
f 10371 10370 10383
f 10368 10381 10382
f 10366 10379 10380
f 10365 10364 10377
f 10362 10375 10376
f 10360 10373 10374
f 10370 10369 10382
f 10368 10367 10380
f 10366 10365 10378
f 10363 10376 10377
f 10374 10387 10388
f 10372 10385 10386
f 10383 10396 10397
f 10382 10381 10394
f 10380 10379 10392
f 10377 10390 10391
f 10376 10375 10388
f 10374 10373 10386
f 10382 10395 10396
f 10380 10393 10394
f 10378 10391 10392
f 10377 10376 10389
f 10387 10400 10401
f 10385 10398 10399
f 10397 10396 10409
f 10394 10407 10408
f 10393 10392 10405
f 10390 10403 10404
f 10389 10388 10401
f 10387 10386 10399
f 10396 10395 10408
f 10393 10406 10407
f 10391 10404 10405
f 10390 10389 10402
f 10400 10413 10414
f 10399 10398 10411
f 10409 10422 10423
f 10407 10420 10421
f 10406 10405 10418
f 10403 10416 10417
f 10401 10414 10415
f 10400 10399 10412
f 10408 10421 10422
f 10406 10419 10420
f 10405 10404 10417
f 10403 10402 10415
f 10414 10413 10426
f 10411 10424 10425
f 10423 10422 10435
f 10420 10433 10434
f 10418 10431 10432
f 10416 10429 10430
f 10414 10427 10428
f 10412 10425 10426
f 10421 10434 10435
f 10419 10432 10433
f 10418 10417 10430
f 10416 10415 10428
f 10427 10426 10439
f 10425 10424 10437
f 10435 10448 10449
f 10433 10446 10447
f 10431 10444 10445
f 10430 10429 10442
f 10428 10427 10440
f 10425 10438 10439
f 10435 10434 10447
f 10433 10432 10445
f 10430 10443 10444
f 10428 10441 10442
f 10440 10439 10452
f 10437 10450 10451
f 10449 10448 10461
f 10447 10446 10459
f 10444 10457 10458
f 10443 10442 10455
f 10441 10440 10453
f 10438 10451 10452
f 10448 10447 10460
f 10446 10445 10458
f 10443 10456 10457
f 10441 10454 10455
f 10453 10452 10465
f 10451 10450 10463
f 10461 10474 10475
f 10460 10459 10472
f 10457 10470 10471
f 10456 10455 10468
f 10453 10466 10467
f 10451 10464 10465
f 10460 10473 10474
f 10459 10458 10471
f 10457 10456 10469
f 10454 10467 10468
f 10466 10465 10061
f 10464 10463 10059
f 10474 10070 10071
f 10472 10068 10069
f 10470 10066 10067
f 10469 10468 10064
f 10466 10062 10063
f 10464 10060 10061
f 10473 10069 10070
f 10472 10471 10067
f 10470 10469 10065
f 10467 10063 10064
f 9933 10059 10463
f 10463 10450 10054
f 10450 10437 10049
f 10437 10424 10045
f 10045 10424 10411
f 10041 10411 10398
f 10037 10398 10385
f 10385 10372 10029
f 10029 10372 10359
f 10359 10346 10021
f 10346 10332 10017
f 10332 10319 10013
f 10013 10319 10306
f 10009 10306 10293
f 10005 10293 10280
f 10280 10267 9997
f 9997 10267 10254
f 10254 10241 9989
f 10241 10228 9985
f 10228 10215 9981
f 9981 10215 10202
f 9977 10202 10189
f 9973 10189 10176
f 10176 10163 9965
f 9965 10163 10150
f 10150 10137 9957
f 10137 10124 9953
f 10124 10111 9949
f 9949 10111 10098
f 9945 10098 10085
f 9941 10085 10072
f 10072 10059 9933
